2026-03-25 16:10:36,755 - basicLogger - INFO - Stats calculated: 50 shots, 50 penalties
2026-03-25 16:10:42,232 - basicLogger - INFO - Stats calculated: 50 shots, 50 penalties
2026-03-25 16:10:46,529 - basicLogger - INFO - Stats calculated: 50 shots, 50 penalties
2026-03-25 18:52:00,377 - basicLogger - INFO - Stats calculated: 0 shots, 0 penalties
2026-03-25 18:52:02,738 - basicLogger - INFO - Stats calculated: 0 shots, 0 penalties
2026-03-25 18:52:06,748 - basicLogger - INFO - Stats calculated: 0 shots, 0 penalties
2026-03-25 18:52:10,745 - basicLogger - INFO - Stats calculated: 0 shots, 0 penalties
2026-03-25 18:52:14,745 - basicLogger - INFO - Stats calculated: 0 shots, 0 penalties
2026-03-25 18:52:18,795 - basicLogger - INFO - Stats calculated: 0 shots, 0 penalties
2026-03-25 18:52:22,893 - basicLogger - INFO - Stats calculated: 0 shots, 0 penalties
2026-03-25 18:52:26,990 - basicLogger - INFO - Stats calculated: 0 shots, 0 penalties
2026-03-25 18:52:32,057 - basicLogger - INFO - Stats calculated: 0 shots, 0 penalties
2026-03-25 18:52:38,778 - basicLogger - INFO - Stats calculated: 0 shots, 0 penalties
2026-03-25 18:52:57,523 - basicLogger - INFO - Stats calculated: 0 shots, 0 penalties
2026-03-25 18:53:22,797 - basicLogger - INFO - Stats calculated: 0 shots, 0 penalties
2026-03-25 18:54:00,945 - basicLogger - INFO - Stats calculated: 0 shots, 0 penalties
2026-03-25 18:54:43,550 - basicLogger - INFO - Stats calculated: 0 shots, 0 penalties
2026-03-25 18:54:46,302 - basicLogger - INFO - Stats calculated: 0 shots, 0 penalties
2026-03-25 18:54:50,397 - basicLogger - INFO - Stats calculated: 0 shots, 0 penalties
2026-03-25 18:54:54,401 - basicLogger - INFO - Stats calculated: 0 shots, 0 penalties
2026-03-25 18:54:59,797 - basicLogger - INFO - Stats calculated: 50 shots, 50 penalties
2026-03-25 18:55:02,509 - basicLogger - INFO - Stats calculated: 50 shots, 50 penalties
2026-03-25 18:55:06,119 - basicLogger - INFO - Stats calculated: 50 shots, 50 penalties
2026-03-25 18:55:10,129 - basicLogger - INFO - Stats calculated: 50 shots, 50 penalties
2026-03-25 18:55:14,230 - basicLogger - INFO - Stats calculated: 50 shots, 50 penalties
2026-03-25 18:55:18,328 - basicLogger - INFO - Stats calculated: 50 shots, 50 penalties
2026-03-25 18:55:22,423 - basicLogger - INFO - Stats calculated: 50 shots, 50 penalties
2026-03-25 18:55:26,516 - basicLogger - INFO - Stats calculated: 50 shots, 50 penalties
2026-03-25 18:55:30,624 - basicLogger - INFO - Stats calculated: 50 shots, 50 penalties
2026-03-25 18:55:34,636 - basicLogger - INFO - Stats calculated: 50 shots, 50 penalties
2026-03-25 18:55:38,924 - basicLogger - INFO - Stats calculated: 50 shots, 50 penalties
2026-03-25 18:55:43,488 - basicLogger - INFO - Stats calculated: 50 shots, 50 penalties
2026-03-25 18:55:48,967 - basicLogger - INFO - Stats calculated: 50 shots, 50 penalties
2026-03-25 18:55:58,273 - basicLogger - INFO - Stats calculated: 50 shots, 50 penalties
2026-03-25 18:55:59,899 - basicLogger - INFO - Stats calculated: 50 shots, 50 penalties
2026-03-25 18:56:08,812 - basicLogger - INFO - Stats calculated: 50 shots, 50 penalties
2026-03-25 18:56:18,520 - basicLogger - INFO - Stats calculated: 50 shots, 50 penalties
2026-03-25 18:56:45,706 - basicLogger - INFO - Stats calculated: 50 shots, 50 penalties
2026-03-25 18:57:23,279 - basicLogger - INFO - Stats calculated: 50 shots, 50 penalties
2026-03-25 18:57:47,252 - basicLogger - INFO - Stats calculated: 50 shots, 50 penalties
2026-03-25 18:59:02,456 - basicLogger - INFO - Stats calculated: 50 shots, 50 penalties
2026-03-25 18:59:04,548 - basicLogger - INFO - Stats calculated: 50 shots, 50 penalties
2026-03-25 18:59:08,558 - basicLogger - INFO - Stats calculated: 50 shots, 50 penalties
2026-03-25 18:59:12,557 - basicLogger - INFO - Stats calculated: 50 shots, 50 penalties
2026-03-25 18:59:34,265 - basicLogger - INFO - Stats calculated: 0 shots, 0 penalties
2026-03-25 18:59:36,482 - basicLogger - INFO - Stats calculated: 0 shots, 0 penalties
2026-03-25 18:59:40,502 - basicLogger - INFO - Stats calculated: 0 shots, 0 penalties
2026-03-25 18:59:44,517 - basicLogger - INFO - Stats calculated: 0 shots, 0 penalties
2026-03-25 18:59:48,536 - basicLogger - INFO - Stats calculated: 0 shots, 0 penalties
2026-03-25 18:59:52,556 - basicLogger - INFO - Stats calculated: 0 shots, 0 penalties
2026-03-25 18:59:54,533 - basicLogger - INFO - Stats calculated: 0 shots, 0 penalties
2026-03-25 18:59:58,543 - basicLogger - INFO - Stats calculated: 0 shots, 0 penalties
2026-03-25 19:00:02,541 - basicLogger - INFO - Stats calculated: 0 shots, 0 penalties
2026-03-25 19:00:06,628 - basicLogger - INFO - Stats calculated: 0 shots, 0 penalties
2026-03-25 19:00:10,731 - basicLogger - INFO - Stats calculated: 0 shots, 0 penalties
2026-03-25 19:00:14,837 - basicLogger - INFO - Stats calculated: 0 shots, 0 penalties
2026-03-25 19:00:18,926 - basicLogger - INFO - Stats calculated: 0 shots, 0 penalties
2026-03-25 19:00:25,409 - basicLogger - INFO - Stats calculated: 0 shots, 0 penalties
2026-03-25 19:00:37,454 - basicLogger - INFO - Stats calculated: 0 shots, 0 penalties
2026-03-25 19:00:39,583 - basicLogger - INFO - Stats calculated: 0 shots, 0 penalties
2026-03-25 19:00:43,594 - basicLogger - INFO - Stats calculated: 0 shots, 0 penalties
2026-03-25 19:00:47,687 - basicLogger - INFO - Stats calculated: 0 shots, 0 penalties
2026-03-25 19:00:51,777 - basicLogger - INFO - Stats calculated: 0 shots, 0 penalties
2026-03-25 19:00:55,867 - basicLogger - INFO - Stats calculated: 0 shots, 0 penalties
2026-03-25 19:00:59,960 - basicLogger - INFO - Stats calculated: 0 shots, 0 penalties
2026-03-25 19:01:04,041 - basicLogger - INFO - Stats calculated: 0 shots, 0 penalties
2026-03-25 19:01:08,439 - basicLogger - INFO - Stats calculated: 0 shots, 0 penalties
2026-03-25 19:01:17,614 - basicLogger - INFO - Stats calculated: 0 shots, 0 penalties
2026-03-25 19:01:27,172 - basicLogger - INFO - Stats calculated: 0 shots, 0 penalties
2026-03-25 19:01:28,703 - basicLogger - INFO - Stats calculated: 0 shots, 0 penalties
2026-03-25 19:01:32,716 - basicLogger - INFO - Stats calculated: 0 shots, 0 penalties
2026-03-25 19:01:36,794 - basicLogger - INFO - Stats calculated: 0 shots, 0 penalties
2026-03-25 19:01:41,868 - basicLogger - INFO - Stats calculated: 50 shots, 50 penalties
2026-03-25 19:01:45,001 - basicLogger - INFO - Stats calculated: 50 shots, 50 penalties
2026-03-25 19:01:46,080 - basicLogger - INFO - Stats calculated: 50 shots, 50 penalties
2026-03-25 19:01:50,081 - basicLogger - INFO - Stats calculated: 50 shots, 50 penalties
2026-03-25 19:01:54,091 - basicLogger - INFO - Stats calculated: 50 shots, 50 penalties
2026-03-25 19:01:56,426 - basicLogger - INFO - Stats calculated: 50 shots, 50 penalties
2026-03-25 19:02:00,428 - basicLogger - INFO - Stats calculated: 50 shots, 50 penalties
2026-03-25 19:02:04,518 - basicLogger - INFO - Stats calculated: 50 shots, 50 penalties
2026-03-25 19:02:08,527 - basicLogger - INFO - Stats calculated: 50 shots, 50 penalties
2026-03-25 19:02:12,517 - basicLogger - INFO - Stats calculated: 50 shots, 50 penalties
2026-03-25 19:02:16,630 - basicLogger - INFO - Stats calculated: 50 shots, 50 penalties
2026-03-25 19:02:20,718 - basicLogger - INFO - Stats calculated: 50 shots, 50 penalties
2026-03-25 19:02:27,304 - basicLogger - INFO - Stats calculated: 50 shots, 50 penalties
2026-03-25 19:02:33,997 - basicLogger - INFO - Stats calculated: 50 shots, 50 penalties
2026-03-25 19:02:53,793 - basicLogger - INFO - Stats calculated: 50 shots, 50 penalties
2026-03-25 19:03:01,923 - basicLogger - INFO - Stats calculated: 50 shots, 50 penalties
2026-03-25 19:05:30,196 - basicLogger - INFO - Stats calculated: 0 shots, 0 penalties
2026-03-25 19:07:06,287 - basicLogger - INFO - Searching for shot at index 0...
2026-03-25 19:07:06,289 - basicLogger - INFO - Searching for penalty at index 0...
2026-03-25 19:07:07,290 - basicLogger - ERROR - Shot at index 0 not found in Kafka
2026-03-25 19:07:07,290 - basicLogger - ERROR - Penalty at index 0 not found in Kafka
2026-03-25 19:07:07,291 - basicLogger - INFO - Stats calculated: 0 shots, 0 penalties
2026-03-25 19:07:10,272 - basicLogger - INFO - Searching for shot at index 0...
2026-03-25 19:07:10,275 - basicLogger - INFO - Searching for penalty at index 0...
2026-03-25 19:07:11,275 - basicLogger - ERROR - Shot at index 0 not found in Kafka
2026-03-25 19:07:11,278 - basicLogger - INFO - Stats calculated: 0 shots, 0 penalties
2026-03-25 19:07:11,279 - basicLogger - ERROR - Penalty at index 0 not found in Kafka
2026-03-25 19:07:14,369 - basicLogger - INFO - Searching for shot at index 0...
2026-03-25 19:07:14,370 - basicLogger - INFO - Searching for penalty at index 0...
2026-03-25 19:07:15,371 - basicLogger - ERROR - Shot at index 0 not found in Kafka
2026-03-25 19:07:15,373 - basicLogger - ERROR - Penalty at index 0 not found in Kafka
2026-03-25 19:07:15,374 - basicLogger - INFO - Stats calculated: 0 shots, 0 penalties
2026-03-25 19:07:18,364 - basicLogger - INFO - Searching for shot at index 0...
2026-03-25 19:07:18,365 - basicLogger - INFO - Searching for penalty at index 0...
2026-03-25 19:07:19,365 - basicLogger - INFO - Stats calculated: 0 shots, 0 penalties
2026-03-25 19:07:19,368 - basicLogger - ERROR - Penalty at index 0 not found in Kafka
2026-03-25 19:07:19,368 - basicLogger - ERROR - Shot at index 0 not found in Kafka
2026-03-25 19:07:22,345 - basicLogger - INFO - Searching for shot at index 0...
2026-03-25 19:07:22,346 - basicLogger - INFO - Searching for penalty at index 0...
2026-03-25 19:07:23,347 - basicLogger - INFO - Stats calculated: 0 shots, 0 penalties
2026-03-25 19:07:23,348 - basicLogger - ERROR - Penalty at index 0 not found in Kafka
2026-03-25 19:07:23,349 - basicLogger - ERROR - Shot at index 0 not found in Kafka
2026-03-25 19:07:26,353 - basicLogger - INFO - Searching for penalty at index 0...
2026-03-25 19:07:26,355 - basicLogger - INFO - Searching for shot at index 0...
2026-03-25 19:07:27,356 - basicLogger - ERROR - Penalty at index 0 not found in Kafka
2026-03-25 19:07:27,357 - basicLogger - ERROR - Shot at index 0 not found in Kafka
2026-03-25 19:07:27,360 - basicLogger - INFO - Stats calculated: 0 shots, 0 penalties
2026-03-25 19:07:30,382 - basicLogger - INFO - Searching for shot at index 0...
2026-03-25 19:07:30,384 - basicLogger - INFO - Searching for penalty at index 0...
2026-03-25 19:07:31,383 - basicLogger - INFO - Stats calculated: 0 shots, 0 penalties
2026-03-25 19:07:31,385 - basicLogger - ERROR - Shot at index 0 not found in Kafka
2026-03-25 19:07:31,386 - basicLogger - ERROR - Penalty at index 0 not found in Kafka
2026-03-25 19:07:34,407 - basicLogger - INFO - Searching for shot at index 0...
2026-03-25 19:07:34,408 - basicLogger - INFO - Searching for penalty at index 0...
2026-03-25 19:07:35,409 - basicLogger - ERROR - Penalty at index 0 not found in Kafka
2026-03-25 19:07:35,409 - basicLogger - ERROR - Shot at index 0 not found in Kafka
2026-03-25 19:07:35,411 - basicLogger - INFO - Stats calculated: 0 shots, 0 penalties
2026-03-25 19:07:38,426 - basicLogger - INFO - Searching for shot at index 0...
2026-03-25 19:07:38,426 - basicLogger - INFO - Searching for penalty at index 0...
2026-03-25 19:07:39,429 - basicLogger - ERROR - Penalty at index 0 not found in Kafka
2026-03-25 19:07:39,429 - basicLogger - ERROR - Shot at index 0 not found in Kafka
2026-03-25 19:07:39,431 - basicLogger - INFO - Stats calculated: 0 shots, 0 penalties
2026-03-25 19:07:42,439 - basicLogger - INFO - Searching for shot at index 0...
2026-03-25 19:07:42,439 - basicLogger - INFO - Searching for penalty at index 0...
2026-03-25 19:07:43,437 - basicLogger - INFO - Stats calculated: 0 shots, 0 penalties
2026-03-25 19:07:43,441 - basicLogger - ERROR - Shot at index 0 not found in Kafka
2026-03-25 19:07:43,442 - basicLogger - ERROR - Penalty at index 0 not found in Kafka
2026-03-25 19:07:47,349 - basicLogger - INFO - Searching for shot at index 0...
2026-03-25 19:07:47,351 - basicLogger - INFO - Searching for penalty at index 0...
2026-03-25 19:07:48,353 - basicLogger - INFO - Stats calculated: 0 shots, 0 penalties
2026-03-25 19:07:48,353 - basicLogger - ERROR - Shot at index 0 not found in Kafka
2026-03-25 19:07:48,356 - basicLogger - ERROR - Penalty at index 0 not found in Kafka
2026-03-25 19:07:51,761 - basicLogger - INFO - Searching for penalty at index 0...
2026-03-25 19:07:51,762 - basicLogger - INFO - Searching for shot at index 0...
2026-03-25 19:07:52,760 - basicLogger - INFO - Stats calculated: 0 shots, 0 penalties
2026-03-25 19:07:52,764 - basicLogger - ERROR - Penalty at index 0 not found in Kafka
2026-03-25 19:07:52,764 - basicLogger - ERROR - Shot at index 0 not found in Kafka
2026-03-25 19:08:04,734 - basicLogger - INFO - Searching for shot at index 0...
2026-03-25 19:08:04,736 - basicLogger - INFO - Searching for penalty at index 0...
2026-03-25 19:08:05,737 - basicLogger - ERROR - Shot at index 0 not found in Kafka
2026-03-25 19:08:05,737 - basicLogger - INFO - Stats calculated: 0 shots, 0 penalties
2026-03-25 19:08:05,740 - basicLogger - ERROR - Penalty at index 0 not found in Kafka
2026-03-25 19:08:11,447 - basicLogger - INFO - Searching for penalty at index 0...
2026-03-25 19:08:11,449 - basicLogger - INFO - Searching for shot at index 0...
2026-03-25 19:08:12,448 - basicLogger - INFO - Stats calculated: 0 shots, 0 penalties
2026-03-25 19:08:12,449 - basicLogger - ERROR - Penalty at index 0 not found in Kafka
2026-03-25 19:08:12,451 - basicLogger - ERROR - Shot at index 0 not found in Kafka
2026-03-25 19:08:30,534 - basicLogger - INFO - Searching for shot at index 0...
2026-03-25 19:08:30,535 - basicLogger - INFO - Searching for penalty at index 0...
2026-03-25 19:08:31,538 - basicLogger - ERROR - Shot at index 0 not found in Kafka
2026-03-25 19:08:31,538 - basicLogger - INFO - Stats calculated: 0 shots, 0 penalties
2026-03-25 19:08:31,538 - basicLogger - ERROR - Penalty at index 0 not found in Kafka
2026-03-25 19:08:39,232 - basicLogger - INFO - Searching for shot at index 0...
2026-03-25 19:08:39,233 - basicLogger - INFO - Searching for penalty at index 0...
2026-03-25 19:08:40,235 - basicLogger - INFO - Stats calculated: 0 shots, 0 penalties
2026-03-25 19:08:40,235 - basicLogger - ERROR - Shot at index 0 not found in Kafka
2026-03-25 19:08:40,235 - basicLogger - ERROR - Penalty at index 0 not found in Kafka
2026-03-25 19:09:17,472 - basicLogger - INFO - Searching for penalty at index 0...
2026-03-25 19:09:17,473 - basicLogger - INFO - Searching for shot at index 0...
2026-03-25 19:09:18,474 - basicLogger - INFO - Stats calculated: 0 shots, 0 penalties
2026-03-25 19:09:18,474 - basicLogger - ERROR - Penalty at index 0 not found in Kafka
2026-03-25 19:09:18,474 - basicLogger - ERROR - Shot at index 0 not found in Kafka
2026-03-25 19:09:57,219 - basicLogger - INFO - Searching for penalty at index 0...
2026-03-25 19:09:57,221 - basicLogger - INFO - Searching for shot at index 0...
2026-03-25 19:09:58,222 - basicLogger - ERROR - Penalty at index 0 not found in Kafka
2026-03-25 19:09:58,223 - basicLogger - INFO - Stats calculated: 0 shots, 0 penalties
2026-03-25 19:09:58,226 - basicLogger - ERROR - Shot at index 0 not found in Kafka
2026-03-25 19:10:38,040 - basicLogger - INFO - Searching for penalty at index 0...
2026-03-25 19:10:38,041 - basicLogger - INFO - Searching for shot at index 0...
2026-03-25 19:10:39,043 - basicLogger - INFO - Stats calculated: 0 shots, 0 penalties
2026-03-25 19:10:39,043 - basicLogger - ERROR - Shot at index 0 not found in Kafka
2026-03-25 19:10:39,044 - basicLogger - ERROR - Penalty at index 0 not found in Kafka
2026-03-25 19:10:42,027 - basicLogger - INFO - Searching for shot at index 0...
2026-03-25 19:10:42,028 - basicLogger - INFO - Searching for penalty at index 0...
2026-03-25 19:10:43,029 - basicLogger - INFO - Stats calculated: 0 shots, 0 penalties
2026-03-25 19:10:43,029 - basicLogger - ERROR - Shot at index 0 not found in Kafka
2026-03-25 19:10:43,029 - basicLogger - ERROR - Penalty at index 0 not found in Kafka
2026-03-25 19:10:46,050 - basicLogger - INFO - Searching for penalty at index 0...
2026-03-25 19:10:46,050 - basicLogger - INFO - Searching for shot at index 0...
2026-03-25 19:10:46,428 - basicLogger - INFO - Searching for shot at index 0...
2026-03-25 19:10:46,429 - basicLogger - INFO - Searching for penalty at index 0...
2026-03-25 19:10:47,052 - basicLogger - INFO - Stats calculated: 0 shots, 0 penalties
2026-03-25 19:10:47,052 - basicLogger - ERROR - Shot at index 0 not found in Kafka
2026-03-25 19:10:47,053 - basicLogger - ERROR - Penalty at index 0 not found in Kafka
2026-03-25 19:10:47,429 - basicLogger - ERROR - Shot at index 0 not found in Kafka
2026-03-25 19:10:47,431 - basicLogger - INFO - Stats calculated: 0 shots, 0 penalties
2026-03-25 19:10:47,433 - basicLogger - ERROR - Penalty at index 0 not found in Kafka
2026-03-25 19:10:50,432 - basicLogger - INFO - Searching for penalty at index 0...
2026-03-25 19:10:50,433 - basicLogger - INFO - Searching for shot at index 0...
2026-03-25 19:10:51,434 - basicLogger - INFO - Stats calculated: 0 shots, 0 penalties
2026-03-25 19:10:51,434 - basicLogger - ERROR - Penalty at index 0 not found in Kafka
2026-03-25 19:10:51,437 - basicLogger - ERROR - Shot at index 0 not found in Kafka
2026-03-25 19:10:52,278 - basicLogger - INFO - Searching for penalty at index 0...
2026-03-25 19:10:52,279 - basicLogger - INFO - Searching for shot at index 0...
2026-03-25 19:10:53,281 - basicLogger - ERROR - Penalty at index 0 not found in Kafka
2026-03-25 19:10:53,281 - basicLogger - INFO - Stats calculated: 0 shots, 0 penalties
2026-03-25 19:10:53,282 - basicLogger - ERROR - Shot at index 0 not found in Kafka
2026-03-25 19:10:56,286 - basicLogger - INFO - Searching for shot at index 0...
2026-03-25 19:10:56,288 - basicLogger - INFO - Searching for penalty at index 0...
2026-03-25 19:10:57,290 - basicLogger - INFO - Stats calculated: 0 shots, 0 penalties
2026-03-25 19:10:57,290 - basicLogger - ERROR - Shot at index 0 not found in Kafka
2026-03-25 19:10:57,292 - basicLogger - ERROR - Penalty at index 0 not found in Kafka
2026-03-25 19:11:00,287 - basicLogger - INFO - Searching for penalty at index 0...
2026-03-25 19:11:00,288 - basicLogger - INFO - Searching for shot at index 0...
2026-03-25 19:11:01,288 - basicLogger - INFO - Stats calculated: 0 shots, 0 penalties
2026-03-25 19:11:01,290 - basicLogger - ERROR - Penalty at index 0 not found in Kafka
2026-03-25 19:11:01,292 - basicLogger - ERROR - Shot at index 0 not found in Kafka
2026-03-25 19:11:04,284 - basicLogger - INFO - Searching for penalty at index 0...
2026-03-25 19:11:04,286 - basicLogger - INFO - Searching for shot at index 0...
2026-03-25 19:11:05,380 - basicLogger - INFO - Stats calculated: 0 shots, 0 penalties
2026-03-25 19:11:05,380 - basicLogger - ERROR - Penalty at index 0 not found in Kafka
2026-03-25 19:11:05,380 - basicLogger - ERROR - Shot at index 0 not found in Kafka
2026-03-25 19:11:05,489 - basicLogger - INFO - Searching for penalty at index 0...
2026-03-25 19:11:05,498 - basicLogger - INFO - Searching for shot at index 0...
2026-03-25 19:11:06,499 - basicLogger - INFO - Stats calculated: 0 shots, 0 penalties
2026-03-25 19:11:06,499 - basicLogger - ERROR - Penalty at index 0 not found in Kafka
2026-03-25 19:11:06,502 - basicLogger - ERROR - Shot at index 0 not found in Kafka
2026-03-25 19:11:06,754 - basicLogger - INFO - Searching for penalty at index 0...
2026-03-25 19:11:06,757 - basicLogger - INFO - Searching for shot at index 0...
2026-03-25 19:11:07,757 - basicLogger - ERROR - Penalty at index 0 not found in Kafka
2026-03-25 19:11:07,758 - basicLogger - INFO - Stats calculated: 0 shots, 0 penalties
2026-03-25 19:11:07,762 - basicLogger - ERROR - Shot at index 0 not found in Kafka
2026-03-25 19:11:10,760 - basicLogger - INFO - Searching for penalty at index 0...
2026-03-25 19:11:10,760 - basicLogger - INFO - Searching for shot at index 0...
2026-03-25 19:11:11,762 - basicLogger - INFO - Stats calculated: 0 shots, 0 penalties
2026-03-25 19:11:11,763 - basicLogger - ERROR - Penalty at index 0 not found in Kafka
2026-03-25 19:11:11,763 - basicLogger - ERROR - Shot at index 0 not found in Kafka
2026-03-25 19:11:14,855 - basicLogger - INFO - Searching for shot at index 0...
2026-03-25 19:11:14,856 - basicLogger - INFO - Searching for penalty at index 0...
2026-03-25 19:11:15,857 - basicLogger - INFO - Stats calculated: 0 shots, 0 penalties
2026-03-25 19:11:15,857 - basicLogger - ERROR - Penalty at index 0 not found in Kafka
2026-03-25 19:11:15,857 - basicLogger - ERROR - Shot at index 0 not found in Kafka
2026-03-25 19:11:18,458 - basicLogger - INFO - Stats calculated: 0 shots, 0 penalties
2026-03-25 19:11:18,956 - basicLogger - INFO - Searching for shot at index 0...
2026-03-25 19:11:18,960 - basicLogger - INFO - Searching for penalty at index 0...
2026-03-25 19:11:19,959 - basicLogger - ERROR - Shot at index 0 not found in Kafka
2026-03-25 19:11:19,962 - basicLogger - INFO - Stats calculated: 0 shots, 0 penalties
2026-03-25 19:11:19,963 - basicLogger - ERROR - Penalty at index 0 not found in Kafka
2026-03-25 19:11:21,872 - basicLogger - INFO - Stats calculated: 0 shots, 0 penalties
2026-03-25 19:11:23,057 - basicLogger - INFO - Searching for penalty at index 0...
2026-03-25 19:11:23,058 - basicLogger - INFO - Searching for shot at index 0...
2026-03-25 19:11:24,060 - basicLogger - ERROR - Shot at index 0 not found in Kafka
2026-03-25 19:11:24,060 - basicLogger - INFO - Stats calculated: 0 shots, 0 penalties
2026-03-25 19:11:24,060 - basicLogger - ERROR - Penalty at index 0 not found in Kafka
2026-03-25 19:11:27,157 - basicLogger - INFO - Searching for shot at index 0...
2026-03-25 19:11:27,158 - basicLogger - INFO - Searching for penalty at index 0...
2026-03-25 19:11:28,160 - basicLogger - ERROR - Shot at index 0 not found in Kafka
2026-03-25 19:11:28,163 - basicLogger - INFO - Stats calculated: 0 shots, 0 penalties
2026-03-25 19:11:28,164 - basicLogger - ERROR - Penalty at index 0 not found in Kafka
2026-03-25 19:11:31,247 - basicLogger - INFO - Searching for penalty at index 0...
2026-03-25 19:11:31,249 - basicLogger - INFO - Searching for shot at index 0...
2026-03-25 19:11:32,250 - basicLogger - ERROR - Penalty at index 0 not found in Kafka
2026-03-25 19:11:32,252 - basicLogger - ERROR - Shot at index 0 not found in Kafka
2026-03-25 19:11:32,253 - basicLogger - INFO - Stats calculated: 0 shots, 0 penalties
2026-03-25 19:11:54,234 - basicLogger - INFO - Searching for shot at index 0...
2026-03-25 19:11:54,234 - basicLogger - INFO - Searching for penalty at index 0...
2026-03-25 19:11:55,237 - basicLogger - ERROR - Penalty at index 0 not found in Kafka
2026-03-25 19:11:55,238 - basicLogger - INFO - Stats calculated: 0 shots, 0 penalties
2026-03-25 19:11:55,238 - basicLogger - ERROR - Shot at index 0 not found in Kafka
2026-03-25 19:12:29,334 - basicLogger - INFO - Searching for shot at index 0...
2026-03-25 19:12:29,335 - basicLogger - INFO - Searching for penalty at index 0...
2026-03-25 19:12:30,337 - basicLogger - ERROR - Shot at index 0 not found in Kafka
2026-03-25 19:12:30,338 - basicLogger - ERROR - Penalty at index 0 not found in Kafka
2026-03-25 19:12:30,342 - basicLogger - INFO - Stats calculated: 0 shots, 0 penalties
2026-03-25 19:12:41,618 - basicLogger - INFO - Searching for penalty at index 0...
2026-03-25 19:12:41,620 - basicLogger - INFO - Searching for shot at index 0...
2026-03-25 19:12:41,626 - basicLogger - INFO - Found penalty at index 0
2026-03-25 19:12:41,628 - basicLogger - INFO - Found shot at index 0
2026-03-25 19:12:42,730 - basicLogger - INFO - Stats calculated: 50 shots, 50 penalties
2026-03-25 19:12:43,131 - basicLogger - INFO - Searching for penalty at index 0...
2026-03-25 19:12:43,131 - basicLogger - INFO - Searching for shot at index 0...
2026-03-25 19:12:43,142 - basicLogger - INFO - Found shot at index 0
2026-03-25 19:12:43,146 - basicLogger - INFO - Found penalty at index 0
2026-03-25 19:12:44,248 - basicLogger - INFO - Stats calculated: 50 shots, 50 penalties
2026-03-25 19:12:47,144 - basicLogger - INFO - Searching for penalty at index 0...
2026-03-25 19:12:47,144 - basicLogger - INFO - Searching for shot at index 0...
2026-03-25 19:12:47,151 - basicLogger - INFO - Found shot at index 0
2026-03-25 19:12:47,154 - basicLogger - INFO - Found penalty at index 0
2026-03-25 19:12:48,252 - basicLogger - INFO - Stats calculated: 50 shots, 50 penalties
2026-03-25 19:12:51,271 - basicLogger - INFO - Searching for penalty at index 0...
2026-03-25 19:12:51,278 - basicLogger - INFO - Searching for shot at index 0...
2026-03-25 19:12:51,282 - basicLogger - INFO - Found penalty at index 0
2026-03-25 19:12:51,285 - basicLogger - INFO - Found shot at index 0
2026-03-25 19:12:52,383 - basicLogger - INFO - Stats calculated: 50 shots, 50 penalties
2026-03-25 19:12:55,245 - basicLogger - INFO - Searching for penalty at index 0...
2026-03-25 19:12:55,247 - basicLogger - INFO - Searching for shot at index 0...
2026-03-25 19:12:55,251 - basicLogger - INFO - Found penalty at index 0
2026-03-25 19:12:55,252 - basicLogger - INFO - Found shot at index 0
2026-03-25 19:12:56,352 - basicLogger - INFO - Stats calculated: 50 shots, 50 penalties
2026-03-25 19:12:59,346 - basicLogger - INFO - Searching for penalty at index 0...
2026-03-25 19:12:59,347 - basicLogger - INFO - Searching for shot at index 0...
2026-03-25 19:12:59,351 - basicLogger - INFO - Found penalty at index 0
2026-03-25 19:12:59,351 - basicLogger - INFO - Found shot at index 0
2026-03-25 19:13:00,454 - basicLogger - INFO - Stats calculated: 50 shots, 50 penalties
2026-03-25 19:13:03,434 - basicLogger - INFO - Searching for penalty at index 0...
2026-03-25 19:13:03,435 - basicLogger - INFO - Searching for shot at index 0...
2026-03-25 19:13:03,438 - basicLogger - INFO - Found shot at index 0
2026-03-25 19:13:03,439 - basicLogger - INFO - Found penalty at index 0
2026-03-25 19:13:04,541 - basicLogger - INFO - Stats calculated: 50 shots, 50 penalties
2026-03-25 19:13:07,595 - basicLogger - INFO - Searching for penalty at index 0...
2026-03-25 19:13:07,598 - basicLogger - INFO - Searching for shot at index 0...
2026-03-25 19:13:07,608 - basicLogger - INFO - Found penalty at index 0
2026-03-25 19:13:07,609 - basicLogger - INFO - Found shot at index 0
2026-03-25 19:13:08,711 - basicLogger - INFO - Stats calculated: 50 shots, 50 penalties
2026-03-25 19:13:17,442 - basicLogger - INFO - Searching for penalty at index 0...
2026-03-25 19:13:17,443 - basicLogger - INFO - Searching for shot at index 0...
2026-03-25 19:13:17,446 - basicLogger - INFO - Found penalty at index 0
2026-03-25 19:13:17,446 - basicLogger - INFO - Found shot at index 0
2026-03-25 19:13:18,549 - basicLogger - INFO - Stats calculated: 50 shots, 50 penalties
2026-03-25 19:13:24,303 - basicLogger - INFO - Searching for penalty at index 0...
2026-03-25 19:13:24,304 - basicLogger - INFO - Searching for shot at index 0...
2026-03-25 19:13:24,308 - basicLogger - INFO - Found shot at index 0
2026-03-25 19:13:24,308 - basicLogger - INFO - Found penalty at index 0
2026-03-25 19:13:25,412 - basicLogger - INFO - Stats calculated: 50 shots, 50 penalties
2026-03-25 19:13:43,304 - basicLogger - INFO - Searching for shot at index 0...
2026-03-25 19:13:43,305 - basicLogger - INFO - Searching for penalty at index 0...
2026-03-25 19:13:43,310 - basicLogger - INFO - Found shot at index 0
2026-03-25 19:13:43,310 - basicLogger - INFO - Found penalty at index 0
2026-03-25 19:13:44,411 - basicLogger - INFO - Stats calculated: 50 shots, 50 penalties
2026-03-25 19:13:50,998 - basicLogger - INFO - Searching for penalty at index 0...
2026-03-25 19:13:51,002 - basicLogger - INFO - Searching for shot at index 0...
2026-03-25 19:13:51,003 - basicLogger - INFO - Found shot at index 0
2026-03-25 19:13:51,003 - basicLogger - INFO - Found penalty at index 0
2026-03-25 19:13:52,104 - basicLogger - INFO - Stats calculated: 50 shots, 50 penalties
2026-03-25 19:14:29,108 - basicLogger - INFO - Searching for penalty at index 0...
2026-03-25 19:14:29,109 - basicLogger - INFO - Searching for shot at index 0...
2026-03-25 19:14:29,112 - basicLogger - INFO - Found shot at index 0
2026-03-25 19:14:29,113 - basicLogger - INFO - Found penalty at index 0
2026-03-25 19:14:30,210 - basicLogger - INFO - Stats calculated: 50 shots, 50 penalties
2026-03-25 19:14:54,618 - basicLogger - INFO - Searching for penalty at index 0...
2026-03-25 19:14:54,620 - basicLogger - INFO - Searching for shot at index 0...
2026-03-25 19:14:54,624 - basicLogger - INFO - Found penalty at index 0
2026-03-25 19:14:54,627 - basicLogger - INFO - Found shot at index 0
2026-03-25 19:14:55,727 - basicLogger - INFO - Stats calculated: 50 shots, 50 penalties
2026-03-25 19:16:10,888 - basicLogger - INFO - Searching for penalty at index 0...
2026-03-25 19:16:10,888 - basicLogger - INFO - Searching for shot at index 0...
2026-03-25 19:16:10,894 - basicLogger - INFO - Found shot at index 0
2026-03-25 19:16:10,896 - basicLogger - INFO - Found penalty at index 0
2026-03-25 19:16:11,999 - basicLogger - INFO - Stats calculated: 50 shots, 50 penalties
2026-03-25 19:18:31,522 - basicLogger - INFO - Searching for shot at index 0...
2026-03-25 19:18:31,523 - basicLogger - INFO - Searching for penalty at index 0...
2026-03-25 19:18:31,526 - basicLogger - INFO - Found shot at index 0
2026-03-25 19:18:31,529 - basicLogger - INFO - Found penalty at index 0
2026-03-25 19:18:32,628 - basicLogger - INFO - Stats calculated: 50 shots, 50 penalties
2026-03-25 19:19:42,743 - basicLogger - INFO - Searching for penalty at index 0...
2026-03-25 19:19:42,746 - basicLogger - INFO - Searching for shot at index 0...
2026-03-25 19:19:42,750 - basicLogger - INFO - Found shot at index 0
2026-03-25 19:19:42,750 - basicLogger - INFO - Found penalty at index 0
2026-03-25 19:19:43,848 - basicLogger - INFO - Stats calculated: 50 shots, 50 penalties
2026-03-25 19:19:46,831 - basicLogger - INFO - Searching for shot at index 0...
2026-03-25 19:19:46,832 - basicLogger - INFO - Searching for penalty at index 0...
2026-03-25 19:19:46,836 - basicLogger - INFO - Found shot at index 0
2026-03-25 19:19:46,840 - basicLogger - INFO - Found penalty at index 0
2026-03-25 19:19:47,938 - basicLogger - INFO - Stats calculated: 50 shots, 50 penalties
2026-03-25 19:19:51,301 - basicLogger - INFO - Searching for shot at index 0...
2026-03-25 19:19:51,302 - basicLogger - INFO - Searching for penalty at index 0...
2026-03-25 19:19:51,307 - basicLogger - INFO - Found shot at index 0
2026-03-25 19:19:51,309 - basicLogger - INFO - Found penalty at index 0
2026-03-25 19:19:52,414 - basicLogger - INFO - Stats calculated: 50 shots, 50 penalties
2026-03-25 19:19:59,296 - basicLogger - INFO - Searching for penalty at index 0...
2026-03-25 19:19:59,296 - basicLogger - INFO - Searching for shot at index 0...
2026-03-25 19:19:59,300 - basicLogger - INFO - Found shot at index 0
2026-03-25 19:19:59,301 - basicLogger - INFO - Found penalty at index 0
2026-03-25 19:20:00,406 - basicLogger - INFO - Stats calculated: 50 shots, 50 penalties
2026-03-25 19:20:06,827 - basicLogger - INFO - Searching for shot at index 0...
2026-03-25 19:20:06,829 - basicLogger - INFO - Found shot at index 0
2026-03-25 19:20:06,833 - basicLogger - INFO - Searching for penalty at index 0...
2026-03-25 19:20:06,837 - basicLogger - INFO - Found penalty at index 0
2026-03-25 19:20:07,933 - basicLogger - INFO - Stats calculated: 50 shots, 50 penalties
2026-03-25 19:20:14,711 - basicLogger - INFO - Searching for shot at index 0...
2026-03-25 19:20:14,712 - basicLogger - INFO - Searching for penalty at index 0...
2026-03-25 19:20:14,714 - basicLogger - INFO - Found shot at index 0
2026-03-25 19:20:14,717 - basicLogger - INFO - Found penalty at index 0
2026-03-25 19:20:15,817 - basicLogger - INFO - Stats calculated: 50 shots, 50 penalties
2026-03-25 19:20:33,736 - basicLogger - INFO - Searching for shot at index 0...
2026-03-25 19:20:33,740 - basicLogger - INFO - Found shot at index 0
2026-03-25 19:20:33,740 - basicLogger - INFO - Searching for penalty at index 0...
2026-03-25 19:20:33,745 - basicLogger - INFO - Found penalty at index 0
2026-03-25 19:20:34,845 - basicLogger - INFO - Stats calculated: 50 shots, 50 penalties
2026-03-25 19:20:49,334 - basicLogger - INFO - Searching for shot at index 0...
2026-03-25 19:20:49,334 - basicLogger - INFO - Searching for penalty at index 0...
2026-03-25 19:20:49,336 - basicLogger - INFO - Found shot at index 0
2026-03-25 19:20:49,338 - basicLogger - INFO - Found penalty at index 0
2026-03-25 19:20:50,437 - basicLogger - INFO - Stats calculated: 50 shots, 50 penalties
2026-03-25 19:21:27,490 - basicLogger - INFO - Searching for shot at index 0...
2026-03-25 19:21:27,490 - basicLogger - INFO - Searching for penalty at index 0...
2026-03-25 19:21:27,494 - basicLogger - INFO - Found shot at index 0
2026-03-25 19:21:27,497 - basicLogger - INFO - Found penalty at index 0
2026-03-25 19:21:28,597 - basicLogger - INFO - Stats calculated: 50 shots, 50 penalties
2026-03-25 19:22:14,560 - basicLogger - INFO - Searching for penalty at index 0...
2026-03-25 19:22:14,561 - basicLogger - INFO - Searching for shot at index 0...
2026-03-25 19:22:14,563 - basicLogger - INFO - Found shot at index 0
2026-03-25 19:22:14,568 - basicLogger - INFO - Found penalty at index 0
2026-03-25 19:22:15,670 - basicLogger - INFO - Stats calculated: 50 shots, 50 penalties
2026-03-25 19:23:30,922 - basicLogger - INFO - Searching for penalty at index 0...
2026-03-25 19:23:30,927 - basicLogger - INFO - Searching for shot at index 0...
2026-03-25 19:23:30,928 - basicLogger - INFO - Found penalty at index 0
2026-03-25 19:23:30,929 - basicLogger - INFO - Found shot at index 0
2026-03-25 19:23:32,030 - basicLogger - INFO - Stats calculated: 50 shots, 50 penalties
2026-03-25 19:24:37,871 - basicLogger - INFO - Searching for shot at index 0...
2026-03-25 19:24:37,874 - basicLogger - INFO - Searching for penalty at index 0...
2026-03-25 19:24:37,876 - basicLogger - INFO - Found shot at index 0
2026-03-25 19:24:37,879 - basicLogger - INFO - Found penalty at index 0
2026-03-25 19:24:38,978 - basicLogger - INFO - Stats calculated: 50 shots, 50 penalties
2026-03-25 19:27:10,684 - basicLogger - INFO - Searching for penalty at index 0...
2026-03-25 19:27:10,688 - basicLogger - INFO - Searching for shot at index 0...
2026-03-25 19:27:10,689 - basicLogger - INFO - Found penalty at index 0
2026-03-25 19:27:10,691 - basicLogger - INFO - Found shot at index 0
2026-03-25 19:27:11,790 - basicLogger - INFO - Stats calculated: 50 shots, 50 penalties
2026-03-25 19:27:40,865 - basicLogger - INFO - Searching for shot at index 0...
2026-03-25 19:27:40,868 - basicLogger - INFO - Searching for penalty at index 0...
2026-03-25 19:27:40,868 - basicLogger - INFO - Found shot at index 0
2026-03-25 19:27:40,873 - basicLogger - INFO - Found penalty at index 0
2026-03-25 19:27:41,973 - basicLogger - INFO - Stats calculated: 50 shots, 50 penalties
2026-03-25 19:33:30,452 - basicLogger - INFO - Searching for penalty at index 0...
2026-03-25 19:33:31,455 - basicLogger - ERROR - Penalty at index 0 not found in Kafka
2026-03-25 19:33:52,616 - basicLogger - INFO - Searching for penalty at index 0...
2026-03-25 19:33:52,616 - basicLogger - INFO - Searching for shot at index 0...
2026-03-25 19:33:53,616 - basicLogger - INFO - Stats calculated: 0 shots, 0 penalties
2026-03-25 19:33:53,620 - basicLogger - ERROR - Shot at index 0 not found in Kafka
2026-03-25 19:33:53,622 - basicLogger - ERROR - Penalty at index 0 not found in Kafka
2026-03-25 19:33:54,586 - basicLogger - INFO - Searching for penalty at index 0...
2026-03-25 19:33:54,589 - basicLogger - INFO - Searching for shot at index 0...
2026-03-25 19:33:55,589 - basicLogger - ERROR - Penalty at index 0 not found in Kafka
2026-03-25 19:33:55,594 - basicLogger - ERROR - Shot at index 0 not found in Kafka
2026-03-25 19:33:55,595 - basicLogger - INFO - Stats calculated: 0 shots, 0 penalties
2026-03-25 19:33:58,592 - basicLogger - INFO - Searching for penalty at index 0...
2026-03-25 19:33:58,593 - basicLogger - INFO - Searching for shot at index 0...
2026-03-25 19:33:59,592 - basicLogger - INFO - Stats calculated: 0 shots, 0 penalties
2026-03-25 19:33:59,596 - basicLogger - ERROR - Penalty at index 0 not found in Kafka
2026-03-25 19:33:59,596 - basicLogger - ERROR - Shot at index 0 not found in Kafka
2026-03-25 19:34:04,731 - basicLogger - INFO - Stats calculated: 0 shots, 0 penalties
2026-04-01 18:11:53,395 - basicLogger - INFO - Searching for penalty at index 0...
2026-04-01 18:11:53,396 - basicLogger - INFO - Searching for shot at index 0...
2026-04-01 18:11:54,396 - basicLogger - INFO - Stats calculated: 0 shots, 0 penalties
2026-04-01 18:11:54,397 - basicLogger - ERROR - Penalty at index 0 not found in Kafka
2026-04-01 18:11:54,401 - basicLogger - ERROR - Shot at index 0 not found in Kafka
2026-04-01 18:11:57,358 - basicLogger - INFO - Searching for shot at index 0...
2026-04-01 18:11:57,359 - basicLogger - INFO - Searching for penalty at index 0...
2026-04-01 18:11:58,360 - basicLogger - ERROR - Shot at index 0 not found in Kafka
2026-04-01 18:11:58,362 - basicLogger - ERROR - Penalty at index 0 not found in Kafka
2026-04-01 18:11:58,362 - basicLogger - INFO - Stats calculated: 0 shots, 0 penalties
2026-04-01 18:12:01,366 - basicLogger - INFO - Searching for shot at index 0...
2026-04-01 18:12:01,368 - basicLogger - INFO - Searching for penalty at index 0...
2026-04-01 18:12:02,369 - basicLogger - INFO - Stats calculated: 0 shots, 0 penalties
2026-04-01 18:12:02,369 - basicLogger - ERROR - Shot at index 0 not found in Kafka
2026-04-01 18:12:02,371 - basicLogger - ERROR - Penalty at index 0 not found in Kafka
2026-04-01 18:12:05,360 - basicLogger - INFO - Searching for penalty at index 0...
2026-04-01 18:12:05,362 - basicLogger - INFO - Searching for shot at index 0...
2026-04-01 18:12:06,362 - basicLogger - ERROR - Penalty at index 0 not found in Kafka
2026-04-01 18:12:06,365 - basicLogger - INFO - Stats calculated: 0 shots, 0 penalties
2026-04-01 18:12:06,365 - basicLogger - ERROR - Shot at index 0 not found in Kafka
2026-04-01 18:12:09,360 - basicLogger - INFO - Searching for penalty at index 0...
2026-04-01 18:12:09,363 - basicLogger - INFO - Searching for shot at index 0...
2026-04-01 18:12:10,363 - basicLogger - INFO - Stats calculated: 0 shots, 0 penalties
2026-04-01 18:12:10,363 - basicLogger - ERROR - Penalty at index 0 not found in Kafka
2026-04-01 18:12:10,364 - basicLogger - ERROR - Shot at index 0 not found in Kafka
2026-04-01 18:12:13,358 - basicLogger - INFO - Searching for shot at index 0...
2026-04-01 18:12:13,360 - basicLogger - INFO - Searching for penalty at index 0...
2026-04-01 18:12:14,360 - basicLogger - INFO - Stats calculated: 0 shots, 0 penalties
2026-04-01 18:12:14,361 - basicLogger - ERROR - Shot at index 0 not found in Kafka
2026-04-01 18:12:14,364 - basicLogger - ERROR - Penalty at index 0 not found in Kafka
2026-04-01 18:12:17,360 - basicLogger - INFO - Searching for penalty at index 0...
2026-04-01 18:12:17,361 - basicLogger - INFO - Searching for shot at index 0...
2026-04-01 18:12:18,364 - basicLogger - ERROR - Penalty at index 0 not found in Kafka
2026-04-01 18:12:18,365 - basicLogger - INFO - Stats calculated: 0 shots, 0 penalties
2026-04-01 18:12:18,365 - basicLogger - ERROR - Shot at index 0 not found in Kafka
2026-04-01 18:12:21,360 - basicLogger - INFO - Searching for shot at index 0...
2026-04-01 18:12:21,360 - basicLogger - INFO - Searching for penalty at index 0...
2026-04-01 18:12:22,362 - basicLogger - ERROR - Shot at index 0 not found in Kafka
2026-04-01 18:12:22,362 - basicLogger - ERROR - Penalty at index 0 not found in Kafka
2026-04-01 18:12:22,364 - basicLogger - INFO - Stats calculated: 0 shots, 0 penalties
2026-04-01 18:12:25,365 - basicLogger - INFO - Searching for shot at index 0...
2026-04-01 18:12:25,370 - basicLogger - INFO - Searching for penalty at index 0...
2026-04-01 18:12:26,368 - basicLogger - ERROR - Shot at index 0 not found in Kafka
2026-04-01 18:12:26,368 - basicLogger - INFO - Stats calculated: 0 shots, 0 penalties
2026-04-01 18:12:26,373 - basicLogger - ERROR - Penalty at index 0 not found in Kafka
2026-04-01 18:12:29,355 - basicLogger - INFO - Searching for penalty at index 0...
2026-04-01 18:12:29,355 - basicLogger - INFO - Searching for shot at index 0...
2026-04-01 18:12:30,358 - basicLogger - ERROR - Shot at index 0 not found in Kafka
2026-04-01 18:12:30,358 - basicLogger - ERROR - Penalty at index 0 not found in Kafka
2026-04-01 18:12:30,358 - basicLogger - INFO - Stats calculated: 0 shots, 0 penalties
2026-04-01 18:12:33,360 - basicLogger - INFO - Searching for penalty at index 0...
2026-04-01 18:12:33,360 - basicLogger - INFO - Searching for shot at index 0...
2026-04-01 18:12:34,361 - basicLogger - INFO - Stats calculated: 0 shots, 0 penalties
2026-04-01 18:12:34,363 - basicLogger - ERROR - Shot at index 0 not found in Kafka
2026-04-01 18:12:34,363 - basicLogger - ERROR - Penalty at index 0 not found in Kafka
2026-04-01 18:12:40,853 - basicLogger - INFO - Searching for penalty at index 0...
2026-04-01 18:12:40,854 - basicLogger - INFO - Searching for shot at index 0...
2026-04-01 18:12:41,856 - basicLogger - ERROR - Penalty at index 0 not found in Kafka
2026-04-01 18:12:41,856 - basicLogger - INFO - Stats calculated: 0 shots, 0 penalties
2026-04-01 18:12:41,856 - basicLogger - ERROR - Shot at index 0 not found in Kafka
2026-04-01 18:12:44,881 - basicLogger - INFO - Searching for shot at index 0...
2026-04-01 18:12:44,882 - basicLogger - INFO - Searching for penalty at index 0...
2026-04-01 18:12:45,884 - basicLogger - ERROR - Shot at index 0 not found in Kafka
2026-04-01 18:12:45,884 - basicLogger - INFO - Stats calculated: 0 shots, 0 penalties
2026-04-01 18:12:45,884 - basicLogger - ERROR - Penalty at index 0 not found in Kafka
2026-04-01 18:12:48,872 - basicLogger - INFO - Searching for shot at index 0...
2026-04-01 18:12:48,873 - basicLogger - INFO - Searching for penalty at index 0...
2026-04-01 18:12:49,875 - basicLogger - ERROR - Shot at index 0 not found in Kafka
2026-04-01 18:12:49,875 - basicLogger - INFO - Stats calculated: 0 shots, 0 penalties
2026-04-01 18:12:49,876 - basicLogger - ERROR - Penalty at index 0 not found in Kafka
2026-04-01 18:12:52,865 - basicLogger - INFO - Searching for penalty at index 0...
2026-04-01 18:12:52,868 - basicLogger - INFO - Searching for shot at index 0...
2026-04-01 18:12:53,867 - basicLogger - ERROR - Penalty at index 0 not found in Kafka
2026-04-01 18:12:53,868 - basicLogger - INFO - Stats calculated: 0 shots, 0 penalties
2026-04-01 18:12:53,870 - basicLogger - ERROR - Shot at index 0 not found in Kafka
2026-04-01 18:13:50,817 - basicLogger - INFO - Searching for penalty at index 0...
2026-04-01 18:13:50,821 - basicLogger - INFO - Searching for shot at index 0...
2026-04-01 18:13:51,821 - basicLogger - ERROR - Penalty at index 0 not found in Kafka
2026-04-01 18:13:51,824 - basicLogger - INFO - Stats calculated: 0 shots, 0 penalties
2026-04-01 18:13:51,824 - basicLogger - ERROR - Shot at index 0 not found in Kafka
2026-04-01 18:13:54,779 - basicLogger - INFO - Searching for penalty at index 0...
2026-04-01 18:13:54,780 - basicLogger - INFO - Searching for shot at index 0...
2026-04-01 18:13:55,781 - basicLogger - INFO - Stats calculated: 0 shots, 0 penalties
2026-04-01 18:13:55,781 - basicLogger - ERROR - Shot at index 0 not found in Kafka
2026-04-01 18:13:55,783 - basicLogger - ERROR - Penalty at index 0 not found in Kafka
2026-04-01 18:13:58,781 - basicLogger - INFO - Searching for penalty at index 0...
2026-04-01 18:13:58,781 - basicLogger - INFO - Searching for shot at index 0...
2026-04-01 18:13:59,783 - basicLogger - INFO - Stats calculated: 0 shots, 0 penalties
2026-04-01 18:13:59,783 - basicLogger - ERROR - Penalty at index 0 not found in Kafka
2026-04-01 18:13:59,784 - basicLogger - ERROR - Shot at index 0 not found in Kafka
2026-04-01 18:14:02,784 - basicLogger - INFO - Searching for penalty at index 0...
2026-04-01 18:14:02,790 - basicLogger - INFO - Searching for shot at index 0...
2026-04-01 18:14:03,788 - basicLogger - ERROR - Penalty at index 0 not found in Kafka
2026-04-01 18:14:03,793 - basicLogger - INFO - Stats calculated: 0 shots, 0 penalties
2026-04-01 18:14:03,793 - basicLogger - ERROR - Shot at index 0 not found in Kafka
2026-04-01 18:14:06,765 - basicLogger - INFO - Searching for penalty at index 0...
2026-04-01 18:14:06,766 - basicLogger - INFO - Searching for shot at index 0...
2026-04-01 18:14:07,767 - basicLogger - INFO - Stats calculated: 0 shots, 0 penalties
2026-04-01 18:14:07,768 - basicLogger - ERROR - Penalty at index 0 not found in Kafka
2026-04-01 18:14:07,769 - basicLogger - ERROR - Shot at index 0 not found in Kafka
2026-04-01 18:14:10,779 - basicLogger - INFO - Searching for penalty at index 0...
2026-04-01 18:14:10,782 - basicLogger - INFO - Searching for shot at index 0...
2026-04-01 18:14:10,787 - basicLogger - INFO - Found penalty at index 0
2026-04-01 18:14:10,789 - basicLogger - INFO - Found shot at index 0
2026-04-01 18:14:11,890 - basicLogger - INFO - Stats calculated: 50 shots, 50 penalties
2026-04-01 18:14:14,771 - basicLogger - INFO - Searching for penalty at index 0...
2026-04-01 18:14:14,772 - basicLogger - INFO - Searching for shot at index 0...
2026-04-01 18:14:14,780 - basicLogger - INFO - Found shot at index 0
2026-04-01 18:14:14,782 - basicLogger - INFO - Found penalty at index 0
2026-04-01 18:14:17,669 - basicLogger - INFO - Stats calculated: 100 shots, 100 penalties
2026-04-01 18:14:18,774 - basicLogger - INFO - Searching for penalty at index 0...
2026-04-01 18:14:18,774 - basicLogger - INFO - Searching for shot at index 0...
2026-04-01 18:14:18,778 - basicLogger - INFO - Found shot at index 0
2026-04-01 18:14:18,783 - basicLogger - INFO - Found penalty at index 0
2026-04-01 18:14:19,546 - basicLogger - INFO - Searching for penalty at index 0...
2026-04-01 18:14:19,550 - basicLogger - INFO - Searching for shot at index 0...
2026-04-01 18:14:19,552 - basicLogger - INFO - Found penalty at index 0
2026-04-01 18:14:19,557 - basicLogger - INFO - Found shot at index 0
2026-04-01 18:14:19,984 - basicLogger - INFO - Stats calculated: 100 shots, 100 penalties
2026-04-01 18:14:20,766 - basicLogger - INFO - Stats calculated: 100 shots, 100 penalties
2026-04-01 18:14:23,548 - basicLogger - INFO - Searching for shot at index 0...
2026-04-01 18:14:23,549 - basicLogger - INFO - Searching for penalty at index 0...
2026-04-01 18:14:23,559 - basicLogger - INFO - Found shot at index 0
2026-04-01 18:14:23,559 - basicLogger - INFO - Found penalty at index 0
2026-04-01 18:14:24,762 - basicLogger - INFO - Stats calculated: 100 shots, 100 penalties
2026-04-01 18:14:27,587 - basicLogger - INFO - Searching for penalty at index 0...
2026-04-01 18:14:27,592 - basicLogger - INFO - Searching for shot at index 0...
2026-04-01 18:14:27,593 - basicLogger - INFO - Found penalty at index 0
2026-04-01 18:14:27,596 - basicLogger - INFO - Found shot at index 0
2026-04-01 18:14:28,800 - basicLogger - INFO - Stats calculated: 100 shots, 100 penalties
2026-04-01 18:14:31,694 - basicLogger - INFO - Searching for penalty at index 0...
2026-04-01 18:14:31,696 - basicLogger - INFO - Searching for shot at index 0...
2026-04-01 18:14:31,701 - basicLogger - INFO - Found penalty at index 0
2026-04-01 18:14:31,703 - basicLogger - INFO - Found shot at index 0
2026-04-01 18:14:32,905 - basicLogger - INFO - Stats calculated: 100 shots, 100 penalties
2026-04-01 18:14:35,789 - basicLogger - INFO - Searching for shot at index 0...
2026-04-01 18:14:35,794 - basicLogger - INFO - Found shot at index 0
2026-04-01 18:14:35,797 - basicLogger - INFO - Searching for penalty at index 0...
2026-04-01 18:14:35,801 - basicLogger - INFO - Found penalty at index 0
2026-04-01 18:14:37,003 - basicLogger - INFO - Stats calculated: 100 shots, 100 penalties
2026-04-01 18:14:39,540 - basicLogger - INFO - Searching for shot at index -1...
2026-04-01 18:14:39,853 - basicLogger - INFO - Searching for shot at index 0...
2026-04-01 18:14:39,854 - basicLogger - INFO - Searching for penalty at index 0...
2026-04-01 18:14:39,857 - basicLogger - INFO - Found shot at index 0
2026-04-01 18:14:39,863 - basicLogger - INFO - Found penalty at index 0
2026-04-01 18:14:40,750 - basicLogger - INFO - Found latest shot event
2026-04-01 18:14:41,065 - basicLogger - INFO - Stats calculated: 100 shots, 100 penalties
2026-04-01 18:14:43,925 - basicLogger - INFO - Searching for shot at index 0...
2026-04-01 18:14:43,926 - basicLogger - INFO - Searching for penalty at index 0...
2026-04-01 18:14:43,932 - basicLogger - INFO - Found shot at index 0
2026-04-01 18:14:43,935 - basicLogger - INFO - Found penalty at index 0
2026-04-01 18:14:45,135 - basicLogger - INFO - Stats calculated: 100 shots, 100 penalties
2026-04-01 18:14:48,025 - basicLogger - INFO - Searching for shot at index 0...
2026-04-01 18:14:48,027 - basicLogger - INFO - Searching for penalty at index 0...
2026-04-01 18:14:48,030 - basicLogger - INFO - Found shot at index 0
2026-04-01 18:14:48,036 - basicLogger - INFO - Found penalty at index 0
2026-04-01 18:14:49,237 - basicLogger - INFO - Stats calculated: 100 shots, 100 penalties
2026-04-01 18:14:50,128 - basicLogger - INFO - Searching for penalty at index 0...
2026-04-01 18:14:50,135 - basicLogger - INFO - Searching for shot at index 0...
2026-04-01 18:14:50,136 - basicLogger - INFO - Found penalty at index 0
2026-04-01 18:14:50,140 - basicLogger - INFO - Found shot at index 0
2026-04-01 18:14:51,348 - basicLogger - INFO - Stats calculated: 100 shots, 100 penalties
2026-04-01 18:14:54,188 - basicLogger - INFO - Searching for shot at index 0...
2026-04-01 18:14:54,193 - basicLogger - INFO - Found shot at index 0
2026-04-01 18:14:54,194 - basicLogger - INFO - Searching for penalty at index 0...
2026-04-01 18:14:54,204 - basicLogger - INFO - Found penalty at index 0
2026-04-01 18:14:55,409 - basicLogger - INFO - Stats calculated: 100 shots, 100 penalties
2026-04-01 18:14:58,124 - basicLogger - INFO - Searching for penalty at index 0...
2026-04-01 18:14:58,126 - basicLogger - INFO - Searching for shot at index 0...
2026-04-01 18:14:58,130 - basicLogger - INFO - Found penalty at index 0
2026-04-01 18:14:58,130 - basicLogger - INFO - Found shot at index 0
2026-04-01 18:14:59,341 - basicLogger - INFO - Stats calculated: 100 shots, 100 penalties
2026-04-01 18:15:02,142 - basicLogger - INFO - Searching for penalty at index 0...
2026-04-01 18:15:02,145 - basicLogger - INFO - Searching for shot at index 0...
2026-04-01 18:15:02,150 - basicLogger - INFO - Found shot at index 0
2026-04-01 18:15:02,150 - basicLogger - INFO - Found penalty at index 0
2026-04-01 18:15:03,362 - basicLogger - INFO - Stats calculated: 100 shots, 100 penalties
2026-04-01 18:15:06,135 - basicLogger - INFO - Searching for shot at index 0...
2026-04-01 18:15:06,137 - basicLogger - INFO - Searching for penalty at index 0...
2026-04-01 18:15:06,140 - basicLogger - INFO - Found shot at index 0
2026-04-01 18:15:06,147 - basicLogger - INFO - Found penalty at index 0
2026-04-01 18:15:07,350 - basicLogger - INFO - Stats calculated: 100 shots, 100 penalties
2026-04-01 18:15:10,137 - basicLogger - INFO - Searching for shot at index 0...
2026-04-01 18:15:10,142 - basicLogger - INFO - Searching for penalty at index 0...
2026-04-01 18:15:10,143 - basicLogger - INFO - Found shot at index 0
2026-04-01 18:15:10,148 - basicLogger - INFO - Found penalty at index 0
2026-04-01 18:15:11,349 - basicLogger - INFO - Stats calculated: 100 shots, 100 penalties
2026-04-01 18:15:14,137 - basicLogger - INFO - Searching for penalty at index 0...
2026-04-01 18:15:14,150 - basicLogger - INFO - Found penalty at index 0
2026-04-01 18:15:14,152 - basicLogger - INFO - Searching for shot at index 0...
2026-04-01 18:15:14,155 - basicLogger - INFO - Found shot at index 0
2026-04-01 18:15:15,346 - basicLogger - INFO - Stats calculated: 100 shots, 100 penalties
2026-04-01 18:15:18,132 - basicLogger - INFO - Searching for penalty at index 0...
2026-04-01 18:15:18,136 - basicLogger - INFO - Searching for shot at index 0...
2026-04-01 18:15:18,138 - basicLogger - INFO - Found penalty at index 0
2026-04-01 18:15:18,142 - basicLogger - INFO - Found shot at index 0
2026-04-01 18:15:19,342 - basicLogger - INFO - Stats calculated: 100 shots, 100 penalties
2026-04-01 18:15:22,243 - basicLogger - INFO - Searching for shot at index 0...
2026-04-01 18:15:22,244 - basicLogger - INFO - Searching for penalty at index 0...
2026-04-01 18:15:22,248 - basicLogger - INFO - Found shot at index 0
2026-04-01 18:15:22,254 - basicLogger - INFO - Found penalty at index 0
2026-04-01 18:15:23,459 - basicLogger - INFO - Stats calculated: 100 shots, 100 penalties
2026-04-01 18:15:27,488 - basicLogger - INFO - Searching for shot at index 0...
2026-04-01 18:15:27,491 - basicLogger - INFO - Found shot at index 0
2026-04-01 18:15:27,494 - basicLogger - INFO - Searching for penalty at index 0...
2026-04-01 18:15:27,498 - basicLogger - INFO - Found penalty at index 0
2026-04-01 18:15:28,700 - basicLogger - INFO - Stats calculated: 100 shots, 100 penalties
2026-04-01 18:15:35,839 - basicLogger - INFO - Searching for penalty at index 0...
2026-04-01 18:15:35,841 - basicLogger - INFO - Searching for shot at index 0...
2026-04-01 18:15:35,848 - basicLogger - INFO - Found shot at index 0
2026-04-01 18:15:35,848 - basicLogger - INFO - Found penalty at index 0
2026-04-01 18:15:37,050 - basicLogger - INFO - Stats calculated: 100 shots, 100 penalties
2026-04-01 18:15:38,176 - basicLogger - INFO - Searching for shot at index 0...
2026-04-01 18:15:38,177 - basicLogger - INFO - Searching for penalty at index 0...
2026-04-01 18:15:38,179 - basicLogger - INFO - Found shot at index 0
2026-04-01 18:15:38,183 - basicLogger - INFO - Found penalty at index 0
2026-04-01 18:15:39,387 - basicLogger - INFO - Stats calculated: 100 shots, 100 penalties
2026-04-01 18:15:42,188 - basicLogger - INFO - Searching for shot at index 0...
2026-04-01 18:15:42,189 - basicLogger - INFO - Searching for penalty at index 0...
2026-04-01 18:15:42,195 - basicLogger - INFO - Found shot at index 0
2026-04-01 18:15:42,198 - basicLogger - INFO - Found penalty at index 0
2026-04-01 18:15:43,397 - basicLogger - INFO - Stats calculated: 100 shots, 100 penalties
2026-04-01 18:15:46,184 - basicLogger - INFO - Searching for penalty at index 0...
2026-04-01 18:15:46,186 - basicLogger - INFO - Searching for shot at index 0...
2026-04-01 18:15:46,189 - basicLogger - INFO - Found penalty at index 0
2026-04-01 18:15:46,191 - basicLogger - INFO - Found shot at index 0
2026-04-01 18:15:47,398 - basicLogger - INFO - Stats calculated: 100 shots, 100 penalties
2026-04-01 18:15:50,195 - basicLogger - INFO - Searching for shot at index 0...
2026-04-01 18:15:50,198 - basicLogger - INFO - Searching for penalty at index 0...
2026-04-01 18:15:50,201 - basicLogger - INFO - Found shot at index 0
2026-04-01 18:15:50,203 - basicLogger - INFO - Found penalty at index 0
2026-04-01 18:15:51,404 - basicLogger - INFO - Stats calculated: 100 shots, 100 penalties
2026-04-01 18:15:54,197 - basicLogger - INFO - Searching for shot at index 0...
2026-04-01 18:15:54,199 - basicLogger - INFO - Searching for penalty at index 0...
2026-04-01 18:15:54,202 - basicLogger - INFO - Found shot at index 0
2026-04-01 18:15:54,209 - basicLogger - INFO - Found penalty at index 0
2026-04-01 18:15:55,412 - basicLogger - INFO - Stats calculated: 100 shots, 100 penalties
2026-04-01 18:15:58,303 - basicLogger - INFO - Searching for shot at index 0...
2026-04-01 18:15:58,308 - basicLogger - INFO - Searching for penalty at index 0...
2026-04-01 18:15:58,308 - basicLogger - INFO - Found shot at index 0
2026-04-01 18:15:58,313 - basicLogger - INFO - Found penalty at index 0
2026-04-01 18:15:59,513 - basicLogger - INFO - Stats calculated: 100 shots, 100 penalties
2026-04-01 18:16:02,399 - basicLogger - INFO - Searching for shot at index 0...
2026-04-01 18:16:02,399 - basicLogger - INFO - Searching for penalty at index 0...
2026-04-01 18:16:02,406 - basicLogger - INFO - Found shot at index 0
2026-04-01 18:16:02,409 - basicLogger - INFO - Found penalty at index 0
2026-04-01 18:16:03,610 - basicLogger - INFO - Stats calculated: 100 shots, 100 penalties
2026-04-01 18:16:08,080 - basicLogger - INFO - Searching for penalty at index 0...
2026-04-01 18:16:08,081 - basicLogger - INFO - Searching for shot at index 0...
2026-04-01 18:16:08,088 - basicLogger - INFO - Found shot at index 0
2026-04-01 18:16:08,088 - basicLogger - INFO - Found penalty at index 0
2026-04-01 18:16:09,290 - basicLogger - INFO - Stats calculated: 100 shots, 100 penalties
2026-04-01 18:16:15,751 - basicLogger - INFO - Searching for shot at index 0...
2026-04-01 18:16:15,753 - basicLogger - INFO - Searching for penalty at index 0...
2026-04-01 18:16:15,755 - basicLogger - INFO - Found shot at index 0
2026-04-01 18:16:15,761 - basicLogger - INFO - Found penalty at index 0
2026-04-01 18:16:16,964 - basicLogger - INFO - Stats calculated: 100 shots, 100 penalties
2026-04-01 18:16:22,228 - basicLogger - INFO - Searching for shot at index 0...
2026-04-01 18:16:22,233 - basicLogger - INFO - Found shot at index 0
2026-04-01 18:16:22,233 - basicLogger - INFO - Searching for penalty at index 0...
2026-04-01 18:16:22,238 - basicLogger - INFO - Found penalty at index 0
2026-04-01 18:16:23,436 - basicLogger - INFO - Stats calculated: 100 shots, 100 penalties
2026-04-01 18:16:30,695 - basicLogger - INFO - Searching for penalty at index 0...
2026-04-01 18:16:30,699 - basicLogger - INFO - Searching for shot at index 0...
2026-04-01 18:16:30,700 - basicLogger - INFO - Found penalty at index 0
2026-04-01 18:16:30,705 - basicLogger - INFO - Found shot at index 0
2026-04-01 18:16:31,904 - basicLogger - INFO - Stats calculated: 100 shots, 100 penalties
2026-04-01 18:16:48,903 - basicLogger - INFO - Searching for penalty at index 0...
2026-04-01 18:16:48,903 - basicLogger - INFO - Searching for shot at index 0...
2026-04-01 18:16:48,909 - basicLogger - INFO - Found shot at index 0
2026-04-01 18:16:48,909 - basicLogger - INFO - Found penalty at index 0
2026-04-01 18:16:50,115 - basicLogger - INFO - Stats calculated: 100 shots, 100 penalties
2026-04-01 18:16:53,367 - basicLogger - INFO - Searching for shot at index 0...
2026-04-01 18:16:53,369 - basicLogger - INFO - Searching for penalty at index 0...
2026-04-01 18:16:53,373 - basicLogger - INFO - Found shot at index 0
2026-04-01 18:16:53,377 - basicLogger - INFO - Found penalty at index 0
2026-04-01 18:16:54,586 - basicLogger - INFO - Stats calculated: 100 shots, 100 penalties
2026-04-01 18:17:29,894 - basicLogger - INFO - Searching for penalty at index 0...
2026-04-01 18:17:29,894 - basicLogger - INFO - Searching for shot at index 0...
2026-04-01 18:17:30,895 - basicLogger - INFO - Stats calculated: 0 shots, 0 penalties
2026-04-01 18:17:30,899 - basicLogger - ERROR - Shot at index 0 not found in Kafka
2026-04-01 18:17:30,901 - basicLogger - ERROR - Penalty at index 0 not found in Kafka
2026-04-01 18:17:44,751 - basicLogger - INFO - Searching for penalty at index 0...
2026-04-01 18:17:44,752 - basicLogger - INFO - Searching for shot at index 0...
2026-04-01 18:17:45,753 - basicLogger - INFO - Stats calculated: 0 shots, 0 penalties
2026-04-01 18:17:45,753 - basicLogger - ERROR - Shot at index 0 not found in Kafka
2026-04-01 18:17:45,753 - basicLogger - ERROR - Penalty at index 0 not found in Kafka
2026-04-01 18:17:48,744 - basicLogger - INFO - Searching for penalty at index 0...
2026-04-01 18:17:48,745 - basicLogger - INFO - Searching for shot at index 0...
2026-04-01 18:17:49,746 - basicLogger - INFO - Stats calculated: 0 shots, 0 penalties
2026-04-01 18:17:49,746 - basicLogger - ERROR - Shot at index 0 not found in Kafka
2026-04-01 18:17:49,746 - basicLogger - ERROR - Penalty at index 0 not found in Kafka
2026-04-01 18:17:52,768 - basicLogger - INFO - Searching for penalty at index 0...
2026-04-01 18:17:52,771 - basicLogger - INFO - Searching for shot at index 0...
2026-04-01 18:17:53,772 - basicLogger - ERROR - Penalty at index 0 not found in Kafka
2026-04-01 18:17:53,773 - basicLogger - INFO - Stats calculated: 0 shots, 0 penalties
2026-04-01 18:17:53,774 - basicLogger - ERROR - Shot at index 0 not found in Kafka
2026-04-01 18:17:56,785 - basicLogger - INFO - Searching for shot at index 0...
2026-04-01 18:17:56,786 - basicLogger - INFO - Searching for penalty at index 0...
2026-04-01 18:17:57,787 - basicLogger - INFO - Stats calculated: 0 shots, 0 penalties
2026-04-01 18:17:57,788 - basicLogger - ERROR - Penalty at index 0 not found in Kafka
2026-04-01 18:17:57,789 - basicLogger - ERROR - Shot at index 0 not found in Kafka
2026-04-01 18:18:00,804 - basicLogger - INFO - Searching for shot at index 0...
2026-04-01 18:18:00,806 - basicLogger - INFO - Searching for penalty at index 0...
2026-04-01 18:18:01,806 - basicLogger - INFO - Stats calculated: 0 shots, 0 penalties
2026-04-01 18:18:01,807 - basicLogger - ERROR - Shot at index 0 not found in Kafka
2026-04-01 18:18:01,809 - basicLogger - ERROR - Penalty at index 0 not found in Kafka
2026-04-01 18:18:04,866 - basicLogger - INFO - Searching for shot at index 0...
2026-04-01 18:18:04,868 - basicLogger - INFO - Searching for penalty at index 0...
2026-04-01 18:18:05,868 - basicLogger - INFO - Stats calculated: 0 shots, 0 penalties
2026-04-01 18:18:05,868 - basicLogger - ERROR - Shot at index 0 not found in Kafka
2026-04-01 18:18:05,871 - basicLogger - ERROR - Penalty at index 0 not found in Kafka
2026-04-01 18:18:09,644 - basicLogger - INFO - Searching for shot at index 0...
2026-04-01 18:18:09,644 - basicLogger - INFO - Searching for penalty at index 0...
2026-04-01 18:18:10,644 - basicLogger - INFO - Stats calculated: 0 shots, 0 penalties
2026-04-01 18:18:10,646 - basicLogger - ERROR - Penalty at index 0 not found in Kafka
2026-04-01 18:18:10,647 - basicLogger - ERROR - Shot at index 0 not found in Kafka
2026-04-01 18:18:17,798 - basicLogger - INFO - Searching for shot at index 0...
2026-04-01 18:18:17,799 - basicLogger - INFO - Searching for penalty at index 0...
2026-04-01 18:18:18,800 - basicLogger - ERROR - Shot at index 0 not found in Kafka
2026-04-01 18:18:18,803 - basicLogger - INFO - Stats calculated: 0 shots, 0 penalties
2026-04-01 18:18:18,803 - basicLogger - ERROR - Penalty at index 0 not found in Kafka
2026-04-01 18:18:27,084 - basicLogger - INFO - Searching for penalty at index 0...
2026-04-01 18:18:27,087 - basicLogger - INFO - Searching for shot at index 0...
2026-04-01 18:18:28,087 - basicLogger - ERROR - Penalty at index 0 not found in Kafka
2026-04-01 18:18:28,087 - basicLogger - INFO - Stats calculated: 0 shots, 0 penalties
2026-04-01 18:18:28,090 - basicLogger - ERROR - Shot at index 0 not found in Kafka
2026-04-01 18:18:43,398 - basicLogger - INFO - Searching for shot at index 0...
2026-04-01 18:18:43,400 - basicLogger - INFO - Searching for penalty at index 0...
2026-04-01 18:18:44,401 - basicLogger - ERROR - Shot at index 0 not found in Kafka
2026-04-01 18:18:44,404 - basicLogger - INFO - Stats calculated: 0 shots, 0 penalties
2026-04-01 18:18:44,404 - basicLogger - ERROR - Penalty at index 0 not found in Kafka
2026-04-01 18:19:01,911 - basicLogger - INFO - Searching for penalty at index 0...
2026-04-01 18:19:01,912 - basicLogger - INFO - Searching for shot at index 0...
2026-04-01 18:19:02,912 - basicLogger - INFO - Stats calculated: 0 shots, 0 penalties
2026-04-01 18:19:02,913 - basicLogger - ERROR - Penalty at index 0 not found in Kafka
2026-04-01 18:19:02,915 - basicLogger - ERROR - Shot at index 0 not found in Kafka
2026-04-01 18:19:05,907 - basicLogger - INFO - Searching for shot at index 0...
2026-04-01 18:19:05,909 - basicLogger - INFO - Searching for penalty at index 0...
2026-04-01 18:19:06,909 - basicLogger - ERROR - Shot at index 0 not found in Kafka
2026-04-01 18:19:06,912 - basicLogger - ERROR - Penalty at index 0 not found in Kafka
2026-04-01 18:19:06,912 - basicLogger - INFO - Stats calculated: 0 shots, 0 penalties
2026-04-01 18:19:10,009 - basicLogger - INFO - Searching for penalty at index 0...
2026-04-01 18:19:10,009 - basicLogger - INFO - Searching for shot at index 0...
2026-04-01 18:19:11,009 - basicLogger - INFO - Stats calculated: 0 shots, 0 penalties
2026-04-01 18:19:11,011 - basicLogger - ERROR - Penalty at index 0 not found in Kafka
2026-04-01 18:19:11,011 - basicLogger - ERROR - Shot at index 0 not found in Kafka
2026-04-01 18:19:14,461 - basicLogger - INFO - Searching for penalty at index 0...
2026-04-01 18:19:14,463 - basicLogger - INFO - Searching for shot at index 0...
2026-04-01 18:19:15,463 - basicLogger - ERROR - Penalty at index 0 not found in Kafka
2026-04-01 18:19:15,465 - basicLogger - ERROR - Shot at index 0 not found in Kafka
2026-04-01 18:19:15,466 - basicLogger - INFO - Stats calculated: 0 shots, 0 penalties
2026-04-01 18:19:22,605 - basicLogger - INFO - Searching for penalty at index 0...
2026-04-01 18:19:22,605 - basicLogger - INFO - Searching for shot at index 0...
2026-04-01 18:19:23,606 - basicLogger - INFO - Stats calculated: 0 shots, 0 penalties
2026-04-01 18:19:23,609 - basicLogger - ERROR - Penalty at index 0 not found in Kafka
2026-04-01 18:19:23,610 - basicLogger - ERROR - Shot at index 0 not found in Kafka
2026-04-01 18:19:29,725 - basicLogger - INFO - Searching for shot at index 0...
2026-04-01 18:19:29,726 - basicLogger - INFO - Searching for penalty at index 0...
2026-04-01 18:19:30,726 - basicLogger - INFO - Stats calculated: 0 shots, 0 penalties
2026-04-01 18:19:30,728 - basicLogger - ERROR - Penalty at index 0 not found in Kafka
2026-04-01 18:19:30,728 - basicLogger - ERROR - Shot at index 0 not found in Kafka
2026-04-01 18:19:33,748 - basicLogger - INFO - Searching for penalty at index 0...
2026-04-01 18:19:33,749 - basicLogger - INFO - Searching for shot at index 0...
2026-04-01 18:19:34,751 - basicLogger - INFO - Stats calculated: 0 shots, 0 penalties
2026-04-01 18:19:34,751 - basicLogger - ERROR - Shot at index 0 not found in Kafka
2026-04-01 18:19:34,752 - basicLogger - ERROR - Penalty at index 0 not found in Kafka
2026-04-01 18:19:37,765 - basicLogger - INFO - Searching for shot at index 0...
2026-04-01 18:19:37,766 - basicLogger - INFO - Searching for penalty at index 0...
2026-04-01 18:19:38,768 - basicLogger - INFO - Stats calculated: 0 shots, 0 penalties
2026-04-01 18:19:38,768 - basicLogger - ERROR - Shot at index 0 not found in Kafka
2026-04-01 18:19:38,768 - basicLogger - ERROR - Penalty at index 0 not found in Kafka
2026-04-01 18:19:41,874 - basicLogger - INFO - Searching for shot at index 0...
2026-04-01 18:19:41,875 - basicLogger - INFO - Searching for penalty at index 0...
2026-04-01 18:19:42,876 - basicLogger - INFO - Stats calculated: 0 shots, 0 penalties
2026-04-01 18:19:42,876 - basicLogger - ERROR - Shot at index 0 not found in Kafka
2026-04-01 18:19:42,877 - basicLogger - ERROR - Penalty at index 0 not found in Kafka
2026-04-01 18:19:46,459 - basicLogger - INFO - Searching for shot at index 0...
2026-04-01 18:19:46,461 - basicLogger - INFO - Searching for penalty at index 0...
2026-04-01 18:19:47,462 - basicLogger - ERROR - Shot at index 0 not found in Kafka
2026-04-01 18:19:47,462 - basicLogger - INFO - Stats calculated: 0 shots, 0 penalties
2026-04-01 18:19:47,462 - basicLogger - ERROR - Penalty at index 0 not found in Kafka
2026-04-01 18:19:50,489 - basicLogger - INFO - Searching for shot at index 0...
2026-04-01 18:19:50,490 - basicLogger - INFO - Searching for penalty at index 0...
2026-04-01 18:19:51,491 - basicLogger - INFO - Stats calculated: 0 shots, 0 penalties
2026-04-01 18:19:51,492 - basicLogger - ERROR - Shot at index 0 not found in Kafka
2026-04-01 18:19:51,492 - basicLogger - ERROR - Penalty at index 0 not found in Kafka
2026-04-01 18:19:54,496 - basicLogger - INFO - Searching for shot at index 0...
2026-04-01 18:19:54,496 - basicLogger - INFO - Searching for penalty at index 0...
2026-04-01 18:19:55,497 - basicLogger - INFO - Stats calculated: 0 shots, 0 penalties
2026-04-01 18:19:55,497 - basicLogger - ERROR - Shot at index 0 not found in Kafka
2026-04-01 18:19:55,499 - basicLogger - ERROR - Penalty at index 0 not found in Kafka
2026-04-01 18:19:58,523 - basicLogger - INFO - Searching for shot at index 0...
2026-04-01 18:19:58,525 - basicLogger - INFO - Searching for penalty at index 0...
2026-04-01 18:19:59,526 - basicLogger - ERROR - Penalty at index 0 not found in Kafka
2026-04-01 18:19:59,526 - basicLogger - ERROR - Shot at index 0 not found in Kafka
2026-04-01 18:19:59,526 - basicLogger - INFO - Stats calculated: 0 shots, 0 penalties
2026-04-01 18:20:02,549 - basicLogger - INFO - Searching for shot at index 0...
2026-04-01 18:20:02,551 - basicLogger - INFO - Searching for penalty at index 0...
2026-04-01 18:20:03,551 - basicLogger - ERROR - Shot at index 0 not found in Kafka
2026-04-01 18:20:03,552 - basicLogger - INFO - Stats calculated: 0 shots, 0 penalties
2026-04-01 18:20:03,553 - basicLogger - ERROR - Penalty at index 0 not found in Kafka
2026-04-01 18:20:06,568 - basicLogger - INFO - Searching for penalty at index 0...
2026-04-01 18:20:06,569 - basicLogger - INFO - Searching for shot at index 0...
2026-04-01 18:20:07,571 - basicLogger - INFO - Stats calculated: 0 shots, 0 penalties
2026-04-01 18:20:07,571 - basicLogger - ERROR - Shot at index 0 not found in Kafka
2026-04-01 18:20:07,571 - basicLogger - ERROR - Penalty at index 0 not found in Kafka
2026-04-01 18:20:10,597 - basicLogger - INFO - Searching for penalty at index 0...
2026-04-01 18:20:10,599 - basicLogger - INFO - Searching for shot at index 0...
2026-04-01 18:20:11,600 - basicLogger - ERROR - Penalty at index 0 not found in Kafka
2026-04-01 18:20:11,602 - basicLogger - ERROR - Shot at index 0 not found in Kafka
2026-04-01 18:20:11,602 - basicLogger - INFO - Stats calculated: 0 shots, 0 penalties
2026-04-01 18:20:14,609 - basicLogger - INFO - Searching for shot at index 0...
2026-04-01 18:20:14,610 - basicLogger - INFO - Searching for penalty at index 0...
2026-04-01 18:20:15,612 - basicLogger - ERROR - Shot at index 0 not found in Kafka
2026-04-01 18:20:15,612 - basicLogger - ERROR - Penalty at index 0 not found in Kafka
2026-04-01 18:20:15,612 - basicLogger - INFO - Stats calculated: 0 shots, 0 penalties
2026-04-01 18:20:18,637 - basicLogger - INFO - Searching for penalty at index 0...
2026-04-01 18:20:18,638 - basicLogger - INFO - Searching for shot at index 0...
2026-04-01 18:20:19,639 - basicLogger - INFO - Stats calculated: 0 shots, 0 penalties
2026-04-01 18:20:19,639 - basicLogger - ERROR - Shot at index 0 not found in Kafka
2026-04-01 18:20:19,639 - basicLogger - ERROR - Penalty at index 0 not found in Kafka
2026-04-01 18:20:22,642 - basicLogger - INFO - Searching for penalty at index 0...
2026-04-01 18:20:22,643 - basicLogger - INFO - Searching for shot at index 0...
2026-04-01 18:20:23,644 - basicLogger - INFO - Stats calculated: 0 shots, 0 penalties
2026-04-01 18:20:23,645 - basicLogger - ERROR - Penalty at index 0 not found in Kafka
2026-04-01 18:20:23,646 - basicLogger - ERROR - Shot at index 0 not found in Kafka
2026-04-01 18:20:26,669 - basicLogger - INFO - Searching for shot at index 0...
2026-04-01 18:20:26,669 - basicLogger - INFO - Searching for penalty at index 0...
2026-04-01 18:20:27,671 - basicLogger - INFO - Stats calculated: 0 shots, 0 penalties
2026-04-01 18:20:27,671 - basicLogger - ERROR - Penalty at index 0 not found in Kafka
2026-04-01 18:20:27,671 - basicLogger - ERROR - Shot at index 0 not found in Kafka
2026-04-01 18:20:30,687 - basicLogger - INFO - Searching for penalty at index 0...
2026-04-01 18:20:30,688 - basicLogger - INFO - Searching for shot at index 0...
2026-04-01 18:20:31,690 - basicLogger - ERROR - Shot at index 0 not found in Kafka
2026-04-01 18:20:31,690 - basicLogger - ERROR - Penalty at index 0 not found in Kafka
2026-04-01 18:20:31,690 - basicLogger - INFO - Stats calculated: 0 shots, 0 penalties
2026-04-01 18:20:34,709 - basicLogger - INFO - Searching for shot at index 0...
2026-04-01 18:20:34,710 - basicLogger - INFO - Searching for penalty at index 0...
2026-04-01 18:20:35,709 - basicLogger - INFO - Stats calculated: 0 shots, 0 penalties
2026-04-01 18:20:35,712 - basicLogger - ERROR - Shot at index 0 not found in Kafka
2026-04-01 18:20:35,713 - basicLogger - ERROR - Penalty at index 0 not found in Kafka
2026-04-01 18:20:38,727 - basicLogger - INFO - Searching for penalty at index 0...
2026-04-01 18:20:38,728 - basicLogger - INFO - Searching for shot at index 0...
2026-04-01 18:20:39,727 - basicLogger - INFO - Stats calculated: 0 shots, 0 penalties
2026-04-01 18:20:39,730 - basicLogger - ERROR - Penalty at index 0 not found in Kafka
2026-04-01 18:20:39,731 - basicLogger - ERROR - Shot at index 0 not found in Kafka
2026-04-01 18:20:42,865 - basicLogger - INFO - Searching for penalty at index 0...
2026-04-01 18:20:42,866 - basicLogger - INFO - Searching for shot at index 0...
2026-04-01 18:20:43,868 - basicLogger - INFO - Stats calculated: 0 shots, 0 penalties
2026-04-01 18:20:43,868 - basicLogger - ERROR - Penalty at index 0 not found in Kafka
2026-04-01 18:20:43,869 - basicLogger - ERROR - Shot at index 0 not found in Kafka
2026-04-01 18:20:46,858 - basicLogger - INFO - Searching for penalty at index 0...
2026-04-01 18:20:46,859 - basicLogger - INFO - Searching for shot at index 0...
2026-04-01 18:20:47,882 - basicLogger - ERROR - Penalty at index 0 not found in Kafka
2026-04-01 18:20:47,882 - basicLogger - INFO - Stats calculated: 0 shots, 0 penalties
2026-04-01 18:20:47,882 - basicLogger - ERROR - Shot at index 0 not found in Kafka
2026-04-01 18:20:50,964 - basicLogger - INFO - Searching for shot at index 0...
2026-04-01 18:20:50,964 - basicLogger - INFO - Searching for penalty at index 0...
2026-04-01 18:20:51,965 - basicLogger - INFO - Stats calculated: 0 shots, 0 penalties
2026-04-01 18:20:51,966 - basicLogger - ERROR - Shot at index 0 not found in Kafka
2026-04-01 18:20:51,968 - basicLogger - ERROR - Penalty at index 0 not found in Kafka
2026-04-01 18:20:55,452 - basicLogger - INFO - Searching for penalty at index 0...
2026-04-01 18:20:55,453 - basicLogger - INFO - Searching for shot at index 0...
2026-04-01 18:20:56,453 - basicLogger - ERROR - Penalty at index 0 not found in Kafka
2026-04-01 18:20:56,455 - basicLogger - ERROR - Shot at index 0 not found in Kafka
2026-04-01 18:20:56,455 - basicLogger - INFO - Stats calculated: 0 shots, 0 penalties
2026-04-01 18:21:01,147 - basicLogger - INFO - Searching for shot at index 0...
2026-04-01 18:21:01,147 - basicLogger - INFO - Searching for penalty at index 0...
2026-04-01 18:21:02,148 - basicLogger - ERROR - Penalty at index 0 not found in Kafka
2026-04-01 18:21:02,149 - basicLogger - ERROR - Shot at index 0 not found in Kafka
2026-04-01 18:21:02,150 - basicLogger - INFO - Stats calculated: 0 shots, 0 penalties
2026-04-01 18:21:12,069 - basicLogger - INFO - Searching for penalty at index 0...
2026-04-01 18:21:12,071 - basicLogger - INFO - Searching for shot at index 0...
2026-04-01 18:21:13,072 - basicLogger - ERROR - Penalty at index 0 not found in Kafka
2026-04-01 18:21:13,072 - basicLogger - INFO - Stats calculated: 0 shots, 0 penalties
2026-04-01 18:21:13,073 - basicLogger - ERROR - Shot at index 0 not found in Kafka
2026-04-01 18:21:20,902 - basicLogger - INFO - Searching for shot at index 0...
2026-04-01 18:21:20,902 - basicLogger - INFO - Searching for penalty at index 0...
2026-04-01 18:21:21,903 - basicLogger - INFO - Stats calculated: 0 shots, 0 penalties
2026-04-01 18:21:21,904 - basicLogger - ERROR - Shot at index 0 not found in Kafka
2026-04-01 18:21:21,904 - basicLogger - ERROR - Penalty at index 0 not found in Kafka
2026-04-01 18:21:39,958 - basicLogger - INFO - Searching for shot at index 0...
2026-04-01 18:21:39,959 - basicLogger - INFO - Searching for penalty at index 0...
2026-04-01 18:21:40,961 - basicLogger - INFO - Stats calculated: 0 shots, 0 penalties
2026-04-01 18:21:40,961 - basicLogger - ERROR - Shot at index 0 not found in Kafka
2026-04-01 18:21:40,962 - basicLogger - ERROR - Penalty at index 0 not found in Kafka
2026-04-01 18:21:54,295 - basicLogger - INFO - Searching for penalty at index 0...
2026-04-01 18:21:54,296 - basicLogger - INFO - Searching for shot at index 0...
2026-04-01 18:21:55,298 - basicLogger - ERROR - Penalty at index 0 not found in Kafka
2026-04-01 18:21:55,298 - basicLogger - INFO - Stats calculated: 0 shots, 0 penalties
2026-04-01 18:21:55,299 - basicLogger - ERROR - Shot at index 0 not found in Kafka
2026-04-01 18:21:58,325 - basicLogger - INFO - Searching for penalty at index 0...
2026-04-01 18:21:58,326 - basicLogger - INFO - Searching for shot at index 0...
2026-04-01 18:21:59,328 - basicLogger - ERROR - Penalty at index 0 not found in Kafka
2026-04-01 18:21:59,329 - basicLogger - ERROR - Shot at index 0 not found in Kafka
2026-04-01 18:21:59,330 - basicLogger - INFO - Stats calculated: 0 shots, 0 penalties
2026-04-01 18:22:02,337 - basicLogger - INFO - Searching for penalty at index 0...
2026-04-01 18:22:02,339 - basicLogger - INFO - Searching for shot at index 0...
2026-04-01 18:22:03,340 - basicLogger - ERROR - Penalty at index 0 not found in Kafka
2026-04-01 18:22:03,341 - basicLogger - ERROR - Shot at index 0 not found in Kafka
2026-04-01 18:22:03,344 - basicLogger - INFO - Stats calculated: 0 shots, 0 penalties
2026-04-01 18:22:06,356 - basicLogger - INFO - Searching for penalty at index 0...
2026-04-01 18:22:06,358 - basicLogger - INFO - Searching for shot at index 0...
2026-04-01 18:22:07,358 - basicLogger - ERROR - Penalty at index 0 not found in Kafka
2026-04-01 18:22:07,359 - basicLogger - INFO - Stats calculated: 0 shots, 0 penalties
2026-04-01 18:22:07,362 - basicLogger - ERROR - Shot at index 0 not found in Kafka
2026-04-01 18:22:10,376 - basicLogger - INFO - Searching for penalty at index 0...
2026-04-01 18:22:10,377 - basicLogger - INFO - Searching for shot at index 0...
2026-04-01 18:22:11,378 - basicLogger - INFO - Stats calculated: 0 shots, 0 penalties
2026-04-01 18:22:11,378 - basicLogger - ERROR - Penalty at index 0 not found in Kafka
2026-04-01 18:22:11,383 - basicLogger - ERROR - Shot at index 0 not found in Kafka
2026-04-01 18:22:14,393 - basicLogger - INFO - Searching for penalty at index 0...
2026-04-01 18:22:14,394 - basicLogger - INFO - Searching for shot at index 0...
2026-04-01 18:22:15,395 - basicLogger - ERROR - Penalty at index 0 not found in Kafka
2026-04-01 18:22:15,398 - basicLogger - INFO - Stats calculated: 0 shots, 0 penalties
2026-04-01 18:22:15,400 - basicLogger - ERROR - Shot at index 0 not found in Kafka
2026-04-01 18:22:18,504 - basicLogger - INFO - Searching for shot at index 0...
2026-04-01 18:22:18,505 - basicLogger - INFO - Searching for penalty at index 0...
2026-04-01 18:22:19,505 - basicLogger - INFO - Stats calculated: 0 shots, 0 penalties
2026-04-01 18:22:19,507 - basicLogger - ERROR - Shot at index 0 not found in Kafka
2026-04-01 18:22:19,507 - basicLogger - ERROR - Penalty at index 0 not found in Kafka
2026-04-01 18:22:23,470 - basicLogger - INFO - Searching for penalty at index 0...
2026-04-01 18:22:23,470 - basicLogger - INFO - Searching for shot at index 0...
2026-04-01 18:22:24,470 - basicLogger - INFO - Stats calculated: 0 shots, 0 penalties
2026-04-01 18:22:24,472 - basicLogger - ERROR - Shot at index 0 not found in Kafka
2026-04-01 18:22:24,474 - basicLogger - ERROR - Penalty at index 0 not found in Kafka
2026-04-01 18:22:27,717 - basicLogger - INFO - Searching for shot at index 0...
2026-04-01 18:22:27,718 - basicLogger - INFO - Searching for penalty at index 0...
2026-04-01 18:22:28,718 - basicLogger - INFO - Stats calculated: 0 shots, 0 penalties
2026-04-01 18:22:28,719 - basicLogger - ERROR - Shot at index 0 not found in Kafka
2026-04-01 18:22:28,721 - basicLogger - ERROR - Penalty at index 0 not found in Kafka
2026-04-01 18:22:34,222 - basicLogger - INFO - Searching for shot at index 0...
2026-04-01 18:22:34,225 - basicLogger - INFO - Searching for penalty at index 0...
2026-04-01 18:22:35,222 - basicLogger - INFO - Stats calculated: 0 shots, 0 penalties
2026-04-01 18:22:35,224 - basicLogger - ERROR - Shot at index 0 not found in Kafka
2026-04-01 18:22:35,228 - basicLogger - ERROR - Penalty at index 0 not found in Kafka
2026-04-01 18:22:43,710 - basicLogger - INFO - Searching for shot at index 0...
2026-04-01 18:22:43,711 - basicLogger - INFO - Searching for penalty at index 0...
2026-04-01 18:22:44,712 - basicLogger - INFO - Stats calculated: 0 shots, 0 penalties
2026-04-01 18:22:44,712 - basicLogger - ERROR - Shot at index 0 not found in Kafka
2026-04-01 18:22:44,716 - basicLogger - ERROR - Penalty at index 0 not found in Kafka
2026-04-01 18:22:48,218 - basicLogger - INFO - Searching for shot at index 0...
2026-04-01 18:22:48,219 - basicLogger - INFO - Searching for penalty at index 0...
2026-04-01 18:22:49,221 - basicLogger - ERROR - Penalty at index 0 not found in Kafka
2026-04-01 18:22:49,222 - basicLogger - ERROR - Shot at index 0 not found in Kafka
2026-04-01 18:22:49,223 - basicLogger - INFO - Stats calculated: 0 shots, 0 penalties
2026-04-01 18:23:07,246 - basicLogger - INFO - Searching for penalty at index 0...
2026-04-01 18:23:07,248 - basicLogger - INFO - Searching for shot at index 0...
2026-04-01 18:23:08,248 - basicLogger - ERROR - Penalty at index 0 not found in Kafka
2026-04-01 18:23:08,252 - basicLogger - ERROR - Shot at index 0 not found in Kafka
2026-04-01 18:23:08,253 - basicLogger - INFO - Stats calculated: 0 shots, 0 penalties
2026-04-01 18:23:20,311 - basicLogger - INFO - Searching for penalty at index 0...
2026-04-01 18:23:20,312 - basicLogger - INFO - Searching for shot at index 0...
2026-04-01 18:23:21,313 - basicLogger - INFO - Stats calculated: 0 shots, 0 penalties
2026-04-01 18:23:21,314 - basicLogger - ERROR - Penalty at index 0 not found in Kafka
2026-04-01 18:23:21,314 - basicLogger - ERROR - Shot at index 0 not found in Kafka
2026-04-01 18:23:58,420 - basicLogger - INFO - Searching for penalty at index 0...
2026-04-01 18:23:58,421 - basicLogger - INFO - Searching for shot at index 0...
2026-04-01 18:23:59,422 - basicLogger - ERROR - Penalty at index 0 not found in Kafka
2026-04-01 18:23:59,426 - basicLogger - INFO - Stats calculated: 0 shots, 0 penalties
2026-04-01 18:23:59,426 - basicLogger - ERROR - Shot at index 0 not found in Kafka
2026-04-01 18:25:11,449 - basicLogger - INFO - Searching for penalty at index 0...
2026-04-01 18:25:11,453 - basicLogger - INFO - Searching for shot at index 0...
2026-04-01 18:25:12,452 - basicLogger - ERROR - Penalty at index 0 not found in Kafka
2026-04-01 18:25:12,454 - basicLogger - INFO - Stats calculated: 0 shots, 0 penalties
2026-04-01 18:25:12,455 - basicLogger - ERROR - Shot at index 0 not found in Kafka
2026-04-01 18:25:35,000 - basicLogger - INFO - Searching for penalty at index 0...
2026-04-01 18:25:35,002 - basicLogger - INFO - Searching for shot at index 0...
2026-04-01 18:25:36,003 - basicLogger - ERROR - Shot at index 0 not found in Kafka
2026-04-01 18:25:36,004 - basicLogger - ERROR - Penalty at index 0 not found in Kafka
2026-04-01 18:25:36,004 - basicLogger - INFO - Stats calculated: 0 shots, 0 penalties
2026-04-01 18:25:39,003 - basicLogger - INFO - Searching for shot at index 0...
2026-04-01 18:25:39,005 - basicLogger - INFO - Searching for penalty at index 0...
2026-04-01 18:25:40,004 - basicLogger - INFO - Stats calculated: 0 shots, 0 penalties
2026-04-01 18:25:40,008 - basicLogger - ERROR - Shot at index 0 not found in Kafka
2026-04-01 18:25:40,008 - basicLogger - ERROR - Penalty at index 0 not found in Kafka
2026-04-01 18:25:43,112 - basicLogger - INFO - Searching for penalty at index 0...
2026-04-01 18:25:43,113 - basicLogger - INFO - Searching for shot at index 0...
2026-04-01 18:25:44,115 - basicLogger - ERROR - Shot at index 0 not found in Kafka
2026-04-01 18:25:44,115 - basicLogger - ERROR - Penalty at index 0 not found in Kafka
2026-04-01 18:25:44,115 - basicLogger - INFO - Stats calculated: 0 shots, 0 penalties
2026-04-01 18:25:47,136 - basicLogger - INFO - Searching for shot at index 0...
2026-04-01 18:25:47,138 - basicLogger - INFO - Searching for penalty at index 0...
2026-04-01 18:25:48,137 - basicLogger - ERROR - Shot at index 0 not found in Kafka
2026-04-01 18:25:48,138 - basicLogger - ERROR - Penalty at index 0 not found in Kafka
2026-04-01 18:25:48,140 - basicLogger - INFO - Stats calculated: 0 shots, 0 penalties
2026-04-01 18:25:51,150 - basicLogger - INFO - Searching for penalty at index 0...
2026-04-01 18:25:51,151 - basicLogger - INFO - Searching for shot at index 0...
2026-04-01 18:25:52,153 - basicLogger - ERROR - Penalty at index 0 not found in Kafka
2026-04-01 18:25:52,153 - basicLogger - INFO - Stats calculated: 0 shots, 0 penalties
2026-04-01 18:25:52,154 - basicLogger - ERROR - Shot at index 0 not found in Kafka
2026-04-01 18:25:55,171 - basicLogger - INFO - Searching for shot at index 0...
2026-04-01 18:25:55,173 - basicLogger - INFO - Searching for penalty at index 0...
2026-04-01 18:25:56,174 - basicLogger - ERROR - Shot at index 0 not found in Kafka
2026-04-01 18:25:56,175 - basicLogger - ERROR - Penalty at index 0 not found in Kafka
2026-04-01 18:25:56,176 - basicLogger - INFO - Stats calculated: 0 shots, 0 penalties
2026-04-01 18:25:59,192 - basicLogger - INFO - Searching for penalty at index 0...
2026-04-01 18:25:59,192 - basicLogger - INFO - Searching for shot at index 0...
2026-04-01 18:26:00,194 - basicLogger - INFO - Stats calculated: 0 shots, 0 penalties
2026-04-01 18:26:00,195 - basicLogger - ERROR - Shot at index 0 not found in Kafka
2026-04-01 18:26:00,197 - basicLogger - ERROR - Penalty at index 0 not found in Kafka
2026-04-01 18:26:03,214 - basicLogger - INFO - Searching for shot at index 0...
2026-04-01 18:26:03,214 - basicLogger - INFO - Searching for penalty at index 0...
2026-04-01 18:26:04,215 - basicLogger - INFO - Stats calculated: 0 shots, 0 penalties
2026-04-01 18:26:04,217 - basicLogger - ERROR - Penalty at index 0 not found in Kafka
2026-04-01 18:26:04,217 - basicLogger - ERROR - Shot at index 0 not found in Kafka
2026-04-01 18:26:07,235 - basicLogger - INFO - Searching for shot at index 0...
2026-04-01 18:26:07,235 - basicLogger - INFO - Searching for penalty at index 0...
2026-04-01 18:26:08,236 - basicLogger - INFO - Stats calculated: 0 shots, 0 penalties
2026-04-01 18:26:08,238 - basicLogger - ERROR - Penalty at index 0 not found in Kafka
2026-04-01 18:26:08,238 - basicLogger - ERROR - Shot at index 0 not found in Kafka
2026-04-01 18:26:11,342 - basicLogger - INFO - Searching for penalty at index 0...
2026-04-01 18:26:11,342 - basicLogger - INFO - Searching for shot at index 0...
2026-04-01 18:26:12,343 - basicLogger - INFO - Stats calculated: 0 shots, 0 penalties
2026-04-01 18:26:12,345 - basicLogger - ERROR - Penalty at index 0 not found in Kafka
2026-04-01 18:26:12,345 - basicLogger - ERROR - Shot at index 0 not found in Kafka
2026-04-01 18:26:15,742 - basicLogger - INFO - Searching for penalty at index 0...
2026-04-01 18:26:15,743 - basicLogger - INFO - Searching for shot at index 0...
2026-04-01 18:26:16,744 - basicLogger - ERROR - Shot at index 0 not found in Kafka
2026-04-01 18:26:16,744 - basicLogger - INFO - Stats calculated: 0 shots, 0 penalties
2026-04-01 18:26:16,745 - basicLogger - ERROR - Penalty at index 0 not found in Kafka
2026-04-01 18:26:20,089 - basicLogger - INFO - Searching for penalty at index 0...
2026-04-01 18:26:20,089 - basicLogger - INFO - Searching for shot at index 0...
2026-04-01 18:26:21,093 - basicLogger - INFO - Stats calculated: 0 shots, 0 penalties
2026-04-01 18:26:21,093 - basicLogger - ERROR - Penalty at index 0 not found in Kafka
2026-04-01 18:26:21,093 - basicLogger - ERROR - Shot at index 0 not found in Kafka
2026-04-01 18:26:32,105 - basicLogger - INFO - Searching for shot at index 0...
2026-04-01 18:26:32,105 - basicLogger - INFO - Searching for penalty at index 0...
2026-04-01 18:26:33,105 - basicLogger - INFO - Stats calculated: 0 shots, 0 penalties
2026-04-01 18:26:33,108 - basicLogger - ERROR - Shot at index 0 not found in Kafka
2026-04-01 18:26:33,109 - basicLogger - ERROR - Penalty at index 0 not found in Kafka
2026-04-01 18:26:38,331 - basicLogger - INFO - Searching for shot at index 0...
2026-04-01 18:26:38,331 - basicLogger - INFO - Searching for penalty at index 0...
2026-04-01 18:26:39,333 - basicLogger - INFO - Stats calculated: 0 shots, 0 penalties
2026-04-01 18:26:39,333 - basicLogger - ERROR - Penalty at index 0 not found in Kafka
2026-04-01 18:26:39,333 - basicLogger - ERROR - Shot at index 0 not found in Kafka
2026-04-01 18:26:42,357 - basicLogger - INFO - Searching for shot at index 0...
2026-04-01 18:26:42,358 - basicLogger - INFO - Searching for penalty at index 0...
2026-04-01 18:26:43,359 - basicLogger - ERROR - Shot at index 0 not found in Kafka
2026-04-01 18:26:43,359 - basicLogger - INFO - Stats calculated: 0 shots, 0 penalties
2026-04-01 18:26:43,360 - basicLogger - ERROR - Penalty at index 0 not found in Kafka
2026-04-01 18:26:46,469 - basicLogger - INFO - Searching for penalty at index 0...
2026-04-01 18:26:46,470 - basicLogger - INFO - Searching for shot at index 0...
2026-04-01 18:26:47,471 - basicLogger - INFO - Stats calculated: 0 shots, 0 penalties
2026-04-01 18:26:47,471 - basicLogger - ERROR - Penalty at index 0 not found in Kafka
2026-04-01 18:26:47,473 - basicLogger - ERROR - Shot at index 0 not found in Kafka
2026-04-01 18:26:50,649 - basicLogger - INFO - Searching for penalty at index 0...
2026-04-01 18:26:50,650 - basicLogger - INFO - Searching for shot at index 0...
2026-04-01 18:26:51,651 - basicLogger - ERROR - Penalty at index 0 not found in Kafka
2026-04-01 18:26:51,652 - basicLogger - INFO - Stats calculated: 0 shots, 0 penalties
2026-04-01 18:26:51,652 - basicLogger - ERROR - Shot at index 0 not found in Kafka
2026-04-01 18:26:54,663 - basicLogger - INFO - Searching for penalty at index 0...
2026-04-01 18:26:54,664 - basicLogger - INFO - Searching for shot at index 0...
2026-04-01 18:26:55,666 - basicLogger - ERROR - Shot at index 0 not found in Kafka
2026-04-01 18:26:55,667 - basicLogger - ERROR - Penalty at index 0 not found in Kafka
2026-04-01 18:26:55,667 - basicLogger - INFO - Stats calculated: 0 shots, 0 penalties
2026-04-01 18:26:58,683 - basicLogger - INFO - Searching for penalty at index 0...
2026-04-01 18:26:58,684 - basicLogger - INFO - Searching for shot at index 0...
2026-04-01 18:26:59,685 - basicLogger - ERROR - Penalty at index 0 not found in Kafka
2026-04-01 18:26:59,686 - basicLogger - INFO - Stats calculated: 0 shots, 0 penalties
2026-04-01 18:26:59,688 - basicLogger - ERROR - Shot at index 0 not found in Kafka
2026-04-01 18:27:02,708 - basicLogger - INFO - Searching for penalty at index 0...
2026-04-01 18:27:02,709 - basicLogger - INFO - Searching for shot at index 0...
2026-04-01 18:27:03,711 - basicLogger - INFO - Stats calculated: 0 shots, 0 penalties
2026-04-01 18:27:03,712 - basicLogger - ERROR - Shot at index 0 not found in Kafka
2026-04-01 18:27:03,712 - basicLogger - ERROR - Penalty at index 0 not found in Kafka
2026-04-01 18:27:06,728 - basicLogger - INFO - Searching for shot at index 0...
2026-04-01 18:27:06,729 - basicLogger - INFO - Searching for penalty at index 0...
2026-04-01 18:27:07,728 - basicLogger - INFO - Stats calculated: 0 shots, 0 penalties
2026-04-01 18:27:07,732 - basicLogger - ERROR - Penalty at index 0 not found in Kafka
2026-04-01 18:27:07,732 - basicLogger - ERROR - Shot at index 0 not found in Kafka
2026-04-01 18:27:10,740 - basicLogger - INFO - Searching for penalty at index 0...
2026-04-01 18:27:10,741 - basicLogger - INFO - Searching for shot at index 0...
2026-04-01 18:27:11,742 - basicLogger - INFO - Stats calculated: 0 shots, 0 penalties
2026-04-01 18:27:11,744 - basicLogger - ERROR - Penalty at index 0 not found in Kafka
2026-04-01 18:27:11,744 - basicLogger - ERROR - Shot at index 0 not found in Kafka
2026-04-01 18:27:14,783 - basicLogger - INFO - Searching for shot at index 0...
2026-04-01 18:27:14,784 - basicLogger - INFO - Searching for penalty at index 0...
2026-04-01 18:27:15,785 - basicLogger - ERROR - Shot at index 0 not found in Kafka
2026-04-01 18:27:15,786 - basicLogger - INFO - Stats calculated: 0 shots, 0 penalties
2026-04-01 18:27:15,786 - basicLogger - ERROR - Penalty at index 0 not found in Kafka
2026-04-01 18:27:19,461 - basicLogger - INFO - Searching for penalty at index 0...
2026-04-01 18:27:19,462 - basicLogger - INFO - Searching for shot at index 0...
2026-04-01 18:27:20,463 - basicLogger - INFO - Stats calculated: 0 shots, 0 penalties
2026-04-01 18:27:20,463 - basicLogger - ERROR - Penalty at index 0 not found in Kafka
2026-04-01 18:27:20,466 - basicLogger - ERROR - Shot at index 0 not found in Kafka
2026-04-01 18:27:25,652 - basicLogger - INFO - Searching for shot at index 0...
2026-04-01 18:27:25,653 - basicLogger - INFO - Searching for penalty at index 0...
2026-04-01 18:27:26,655 - basicLogger - ERROR - Shot at index 0 not found in Kafka
2026-04-01 18:27:26,655 - basicLogger - ERROR - Penalty at index 0 not found in Kafka
2026-04-01 18:27:26,657 - basicLogger - INFO - Stats calculated: 0 shots, 0 penalties
2026-04-01 18:27:34,443 - basicLogger - INFO - Searching for penalty at index 0...
2026-04-01 18:27:34,443 - basicLogger - INFO - Searching for shot at index 0...
2026-04-01 18:27:35,444 - basicLogger - INFO - Stats calculated: 0 shots, 0 penalties
2026-04-01 18:27:35,446 - basicLogger - ERROR - Shot at index 0 not found in Kafka
2026-04-01 18:27:35,447 - basicLogger - ERROR - Penalty at index 0 not found in Kafka
2026-04-01 18:27:55,462 - basicLogger - INFO - Searching for shot at index 0...
2026-04-01 18:27:55,466 - basicLogger - INFO - Searching for penalty at index 0...
2026-04-01 18:27:56,464 - basicLogger - ERROR - Shot at index 0 not found in Kafka
2026-04-01 18:27:56,467 - basicLogger - INFO - Stats calculated: 0 shots, 0 penalties
2026-04-01 18:27:56,467 - basicLogger - ERROR - Penalty at index 0 not found in Kafka
2026-04-01 18:28:19,920 - basicLogger - INFO - Searching for shot at index 0...
2026-04-01 18:28:19,920 - basicLogger - INFO - Searching for penalty at index 0...
2026-04-01 18:28:20,923 - basicLogger - INFO - Stats calculated: 0 shots, 0 penalties
2026-04-01 18:28:20,923 - basicLogger - ERROR - Shot at index 0 not found in Kafka
2026-04-01 18:28:20,924 - basicLogger - ERROR - Penalty at index 0 not found in Kafka
2026-04-01 18:28:23,913 - basicLogger - INFO - Searching for penalty at index 0...
2026-04-01 18:28:23,915 - basicLogger - INFO - Searching for shot at index 0...
2026-04-01 18:28:24,915 - basicLogger - ERROR - Penalty at index 0 not found in Kafka
2026-04-01 18:28:24,917 - basicLogger - INFO - Stats calculated: 0 shots, 0 penalties
2026-04-01 18:28:24,919 - basicLogger - ERROR - Shot at index 0 not found in Kafka
2026-04-01 18:28:27,927 - basicLogger - INFO - Searching for penalty at index 0...
2026-04-01 18:28:27,928 - basicLogger - INFO - Searching for shot at index 0...
2026-04-01 18:28:28,928 - basicLogger - ERROR - Penalty at index 0 not found in Kafka
2026-04-01 18:28:28,929 - basicLogger - ERROR - Shot at index 0 not found in Kafka
2026-04-01 18:28:28,929 - basicLogger - INFO - Stats calculated: 0 shots, 0 penalties
2026-04-01 18:28:31,959 - basicLogger - INFO - Searching for shot at index 0...
2026-04-01 18:28:31,959 - basicLogger - INFO - Searching for penalty at index 0...
2026-04-01 18:28:32,958 - basicLogger - INFO - Stats calculated: 0 shots, 0 penalties
2026-04-01 18:28:32,962 - basicLogger - ERROR - Penalty at index 0 not found in Kafka
2026-04-01 18:28:32,962 - basicLogger - ERROR - Shot at index 0 not found in Kafka
2026-04-01 18:28:36,060 - basicLogger - INFO - Searching for shot at index 0...
2026-04-01 18:28:36,061 - basicLogger - INFO - Searching for penalty at index 0...
2026-04-01 18:28:37,062 - basicLogger - INFO - Stats calculated: 0 shots, 0 penalties
2026-04-01 18:28:37,063 - basicLogger - ERROR - Penalty at index 0 not found in Kafka
2026-04-01 18:28:37,063 - basicLogger - ERROR - Shot at index 0 not found in Kafka
2026-04-01 18:28:40,451 - basicLogger - INFO - Searching for penalty at index 0...
2026-04-01 18:28:40,452 - basicLogger - INFO - Searching for shot at index 0...
2026-04-01 18:28:41,453 - basicLogger - ERROR - Penalty at index 0 not found in Kafka
2026-04-01 18:28:41,453 - basicLogger - INFO - Stats calculated: 0 shots, 0 penalties
2026-04-01 18:28:41,455 - basicLogger - ERROR - Shot at index 0 not found in Kafka
2026-04-01 18:28:45,717 - basicLogger - INFO - Searching for penalty at index 0...
2026-04-01 18:28:45,718 - basicLogger - INFO - Searching for shot at index 0...
2026-04-01 18:28:46,720 - basicLogger - ERROR - Shot at index 0 not found in Kafka
2026-04-01 18:28:46,720 - basicLogger - INFO - Stats calculated: 0 shots, 0 penalties
2026-04-01 18:28:46,720 - basicLogger - ERROR - Penalty at index 0 not found in Kafka
2026-04-01 18:28:53,491 - basicLogger - INFO - Searching for shot at index 0...
2026-04-01 18:28:53,493 - basicLogger - INFO - Searching for penalty at index 0...
2026-04-01 18:28:54,493 - basicLogger - ERROR - Shot at index 0 not found in Kafka
2026-04-01 18:28:54,494 - basicLogger - INFO - Stats calculated: 0 shots, 0 penalties
2026-04-01 18:28:54,500 - basicLogger - ERROR - Penalty at index 0 not found in Kafka
2026-04-01 18:29:02,374 - basicLogger - INFO - Searching for penalty at index 0...
2026-04-01 18:29:02,375 - basicLogger - INFO - Searching for shot at index 0...
2026-04-01 18:29:03,375 - basicLogger - ERROR - Penalty at index 0 not found in Kafka
2026-04-01 18:29:03,375 - basicLogger - INFO - Stats calculated: 0 shots, 0 penalties
2026-04-01 18:29:03,380 - basicLogger - ERROR - Shot at index 0 not found in Kafka
2026-04-01 18:29:06,390 - basicLogger - INFO - Searching for shot at index 0...
2026-04-01 18:29:06,391 - basicLogger - INFO - Searching for penalty at index 0...
2026-04-01 18:29:07,391 - basicLogger - INFO - Stats calculated: 0 shots, 0 penalties
2026-04-01 18:29:07,394 - basicLogger - ERROR - Penalty at index 0 not found in Kafka
2026-04-01 18:29:07,394 - basicLogger - ERROR - Shot at index 0 not found in Kafka
2026-04-01 18:29:10,415 - basicLogger - INFO - Searching for shot at index 0...
2026-04-01 18:29:10,416 - basicLogger - INFO - Searching for penalty at index 0...
2026-04-01 18:29:11,418 - basicLogger - ERROR - Penalty at index 0 not found in Kafka
2026-04-01 18:29:11,419 - basicLogger - ERROR - Shot at index 0 not found in Kafka
2026-04-01 18:29:11,419 - basicLogger - INFO - Stats calculated: 0 shots, 0 penalties
2026-04-01 18:29:14,435 - basicLogger - INFO - Searching for penalty at index 0...
2026-04-01 18:29:14,437 - basicLogger - INFO - Searching for shot at index 0...
2026-04-01 18:29:15,437 - basicLogger - ERROR - Penalty at index 0 not found in Kafka
2026-04-01 18:29:15,439 - basicLogger - INFO - Stats calculated: 0 shots, 0 penalties
2026-04-01 18:29:15,440 - basicLogger - ERROR - Shot at index 0 not found in Kafka
2026-04-01 18:29:18,455 - basicLogger - INFO - Searching for penalty at index 0...
2026-04-01 18:29:18,458 - basicLogger - INFO - Searching for shot at index 0...
2026-04-01 18:29:19,458 - basicLogger - ERROR - Penalty at index 0 not found in Kafka
2026-04-01 18:29:19,458 - basicLogger - INFO - Stats calculated: 0 shots, 0 penalties
2026-04-01 18:29:19,461 - basicLogger - ERROR - Shot at index 0 not found in Kafka
2026-04-01 18:29:22,463 - basicLogger - INFO - Searching for shot at index 0...
2026-04-01 18:29:22,464 - basicLogger - INFO - Searching for penalty at index 0...
2026-04-01 18:29:23,465 - basicLogger - ERROR - Shot at index 0 not found in Kafka
2026-04-01 18:29:23,467 - basicLogger - INFO - Stats calculated: 0 shots, 0 penalties
2026-04-01 18:29:23,467 - basicLogger - ERROR - Penalty at index 0 not found in Kafka
2026-04-01 18:29:26,494 - basicLogger - INFO - Searching for shot at index 0...
2026-04-01 18:29:26,496 - basicLogger - INFO - Searching for penalty at index 0...
2026-04-01 18:29:27,497 - basicLogger - INFO - Stats calculated: 0 shots, 0 penalties
2026-04-01 18:29:27,497 - basicLogger - ERROR - Shot at index 0 not found in Kafka
2026-04-01 18:29:27,499 - basicLogger - ERROR - Penalty at index 0 not found in Kafka
2026-04-01 18:29:30,520 - basicLogger - INFO - Searching for penalty at index 0...
2026-04-01 18:29:30,520 - basicLogger - INFO - Searching for shot at index 0...
2026-04-01 18:29:31,523 - basicLogger - INFO - Stats calculated: 0 shots, 0 penalties
2026-04-01 18:29:31,523 - basicLogger - ERROR - Shot at index 0 not found in Kafka
2026-04-01 18:29:31,523 - basicLogger - ERROR - Penalty at index 0 not found in Kafka
2026-04-01 18:29:34,538 - basicLogger - INFO - Searching for shot at index 0...
2026-04-01 18:29:34,539 - basicLogger - INFO - Searching for penalty at index 0...
2026-04-01 18:29:35,539 - basicLogger - INFO - Stats calculated: 0 shots, 0 penalties
2026-04-01 18:29:35,543 - basicLogger - ERROR - Shot at index 0 not found in Kafka
2026-04-01 18:29:35,543 - basicLogger - ERROR - Penalty at index 0 not found in Kafka
2026-04-01 18:29:38,560 - basicLogger - INFO - Searching for shot at index 0...
2026-04-01 18:29:38,564 - basicLogger - INFO - Searching for penalty at index 0...
2026-04-01 18:29:39,563 - basicLogger - ERROR - Shot at index 0 not found in Kafka
2026-04-01 18:29:39,566 - basicLogger - ERROR - Penalty at index 0 not found in Kafka
2026-04-01 18:29:39,566 - basicLogger - INFO - Stats calculated: 0 shots, 0 penalties
2026-04-01 18:29:42,565 - basicLogger - INFO - Searching for penalty at index 0...
2026-04-01 18:29:42,566 - basicLogger - INFO - Searching for shot at index 0...
2026-04-01 18:29:43,568 - basicLogger - ERROR - Penalty at index 0 not found in Kafka
2026-04-01 18:29:43,568 - basicLogger - ERROR - Shot at index 0 not found in Kafka
2026-04-01 18:29:43,568 - basicLogger - INFO - Stats calculated: 0 shots, 0 penalties
2026-04-01 18:29:46,600 - basicLogger - INFO - Searching for penalty at index 0...
2026-04-01 18:29:46,600 - basicLogger - INFO - Searching for shot at index 0...
2026-04-01 18:29:47,602 - basicLogger - ERROR - Penalty at index 0 not found in Kafka
2026-04-01 18:29:47,603 - basicLogger - ERROR - Shot at index 0 not found in Kafka
2026-04-01 18:29:47,603 - basicLogger - INFO - Stats calculated: 0 shots, 0 penalties
2026-04-01 18:29:50,611 - basicLogger - INFO - Searching for penalty at index 0...
2026-04-01 18:29:50,612 - basicLogger - INFO - Searching for shot at index 0...
2026-04-01 18:29:51,614 - basicLogger - ERROR - Penalty at index 0 not found in Kafka
2026-04-01 18:29:51,615 - basicLogger - INFO - Stats calculated: 0 shots, 0 penalties
2026-04-01 18:29:51,618 - basicLogger - ERROR - Shot at index 0 not found in Kafka
2026-04-01 18:29:55,185 - basicLogger - INFO - Searching for penalty at index 0...
2026-04-01 18:29:55,187 - basicLogger - INFO - Searching for shot at index 0...
2026-04-01 18:29:56,188 - basicLogger - ERROR - Penalty at index 0 not found in Kafka
2026-04-01 18:29:56,189 - basicLogger - INFO - Stats calculated: 0 shots, 0 penalties
2026-04-01 18:29:56,189 - basicLogger - ERROR - Shot at index 0 not found in Kafka
2026-04-01 18:29:59,217 - basicLogger - INFO - Searching for shot at index 0...
2026-04-01 18:29:59,218 - basicLogger - INFO - Searching for penalty at index 0...
2026-04-01 18:30:00,220 - basicLogger - ERROR - Shot at index 0 not found in Kafka
2026-04-01 18:30:00,220 - basicLogger - ERROR - Penalty at index 0 not found in Kafka
2026-04-01 18:30:00,221 - basicLogger - INFO - Stats calculated: 0 shots, 0 penalties
2026-04-01 18:30:00,676 - basicLogger - INFO - Searching for penalty at index -1...
2026-04-01 18:30:00,677 - basicLogger - INFO - Searching for shot at index -1...
2026-04-01 18:30:01,677 - basicLogger - INFO - Stats calculated: 0 shots, 0 penalties
2026-04-01 18:30:01,679 - basicLogger - ERROR - No shot events found in Kafka
2026-04-01 18:30:01,679 - basicLogger - ERROR - No penalty events found in Kafka
2026-04-01 18:30:04,687 - basicLogger - INFO - Searching for penalty at index -1...
2026-04-01 18:30:04,687 - basicLogger - INFO - Searching for shot at index -1...
2026-04-01 18:30:05,688 - basicLogger - INFO - Stats calculated: 0 shots, 0 penalties
2026-04-01 18:30:05,690 - basicLogger - ERROR - No penalty events found in Kafka
2026-04-01 18:30:05,690 - basicLogger - ERROR - No shot events found in Kafka
2026-04-01 18:30:08,689 - basicLogger - INFO - Searching for penalty at index -1...
2026-04-01 18:30:08,689 - basicLogger - INFO - Searching for shot at index -1...
2026-04-01 18:30:09,690 - basicLogger - INFO - Stats calculated: 0 shots, 0 penalties
2026-04-01 18:30:09,693 - basicLogger - ERROR - No shot events found in Kafka
2026-04-01 18:30:09,695 - basicLogger - ERROR - No penalty events found in Kafka
2026-04-01 18:30:12,686 - basicLogger - INFO - Searching for shot at index -1...
2026-04-01 18:30:12,687 - basicLogger - INFO - Searching for penalty at index -1...
2026-04-01 18:30:13,687 - basicLogger - INFO - Stats calculated: 0 shots, 0 penalties
2026-04-01 18:30:13,688 - basicLogger - ERROR - No shot events found in Kafka
2026-04-01 18:30:13,690 - basicLogger - ERROR - No penalty events found in Kafka
2026-04-01 18:30:16,684 - basicLogger - INFO - Searching for penalty at index -1...
2026-04-01 18:30:16,685 - basicLogger - INFO - Searching for shot at index -1...
2026-04-01 18:30:17,683 - basicLogger - INFO - Stats calculated: 0 shots, 0 penalties
2026-04-01 18:30:17,687 - basicLogger - ERROR - No penalty events found in Kafka
2026-04-01 18:30:17,688 - basicLogger - ERROR - No shot events found in Kafka
2026-04-01 18:30:20,695 - basicLogger - INFO - Searching for shot at index -1...
2026-04-01 18:30:20,696 - basicLogger - INFO - Searching for penalty at index -1...
2026-04-01 18:30:21,695 - basicLogger - INFO - Stats calculated: 0 shots, 0 penalties
2026-04-01 18:30:21,698 - basicLogger - ERROR - No shot events found in Kafka
2026-04-01 18:30:21,700 - basicLogger - ERROR - No penalty events found in Kafka
2026-04-01 18:30:24,703 - basicLogger - INFO - Searching for shot at index -1...
2026-04-01 18:30:24,705 - basicLogger - INFO - Searching for penalty at index -1...
2026-04-01 18:30:25,705 - basicLogger - ERROR - No shot events found in Kafka
2026-04-01 18:30:25,708 - basicLogger - INFO - Stats calculated: 0 shots, 0 penalties
2026-04-01 18:30:25,708 - basicLogger - ERROR - No penalty events found in Kafka
2026-04-01 18:30:28,712 - basicLogger - INFO - Searching for shot at index -1...
2026-04-01 18:30:28,714 - basicLogger - INFO - Searching for penalty at index -1...
2026-04-01 18:30:30,595 - basicLogger - INFO - Stats calculated: 50 shots, 50 penalties
2026-04-01 18:30:30,596 - basicLogger - INFO - Found latest shot event
2026-04-01 18:30:30,596 - basicLogger - INFO - Found latest penalty event
2026-04-01 18:30:32,734 - basicLogger - INFO - Searching for penalty at index -1...
2026-04-01 18:30:32,735 - basicLogger - INFO - Searching for shot at index -1...
2026-04-01 18:30:33,841 - basicLogger - INFO - Found latest penalty event
2026-04-01 18:30:33,842 - basicLogger - INFO - Found latest shot event
2026-04-01 18:30:33,843 - basicLogger - INFO - Stats calculated: 50 shots, 50 penalties
2026-04-01 18:30:36,753 - basicLogger - INFO - Searching for shot at index -1...
2026-04-01 18:30:36,754 - basicLogger - INFO - Searching for penalty at index -1...
2026-04-01 18:30:38,017 - basicLogger - INFO - Found latest shot event
2026-04-01 18:30:38,022 - basicLogger - INFO - Found latest penalty event
2026-04-01 18:30:38,023 - basicLogger - INFO - Stats calculated: 100 shots, 100 penalties
2026-04-01 18:30:40,789 - basicLogger - INFO - Searching for shot at index -1...
2026-04-01 18:30:40,790 - basicLogger - INFO - Searching for penalty at index -1...
2026-04-01 18:30:41,995 - basicLogger - INFO - Found latest shot event
2026-04-01 18:30:41,995 - basicLogger - INFO - Stats calculated: 100 shots, 100 penalties
2026-04-01 18:30:41,997 - basicLogger - INFO - Found latest penalty event
2026-04-01 18:30:44,792 - basicLogger - INFO - Searching for penalty at index -1...
2026-04-01 18:30:44,797 - basicLogger - INFO - Searching for shot at index -1...
2026-04-01 18:30:45,999 - basicLogger - INFO - Found latest penalty event
2026-04-01 18:30:46,001 - basicLogger - INFO - Stats calculated: 100 shots, 100 penalties
2026-04-01 18:30:46,003 - basicLogger - INFO - Found latest shot event
2026-04-01 18:30:48,815 - basicLogger - INFO - Searching for penalty at index -1...
2026-04-01 18:30:48,822 - basicLogger - INFO - Searching for shot at index -1...
2026-04-01 18:30:50,024 - basicLogger - INFO - Found latest penalty event
2026-04-01 18:30:50,029 - basicLogger - INFO - Found latest shot event
2026-04-01 18:30:50,034 - basicLogger - INFO - Stats calculated: 100 shots, 100 penalties
2026-04-01 18:30:52,841 - basicLogger - INFO - Searching for shot at index -1...
2026-04-01 18:30:52,843 - basicLogger - INFO - Searching for penalty at index -1...
2026-04-01 18:30:54,050 - basicLogger - INFO - Found latest shot event
2026-04-01 18:30:54,051 - basicLogger - INFO - Stats calculated: 100 shots, 100 penalties
2026-04-01 18:30:54,052 - basicLogger - INFO - Found latest penalty event
2026-04-01 18:30:56,847 - basicLogger - INFO - Searching for shot at index -1...
2026-04-01 18:30:56,852 - basicLogger - INFO - Searching for penalty at index -1...
2026-04-01 18:30:58,053 - basicLogger - INFO - Found latest shot event
2026-04-01 18:30:58,056 - basicLogger - INFO - Found latest penalty event
2026-04-01 18:30:58,057 - basicLogger - INFO - Stats calculated: 100 shots, 100 penalties
2026-04-01 18:31:00,976 - basicLogger - INFO - Searching for shot at index -1...
2026-04-01 18:31:00,979 - basicLogger - INFO - Searching for penalty at index -1...
2026-04-01 18:31:02,192 - basicLogger - INFO - Found latest shot event
2026-04-01 18:31:02,192 - basicLogger - INFO - Stats calculated: 100 shots, 100 penalties
2026-04-01 18:31:02,194 - basicLogger - INFO - Found latest penalty event
2026-04-01 18:31:05,401 - basicLogger - INFO - Searching for penalty at index -1...
2026-04-01 18:31:05,407 - basicLogger - INFO - Searching for shot at index -1...
2026-04-01 18:31:06,608 - basicLogger - INFO - Stats calculated: 100 shots, 100 penalties
2026-04-01 18:31:06,608 - basicLogger - INFO - Found latest penalty event
2026-04-01 18:31:06,613 - basicLogger - INFO - Found latest shot event
2026-04-01 18:31:10,336 - basicLogger - INFO - Searching for penalty at index -1...
2026-04-01 18:31:10,337 - basicLogger - INFO - Searching for shot at index -1...
2026-04-01 18:31:11,545 - basicLogger - INFO - Stats calculated: 100 shots, 100 penalties
2026-04-01 18:31:11,545 - basicLogger - INFO - Found latest shot event
2026-04-01 18:31:11,549 - basicLogger - INFO - Found latest penalty event
2026-04-01 18:31:22,960 - basicLogger - INFO - Searching for shot at index -1...
2026-04-01 18:31:22,961 - basicLogger - INFO - Searching for penalty at index -1...
2026-04-01 18:31:24,167 - basicLogger - INFO - Stats calculated: 100 shots, 100 penalties
2026-04-01 18:31:24,167 - basicLogger - INFO - Found latest shot event
2026-04-01 18:31:24,171 - basicLogger - INFO - Found latest penalty event
2026-04-01 18:31:44,633 - basicLogger - INFO - Searching for shot at index -1...
2026-04-01 18:31:44,635 - basicLogger - INFO - Searching for penalty at index -1...
2026-04-01 18:31:45,837 - basicLogger - INFO - Stats calculated: 100 shots, 100 penalties
2026-04-01 18:31:45,840 - basicLogger - INFO - Found latest penalty event
2026-04-01 18:31:45,840 - basicLogger - INFO - Found latest shot event
2026-04-01 18:31:48,639 - basicLogger - INFO - Searching for penalty at index -1...
2026-04-01 18:31:48,645 - basicLogger - INFO - Searching for shot at index -1...
2026-04-01 18:31:49,848 - basicLogger - INFO - Found latest penalty event
2026-04-01 18:31:49,849 - basicLogger - INFO - Stats calculated: 100 shots, 100 penalties
2026-04-01 18:31:49,853 - basicLogger - INFO - Found latest shot event
2026-04-01 18:31:52,654 - basicLogger - INFO - Searching for penalty at index -1...
2026-04-01 18:31:52,655 - basicLogger - INFO - Searching for shot at index -1...
2026-04-01 18:31:53,860 - basicLogger - INFO - Found latest penalty event
2026-04-01 18:31:53,861 - basicLogger - INFO - Found latest shot event
2026-04-01 18:31:53,861 - basicLogger - INFO - Stats calculated: 100 shots, 100 penalties
2026-04-01 19:53:25,876 - basicLogger - INFO - Stats calculated: 200 shots, 200 penalties
2026-04-01 19:53:32,377 - basicLogger - INFO - Stats calculated: 400 shots, 400 penalties
2026-04-01 19:58:41,508 - basicLogger - INFO - Stats calculated: 0 shots, 0 penalties
2026-04-01 19:58:48,561 - basicLogger - INFO - Stats calculated: 200 shots, 200 penalties
2026-04-01 19:59:28,479 - basicLogger - INFO - Stats calculated: 200 shots, 200 penalties
2026-04-01 20:02:18,974 - basicLogger - INFO - Stats calculated: 0 shots, 0 penalties
2026-04-01 20:02:39,434 - basicLogger - INFO - Stats calculated: 500 shots, 500 penalties
2026-04-01 20:42:14,319 - basicLogger - INFO - Stats calculated: 600 shots, 600 penalties
2026-04-01 20:42:21,059 - basicLogger - INFO - Stats calculated: 600 shots, 600 penalties
2026-04-01 20:42:24,963 - basicLogger - INFO - Stats calculated: 650 shots, 650 penalties
2026-04-01 20:42:40,367 - basicLogger - INFO - Stats calculated: 650 shots, 650 penalties
2026-04-01 20:42:44,645 - basicLogger - INFO - Stats calculated: 700 shots, 700 penalties
2026-04-11 00:50:39,964 - basicLogger - INFO - Stats calculated: 0 shots, 0 penalties
2026-04-11 01:57:43,295 - basicLogger - INFO - Stats calculated: 50 shots, 50 penalties
2026-04-11 01:57:51,735 - basicLogger - INFO - Searching for shot at index -1...
2026-04-11 01:57:51,736 - basicLogger - INFO - Searching for penalty at index -1...
2026-04-11 01:57:52,851 - basicLogger - INFO - Found latest shot event
2026-04-11 01:57:52,852 - basicLogger - INFO - Found latest penalty event
2026-04-11 01:57:52,858 - basicLogger - INFO - Stats calculated: 50 shots, 50 penalties
2026-04-11 01:57:55,745 - basicLogger - INFO - Searching for penalty at index -1...
2026-04-11 01:57:55,746 - basicLogger - INFO - Searching for shot at index -1...
2026-04-11 01:57:56,851 - basicLogger - INFO - Found latest penalty event
2026-04-11 01:57:56,855 - basicLogger - INFO - Found latest shot event
2026-04-11 01:57:56,856 - basicLogger - INFO - Stats calculated: 50 shots, 50 penalties
2026-04-11 01:57:59,742 - basicLogger - INFO - Searching for penalty at index -1...
2026-04-11 01:57:59,745 - basicLogger - INFO - Searching for shot at index -1...
2026-04-11 01:58:00,850 - basicLogger - INFO - Found latest penalty event
2026-04-11 01:58:00,866 - basicLogger - INFO - Stats calculated: 50 shots, 50 penalties
2026-04-11 01:58:00,868 - basicLogger - INFO - Found latest shot event
2026-04-11 01:58:03,742 - basicLogger - INFO - Searching for penalty at index -1...
2026-04-11 01:58:03,747 - basicLogger - INFO - Searching for shot at index -1...
2026-04-11 01:58:04,849 - basicLogger - INFO - Stats calculated: 50 shots, 50 penalties
2026-04-11 01:58:04,850 - basicLogger - INFO - Found latest penalty event
2026-04-11 01:58:04,851 - basicLogger - INFO - Found latest shot event
2026-04-11 01:58:07,738 - basicLogger - INFO - Searching for shot at index -1...
2026-04-11 01:58:07,740 - basicLogger - INFO - Searching for penalty at index -1...
2026-04-11 01:58:08,844 - basicLogger - INFO - Found latest shot event
2026-04-11 01:58:08,846 - basicLogger - INFO - Found latest penalty event
2026-04-11 01:58:08,846 - basicLogger - INFO - Stats calculated: 50 shots, 50 penalties
2026-04-11 01:58:11,737 - basicLogger - INFO - Searching for shot at index -1...
2026-04-11 01:58:11,738 - basicLogger - INFO - Searching for penalty at index -1...
2026-04-11 01:58:12,843 - basicLogger - INFO - Found latest penalty event
2026-04-11 01:58:12,844 - basicLogger - INFO - Stats calculated: 50 shots, 50 penalties
2026-04-11 01:58:12,845 - basicLogger - INFO - Found latest shot event
2026-04-11 02:26:01,064 - basicLogger - INFO - Searching for shot at index -1...
2026-04-11 02:26:01,065 - basicLogger - INFO - Searching for penalty at index -1...
2026-04-11 02:26:02,067 - basicLogger - ERROR - No shot events found in Kafka
2026-04-11 02:26:02,068 - basicLogger - ERROR - No penalty events found in Kafka
2026-04-11 02:26:02,068 - basicLogger - INFO - Stats calculated: 0 shots, 0 penalties
2026-04-11 02:26:05,136 - basicLogger - INFO - Searching for penalty at index -1...
2026-04-11 02:26:05,137 - basicLogger - INFO - Searching for shot at index -1...
2026-04-11 02:26:06,138 - basicLogger - INFO - Stats calculated: 0 shots, 0 penalties
2026-04-11 02:26:06,140 - basicLogger - ERROR - No penalty events found in Kafka
2026-04-11 02:26:06,141 - basicLogger - ERROR - No shot events found in Kafka
2026-04-11 02:26:09,237 - basicLogger - INFO - Searching for shot at index -1...
2026-04-11 02:26:09,238 - basicLogger - INFO - Searching for penalty at index -1...
2026-04-11 02:26:10,239 - basicLogger - INFO - Stats calculated: 0 shots, 0 penalties
2026-04-11 02:26:10,240 - basicLogger - ERROR - No penalty events found in Kafka
2026-04-11 02:26:10,242 - basicLogger - ERROR - No shot events found in Kafka
2026-04-11 02:26:13,311 - basicLogger - INFO - Searching for penalty at index -1...
2026-04-11 02:26:13,312 - basicLogger - INFO - Searching for shot at index -1...
2026-04-11 02:26:14,312 - basicLogger - ERROR - No penalty events found in Kafka
2026-04-11 02:26:14,314 - basicLogger - INFO - Stats calculated: 0 shots, 0 penalties
2026-04-11 02:26:14,316 - basicLogger - ERROR - No shot events found in Kafka
2026-04-11 02:26:17,419 - basicLogger - INFO - Searching for shot at index -1...
2026-04-11 02:26:17,420 - basicLogger - INFO - Searching for penalty at index -1...
2026-04-11 02:26:18,421 - basicLogger - ERROR - No shot events found in Kafka
2026-04-11 02:26:18,422 - basicLogger - ERROR - No penalty events found in Kafka
2026-04-11 02:26:18,422 - basicLogger - INFO - Stats calculated: 0 shots, 0 penalties
2026-04-11 02:26:21,509 - basicLogger - INFO - Searching for shot at index -1...
2026-04-11 02:26:21,509 - basicLogger - INFO - Searching for penalty at index -1...
2026-04-11 02:26:22,512 - basicLogger - INFO - Stats calculated: 0 shots, 0 penalties
2026-04-11 02:26:22,512 - basicLogger - ERROR - No shot events found in Kafka
2026-04-11 02:26:22,513 - basicLogger - ERROR - No penalty events found in Kafka
2026-04-11 02:26:25,608 - basicLogger - INFO - Searching for shot at index -1...
2026-04-11 02:26:25,608 - basicLogger - INFO - Searching for penalty at index -1...
2026-04-11 02:26:26,610 - basicLogger - INFO - Stats calculated: 0 shots, 0 penalties
2026-04-11 02:26:26,610 - basicLogger - ERROR - No shot events found in Kafka
2026-04-11 02:26:26,611 - basicLogger - ERROR - No penalty events found in Kafka
2026-04-11 02:26:30,412 - basicLogger - INFO - Searching for shot at index -1...
2026-04-11 02:26:30,414 - basicLogger - INFO - Searching for penalty at index -1...
2026-04-11 02:26:31,416 - basicLogger - ERROR - No shot events found in Kafka
2026-04-11 02:26:31,416 - basicLogger - INFO - Stats calculated: 0 shots, 0 penalties
2026-04-11 02:26:31,417 - basicLogger - ERROR - No penalty events found in Kafka
2026-04-11 02:26:35,429 - basicLogger - INFO - Searching for penalty at index -1...
2026-04-11 02:26:35,431 - basicLogger - INFO - Searching for shot at index -1...
2026-04-11 02:26:36,433 - basicLogger - ERROR - No penalty events found in Kafka
2026-04-11 02:26:36,433 - basicLogger - ERROR - No shot events found in Kafka
2026-04-11 02:26:36,435 - basicLogger - INFO - Stats calculated: 0 shots, 0 penalties
2026-04-11 02:26:40,431 - basicLogger - INFO - Searching for shot at index -1...
2026-04-11 02:26:40,432 - basicLogger - INFO - Searching for penalty at index -1...
2026-04-11 02:26:41,434 - basicLogger - ERROR - No shot events found in Kafka
2026-04-11 02:26:41,434 - basicLogger - INFO - Stats calculated: 0 shots, 0 penalties
2026-04-11 02:26:41,434 - basicLogger - ERROR - No penalty events found in Kafka
2026-04-11 02:26:45,439 - basicLogger - INFO - Searching for penalty at index -1...
2026-04-11 02:26:45,439 - basicLogger - INFO - Searching for shot at index -1...
2026-04-11 02:26:46,439 - basicLogger - INFO - Stats calculated: 0 shots, 0 penalties
2026-04-11 02:26:46,441 - basicLogger - ERROR - No shot events found in Kafka
2026-04-11 02:26:46,443 - basicLogger - ERROR - No penalty events found in Kafka
2026-04-11 02:26:50,430 - basicLogger - INFO - Searching for shot at index -1...
2026-04-11 02:26:50,430 - basicLogger - INFO - Searching for penalty at index -1...
2026-04-11 02:26:51,431 - basicLogger - INFO - Stats calculated: 0 shots, 0 penalties
2026-04-11 02:26:51,431 - basicLogger - ERROR - No penalty events found in Kafka
2026-04-11 02:26:51,434 - basicLogger - ERROR - No shot events found in Kafka
2026-04-11 02:26:55,422 - basicLogger - INFO - Searching for shot at index -1...
2026-04-11 02:26:55,423 - basicLogger - INFO - Searching for penalty at index -1...
2026-04-11 02:26:56,424 - basicLogger - ERROR - No penalty events found in Kafka
2026-04-11 02:26:56,425 - basicLogger - ERROR - No shot events found in Kafka
2026-04-11 02:26:56,425 - basicLogger - INFO - Stats calculated: 0 shots, 0 penalties
2026-04-11 02:27:00,422 - basicLogger - INFO - Searching for penalty at index -1...
2026-04-11 02:27:00,422 - basicLogger - INFO - Searching for shot at index -1...
2026-04-11 02:27:01,423 - basicLogger - ERROR - No penalty events found in Kafka
2026-04-11 02:27:01,425 - basicLogger - ERROR - No shot events found in Kafka
2026-04-11 02:27:01,425 - basicLogger - INFO - Stats calculated: 0 shots, 0 penalties
2026-04-11 02:27:05,418 - basicLogger - INFO - Searching for shot at index -1...
2026-04-11 02:27:05,419 - basicLogger - INFO - Searching for penalty at index -1...
2026-04-11 02:27:06,419 - basicLogger - INFO - Stats calculated: 0 shots, 0 penalties
2026-04-11 02:27:06,420 - basicLogger - ERROR - No penalty events found in Kafka
2026-04-11 02:27:06,421 - basicLogger - ERROR - No shot events found in Kafka
2026-04-11 02:27:31,709 - basicLogger - INFO - Stats calculated: 0 shots, 0 penalties
2026-04-11 02:27:35,455 - basicLogger - INFO - Searching for shot at index -1...
2026-04-11 02:27:35,460 - basicLogger - INFO - Searching for penalty at index -1...
2026-04-11 02:27:36,459 - basicLogger - INFO - Stats calculated: 0 shots, 0 penalties
2026-04-11 02:27:36,461 - basicLogger - ERROR - No shot events found in Kafka
2026-04-11 02:27:36,462 - basicLogger - ERROR - No penalty events found in Kafka
2026-04-11 02:27:39,460 - basicLogger - INFO - Searching for shot at index -1...
2026-04-11 02:27:39,461 - basicLogger - INFO - Searching for penalty at index -1...
2026-04-11 02:27:40,463 - basicLogger - ERROR - No shot events found in Kafka
2026-04-11 02:27:40,464 - basicLogger - ERROR - No penalty events found in Kafka
2026-04-11 02:27:40,464 - basicLogger - INFO - Stats calculated: 0 shots, 0 penalties
2026-04-11 02:32:38,557 - basicLogger - INFO - Stats calculated: 0 shots, 0 penalties
2026-04-11 02:32:44,363 - basicLogger - INFO - Searching for shot at index -1...
2026-04-11 02:32:45,366 - basicLogger - ERROR - No shot events found in Kafka
2026-04-11 02:58:54,418 - basicLogger - INFO - Searching for penalty at index -1...
2026-04-11 02:58:54,420 - basicLogger - INFO - Searching for shot at index -1...
2026-04-11 02:58:55,421 - basicLogger - ERROR - No penalty events found in Kafka
2026-04-11 02:58:55,423 - basicLogger - ERROR - No shot events found in Kafka
2026-04-11 02:58:55,424 - basicLogger - INFO - Stats calculated: 0 shots, 0 penalties
2026-04-11 02:58:58,379 - basicLogger - INFO - Searching for shot at index -1...
2026-04-11 02:58:58,380 - basicLogger - INFO - Searching for penalty at index -1...
2026-04-11 02:58:59,382 - basicLogger - INFO - Stats calculated: 0 shots, 0 penalties
2026-04-11 02:58:59,382 - basicLogger - ERROR - No penalty events found in Kafka
2026-04-11 02:58:59,383 - basicLogger - ERROR - No shot events found in Kafka
2026-04-11 02:59:02,374 - basicLogger - INFO - Searching for shot at index -1...
2026-04-11 02:59:02,376 - basicLogger - INFO - Searching for penalty at index -1...
2026-04-11 02:59:03,377 - basicLogger - INFO - Stats calculated: 0 shots, 0 penalties
2026-04-11 02:59:03,380 - basicLogger - ERROR - No shot events found in Kafka
2026-04-11 02:59:03,380 - basicLogger - ERROR - No penalty events found in Kafka
2026-04-11 02:59:06,377 - basicLogger - INFO - Searching for shot at index -1...
2026-04-11 02:59:06,378 - basicLogger - INFO - Searching for penalty at index -1...
2026-04-11 02:59:07,378 - basicLogger - INFO - Stats calculated: 0 shots, 0 penalties
2026-04-11 02:59:07,381 - basicLogger - ERROR - No penalty events found in Kafka
2026-04-11 02:59:07,382 - basicLogger - ERROR - No shot events found in Kafka
2026-04-11 02:59:10,377 - basicLogger - INFO - Searching for shot at index -1...
2026-04-11 02:59:10,378 - basicLogger - INFO - Searching for penalty at index -1...
2026-04-11 02:59:11,378 - basicLogger - INFO - Stats calculated: 0 shots, 0 penalties
2026-04-11 02:59:11,380 - basicLogger - ERROR - No shot events found in Kafka
2026-04-11 02:59:11,382 - basicLogger - ERROR - No penalty events found in Kafka
2026-04-11 02:59:11,865 - basicLogger - INFO - Searching for penalty at index -1...
2026-04-11 02:59:11,868 - basicLogger - INFO - Searching for shot at index -1...
2026-04-11 02:59:12,868 - basicLogger - INFO - Stats calculated: 0 shots, 0 penalties
2026-04-11 02:59:12,868 - basicLogger - ERROR - No penalty events found in Kafka
2026-04-11 02:59:12,871 - basicLogger - ERROR - No shot events found in Kafka
2026-04-11 02:59:15,908 - basicLogger - INFO - Searching for shot at index -1...
2026-04-11 02:59:15,912 - basicLogger - INFO - Searching for penalty at index -1...
2026-04-11 02:59:16,906 - basicLogger - INFO - Stats calculated: 0 shots, 0 penalties
2026-04-11 02:59:16,913 - basicLogger - ERROR - No shot events found in Kafka
2026-04-11 02:59:16,916 - basicLogger - ERROR - No penalty events found in Kafka
2026-04-11 02:59:19,875 - basicLogger - INFO - Searching for shot at index -1...
2026-04-11 02:59:19,877 - basicLogger - INFO - Searching for penalty at index -1...
2026-04-11 02:59:20,877 - basicLogger - ERROR - No shot events found in Kafka
2026-04-11 02:59:20,880 - basicLogger - INFO - Stats calculated: 0 shots, 0 penalties
2026-04-11 02:59:20,880 - basicLogger - ERROR - No penalty events found in Kafka
2026-04-11 02:59:23,875 - basicLogger - INFO - Searching for shot at index -1...
2026-04-11 02:59:23,877 - basicLogger - INFO - Searching for penalty at index -1...
2026-04-11 02:59:24,876 - basicLogger - INFO - Stats calculated: 0 shots, 0 penalties
2026-04-11 02:59:24,877 - basicLogger - ERROR - No shot events found in Kafka
2026-04-11 02:59:24,879 - basicLogger - ERROR - No penalty events found in Kafka
2026-04-11 02:59:27,890 - basicLogger - INFO - Searching for shot at index -1...
2026-04-11 02:59:27,893 - basicLogger - INFO - Searching for penalty at index -1...
2026-04-11 02:59:28,892 - basicLogger - ERROR - No shot events found in Kafka
2026-04-11 02:59:28,896 - basicLogger - INFO - Stats calculated: 0 shots, 0 penalties
2026-04-11 02:59:28,896 - basicLogger - ERROR - No penalty events found in Kafka
2026-04-11 02:59:31,972 - basicLogger - INFO - Searching for shot at index -1...
2026-04-11 02:59:31,974 - basicLogger - INFO - Searching for penalty at index -1...
2026-04-11 02:59:32,974 - basicLogger - ERROR - No shot events found in Kafka
2026-04-11 02:59:32,974 - basicLogger - INFO - Stats calculated: 0 shots, 0 penalties
2026-04-11 02:59:32,978 - basicLogger - ERROR - No penalty events found in Kafka
2026-04-11 02:59:36,065 - basicLogger - INFO - Searching for shot at index -1...
2026-04-11 02:59:36,066 - basicLogger - INFO - Searching for penalty at index -1...
2026-04-11 02:59:37,068 - basicLogger - ERROR - No shot events found in Kafka
2026-04-11 02:59:37,070 - basicLogger - INFO - Stats calculated: 0 shots, 0 penalties
2026-04-11 02:59:37,071 - basicLogger - ERROR - No penalty events found in Kafka
2026-04-11 02:59:41,655 - basicLogger - INFO - Searching for shot at index -1...
2026-04-11 02:59:41,657 - basicLogger - INFO - Searching for penalty at index -1...
2026-04-11 02:59:42,658 - basicLogger - ERROR - No shot events found in Kafka
2026-04-11 02:59:42,659 - basicLogger - ERROR - No penalty events found in Kafka
2026-04-11 02:59:42,660 - basicLogger - INFO - Stats calculated: 0 shots, 0 penalties
2026-04-11 02:59:45,681 - basicLogger - INFO - Searching for penalty at index -1...
2026-04-11 02:59:45,682 - basicLogger - INFO - Searching for shot at index -1...
2026-04-11 02:59:46,683 - basicLogger - ERROR - No penalty events found in Kafka
2026-04-11 02:59:46,684 - basicLogger - INFO - Stats calculated: 0 shots, 0 penalties
2026-04-11 02:59:46,686 - basicLogger - ERROR - No shot events found in Kafka
2026-04-11 02:59:49,705 - basicLogger - INFO - Searching for shot at index -1...
2026-04-11 02:59:49,708 - basicLogger - INFO - Searching for penalty at index -1...
2026-04-11 02:59:50,708 - basicLogger - ERROR - No shot events found in Kafka
2026-04-11 02:59:50,708 - basicLogger - INFO - Stats calculated: 0 shots, 0 penalties
2026-04-11 02:59:50,711 - basicLogger - ERROR - No penalty events found in Kafka
2026-04-11 02:59:53,703 - basicLogger - INFO - Searching for penalty at index -1...
2026-04-11 02:59:53,706 - basicLogger - INFO - Searching for shot at index -1...
2026-04-11 02:59:54,704 - basicLogger - ERROR - No penalty events found in Kafka
2026-04-11 02:59:54,708 - basicLogger - INFO - Stats calculated: 0 shots, 0 penalties
2026-04-11 02:59:54,708 - basicLogger - ERROR - No shot events found in Kafka
2026-04-11 02:59:57,828 - basicLogger - INFO - Searching for penalty at index -1...
2026-04-11 02:59:57,829 - basicLogger - INFO - Searching for shot at index -1...
2026-04-11 02:59:58,829 - basicLogger - INFO - Stats calculated: 0 shots, 0 penalties
2026-04-11 02:59:58,830 - basicLogger - ERROR - No penalty events found in Kafka
2026-04-11 02:59:58,834 - basicLogger - ERROR - No shot events found in Kafka
2026-04-11 03:00:02,556 - basicLogger - INFO - Searching for penalty at index -1...
2026-04-11 03:00:02,557 - basicLogger - INFO - Searching for shot at index -1...
2026-04-11 03:00:03,559 - basicLogger - ERROR - No penalty events found in Kafka
2026-04-11 03:00:03,559 - basicLogger - INFO - Stats calculated: 0 shots, 0 penalties
2026-04-11 03:00:03,559 - basicLogger - ERROR - No shot events found in Kafka
2026-04-11 03:00:10,901 - basicLogger - INFO - Searching for shot at index -1...
2026-04-11 03:00:10,902 - basicLogger - INFO - Searching for penalty at index -1...
2026-04-11 03:00:11,905 - basicLogger - INFO - Stats calculated: 0 shots, 0 penalties
2026-04-11 03:00:11,906 - basicLogger - ERROR - No penalty events found in Kafka
2026-04-11 03:00:11,906 - basicLogger - ERROR - No shot events found in Kafka
2026-04-11 03:00:23,531 - basicLogger - INFO - Searching for penalty at index -1...
2026-04-11 03:00:23,533 - basicLogger - INFO - Searching for shot at index -1...
2026-04-11 03:00:24,533 - basicLogger - INFO - Stats calculated: 0 shots, 0 penalties
2026-04-11 03:00:24,535 - basicLogger - ERROR - No shot events found in Kafka
2026-04-11 03:00:24,537 - basicLogger - ERROR - No penalty events found in Kafka
2026-04-11 03:00:35,153 - basicLogger - INFO - Searching for shot at index -1...
2026-04-11 03:00:35,154 - basicLogger - INFO - Searching for penalty at index -1...
2026-04-11 03:00:36,155 - basicLogger - ERROR - No shot events found in Kafka
2026-04-11 03:00:36,155 - basicLogger - INFO - Stats calculated: 0 shots, 0 penalties
2026-04-11 03:00:36,156 - basicLogger - ERROR - No penalty events found in Kafka
2026-04-11 03:01:01,968 - basicLogger - INFO - Searching for penalty at index -1...
2026-04-11 03:01:01,970 - basicLogger - INFO - Searching for shot at index -1...
2026-04-11 03:01:02,971 - basicLogger - INFO - Stats calculated: 0 shots, 0 penalties
2026-04-11 03:01:02,971 - basicLogger - ERROR - No penalty events found in Kafka
2026-04-11 03:01:02,972 - basicLogger - ERROR - No shot events found in Kafka
2026-04-11 03:01:39,957 - basicLogger - INFO - Searching for penalty at index -1...
2026-04-11 03:01:39,958 - basicLogger - INFO - Searching for shot at index -1...
2026-04-11 03:01:40,958 - basicLogger - INFO - Stats calculated: 0 shots, 0 penalties
2026-04-11 03:01:40,961 - basicLogger - ERROR - No shot events found in Kafka
2026-04-11 03:01:40,963 - basicLogger - ERROR - No penalty events found in Kafka
2026-04-11 03:01:48,979 - basicLogger - INFO - Searching for shot at index -1...
2026-04-11 03:01:48,979 - basicLogger - INFO - Searching for penalty at index -1...
2026-04-11 03:01:49,980 - basicLogger - INFO - Stats calculated: 0 shots, 0 penalties
2026-04-11 03:01:49,981 - basicLogger - ERROR - No shot events found in Kafka
2026-04-11 03:01:49,981 - basicLogger - ERROR - No penalty events found in Kafka
2026-04-11 03:02:48,672 - basicLogger - INFO - Searching for penalty at index -1...
2026-04-11 03:02:48,676 - basicLogger - INFO - Searching for shot at index -1...
2026-04-11 03:02:49,783 - basicLogger - INFO - Found latest shot event
2026-04-11 03:02:49,783 - basicLogger - INFO - Stats calculated: 50 shots, 50 penalties
2026-04-11 03:02:49,783 - basicLogger - INFO - Found latest penalty event
2026-04-11 03:02:52,650 - basicLogger - INFO - Searching for penalty at index -1...
2026-04-11 03:02:52,651 - basicLogger - INFO - Searching for shot at index -1...
2026-04-11 03:02:53,764 - basicLogger - INFO - Found latest penalty event
2026-04-11 03:02:53,764 - basicLogger - INFO - Found latest shot event
2026-04-11 03:02:53,765 - basicLogger - INFO - Stats calculated: 50 shots, 50 penalties
2026-04-11 03:02:56,775 - basicLogger - INFO - Searching for shot at index -1...
2026-04-11 03:02:56,780 - basicLogger - INFO - Searching for penalty at index -1...
2026-04-11 03:02:57,880 - basicLogger - INFO - Found latest shot event
2026-04-11 03:02:57,883 - basicLogger - INFO - Stats calculated: 50 shots, 50 penalties
2026-04-11 03:02:57,884 - basicLogger - INFO - Found latest penalty event
2026-04-11 03:03:02,224 - basicLogger - INFO - Searching for shot at index -1...
2026-04-11 03:03:02,226 - basicLogger - INFO - Searching for penalty at index -1...
2026-04-11 03:03:03,326 - basicLogger - INFO - Stats calculated: 50 shots, 50 penalties
2026-04-11 03:03:03,330 - basicLogger - INFO - Found latest shot event
2026-04-11 03:03:03,331 - basicLogger - INFO - Found latest penalty event
2026-04-11 03:03:10,565 - basicLogger - INFO - Searching for penalty at index -1...
2026-04-11 03:03:10,567 - basicLogger - INFO - Searching for shot at index -1...
2026-04-11 03:03:11,671 - basicLogger - INFO - Found latest penalty event
2026-04-11 03:03:11,672 - basicLogger - INFO - Stats calculated: 50 shots, 50 penalties
2026-04-11 03:03:11,674 - basicLogger - INFO - Found latest shot event
2026-04-11 03:03:19,357 - basicLogger - INFO - Searching for shot at index -1...
2026-04-11 03:03:19,358 - basicLogger - INFO - Searching for penalty at index -1...
2026-04-11 03:03:20,463 - basicLogger - INFO - Found latest penalty event
2026-04-11 03:03:20,463 - basicLogger - INFO - Found latest shot event
2026-04-11 03:03:20,464 - basicLogger - INFO - Stats calculated: 50 shots, 50 penalties
2026-04-11 03:03:36,616 - basicLogger - INFO - Searching for penalty at index -1...
2026-04-11 03:03:36,617 - basicLogger - INFO - Searching for shot at index -1...
2026-04-11 03:03:37,720 - basicLogger - INFO - Found latest penalty event
2026-04-11 03:03:37,722 - basicLogger - INFO - Stats calculated: 50 shots, 50 penalties
2026-04-11 03:03:37,722 - basicLogger - INFO - Found latest shot event
2026-04-11 03:04:07,058 - basicLogger - INFO - Searching for penalty at index -1...
2026-04-11 03:04:07,058 - basicLogger - INFO - Searching for shot at index -1...
2026-04-11 03:04:08,202 - basicLogger - INFO - Found latest penalty event
2026-04-11 03:04:08,203 - basicLogger - INFO - Stats calculated: 50 shots, 50 penalties
2026-04-11 03:04:08,206 - basicLogger - INFO - Found latest shot event
2026-04-11 03:04:20,787 - basicLogger - INFO - Searching for shot at index -1...
2026-04-11 03:04:20,790 - basicLogger - INFO - Searching for penalty at index -1...
2026-04-11 03:04:21,893 - basicLogger - INFO - Stats calculated: 50 shots, 50 penalties
2026-04-11 03:04:21,894 - basicLogger - INFO - Found latest penalty event
2026-04-11 03:04:21,894 - basicLogger - INFO - Found latest shot event
2026-04-11 03:05:09,582 - basicLogger - INFO - Searching for penalty at index -1...
2026-04-11 03:05:09,583 - basicLogger - INFO - Searching for shot at index -1...
2026-04-11 03:05:10,347 - basicLogger - INFO - Searching for penalty at index -1...
2026-04-11 03:05:10,347 - basicLogger - INFO - Searching for shot at index -1...
2026-04-11 03:05:10,583 - basicLogger - ERROR - No penalty events found in Kafka
2026-04-11 03:05:10,584 - basicLogger - INFO - Stats calculated: 0 shots, 0 penalties
2026-04-11 03:05:10,585 - basicLogger - ERROR - No shot events found in Kafka
2026-04-11 03:05:11,348 - basicLogger - INFO - Stats calculated: 0 shots, 0 penalties
2026-04-11 03:05:11,349 - basicLogger - ERROR - No penalty events found in Kafka
2026-04-11 03:05:11,349 - basicLogger - ERROR - No shot events found in Kafka
2026-04-11 03:05:14,446 - basicLogger - INFO - Searching for penalty at index -1...
2026-04-11 03:05:14,447 - basicLogger - INFO - Searching for shot at index -1...
2026-04-11 03:05:15,446 - basicLogger - INFO - Stats calculated: 0 shots, 0 penalties
2026-04-11 03:05:15,449 - basicLogger - ERROR - No shot events found in Kafka
2026-04-11 03:05:15,449 - basicLogger - ERROR - No penalty events found in Kafka
2026-04-11 03:05:18,534 - basicLogger - INFO - Searching for shot at index -1...
2026-04-11 03:05:18,535 - basicLogger - INFO - Searching for penalty at index -1...
2026-04-11 03:05:19,537 - basicLogger - ERROR - No penalty events found in Kafka
2026-04-11 03:05:19,537 - basicLogger - ERROR - No shot events found in Kafka
2026-04-11 03:05:19,538 - basicLogger - INFO - Stats calculated: 0 shots, 0 penalties
2026-04-11 03:05:22,619 - basicLogger - INFO - Searching for penalty at index -1...
2026-04-11 03:05:22,620 - basicLogger - INFO - Searching for shot at index -1...
2026-04-11 03:05:23,620 - basicLogger - INFO - Stats calculated: 0 shots, 0 penalties
2026-04-11 03:05:23,624 - basicLogger - ERROR - No penalty events found in Kafka
2026-04-11 03:05:23,625 - basicLogger - ERROR - No shot events found in Kafka
2026-04-11 03:05:46,777 - basicLogger - INFO - Searching for shot at index -1...
2026-04-11 03:05:46,779 - basicLogger - INFO - Searching for penalty at index -1...
2026-04-11 03:05:47,780 - basicLogger - INFO - Stats calculated: 0 shots, 0 penalties
2026-04-11 03:05:47,781 - basicLogger - ERROR - No shot events found in Kafka
2026-04-11 03:05:47,784 - basicLogger - ERROR - No penalty events found in Kafka
2026-04-11 03:05:50,752 - basicLogger - INFO - Searching for shot at index -1...
2026-04-11 03:05:50,752 - basicLogger - INFO - Searching for penalty at index -1...
2026-04-11 03:05:51,752 - basicLogger - INFO - Stats calculated: 0 shots, 0 penalties
2026-04-11 03:05:51,754 - basicLogger - ERROR - No shot events found in Kafka
2026-04-11 03:05:51,755 - basicLogger - ERROR - No penalty events found in Kafka
2026-04-11 03:05:54,834 - basicLogger - INFO - Searching for shot at index -1...
2026-04-11 03:05:54,835 - basicLogger - INFO - Searching for penalty at index -1...
2026-04-11 03:05:55,836 - basicLogger - ERROR - No shot events found in Kafka
2026-04-11 03:05:55,838 - basicLogger - ERROR - No penalty events found in Kafka
2026-04-11 03:05:55,839 - basicLogger - INFO - Stats calculated: 0 shots, 0 penalties
2026-04-11 03:05:58,947 - basicLogger - INFO - Searching for penalty at index -1...
2026-04-11 03:05:58,948 - basicLogger - INFO - Searching for shot at index -1...
2026-04-11 03:05:59,948 - basicLogger - INFO - Stats calculated: 0 shots, 0 penalties
2026-04-11 03:05:59,948 - basicLogger - ERROR - No penalty events found in Kafka
2026-04-11 03:05:59,950 - basicLogger - ERROR - No shot events found in Kafka
2026-04-11 03:13:24,591 - basicLogger - INFO - Searching for penalty at index -1...
2026-04-11 03:13:24,592 - basicLogger - INFO - Searching for shot at index -1...
2026-04-11 03:13:25,590 - basicLogger - INFO - Stats calculated: 0 shots, 0 penalties
2026-04-11 03:13:25,593 - basicLogger - ERROR - No shot events found in Kafka
2026-04-11 03:13:25,594 - basicLogger - ERROR - No penalty events found in Kafka
2026-04-11 03:13:28,668 - basicLogger - INFO - Searching for shot at index -1...
2026-04-11 03:13:28,669 - basicLogger - INFO - Searching for penalty at index -1...
2026-04-11 03:13:29,670 - basicLogger - INFO - Stats calculated: 0 shots, 0 penalties
2026-04-11 03:13:29,671 - basicLogger - ERROR - No shot events found in Kafka
2026-04-11 03:13:29,672 - basicLogger - ERROR - No penalty events found in Kafka
2026-04-11 03:13:32,685 - basicLogger - INFO - Searching for penalty at index -1...
2026-04-11 03:13:32,686 - basicLogger - INFO - Searching for shot at index -1...
2026-04-11 03:13:33,688 - basicLogger - ERROR - No penalty events found in Kafka
2026-04-11 03:13:33,689 - basicLogger - INFO - Stats calculated: 0 shots, 0 penalties
2026-04-11 03:13:33,690 - basicLogger - ERROR - No shot events found in Kafka
2026-04-11 03:13:36,687 - basicLogger - INFO - Searching for penalty at index -1...
2026-04-11 03:13:36,688 - basicLogger - INFO - Searching for shot at index -1...
2026-04-11 03:13:37,689 - basicLogger - INFO - Stats calculated: 0 shots, 0 penalties
2026-04-11 03:13:37,690 - basicLogger - ERROR - No penalty events found in Kafka
2026-04-11 03:13:37,691 - basicLogger - ERROR - No shot events found in Kafka
