2026-03-25 20:14:51,999 - apscheduler.scheduler - INFO - Adding job tentatively -- it will be properly scheduled when the scheduler starts
2026-03-25 20:14:52,002 - apscheduler.scheduler - INFO - Added job "check_health" to job store "default"
2026-03-25 20:14:52,002 - apscheduler.scheduler - INFO - Scheduler started
2026-03-25 20:15:12,672 - health_logger - INFO - Request for all service statuses received
2026-03-25 20:15:22,003 - health_logger - INFO - Starting health check for all services
2026-03-25 20:15:22,049 - health_logger - INFO - Recorded service statuses: {'receiver': 'Up', 'storage': 'Up', 'processing': 'Up', 'analyzer': 'Up', 'last_update': '2026-03-25T20:15:22'}
2026-03-25 20:15:52,001 - health_logger - INFO - Starting health check for all services
2026-03-25 20:15:52,054 - health_logger - INFO - Recorded service statuses: {'receiver': 'Up', 'storage': 'Up', 'processing': 'Up', 'analyzer': 'Up', 'last_update': '2026-03-25T20:15:52'}
2026-03-25 20:16:22,000 - health_logger - INFO - Starting health check for all services
2026-03-25 20:16:22,021 - health_logger - INFO - Recorded service statuses: {'receiver': 'Up', 'storage': 'Up', 'processing': 'Up', 'analyzer': 'Up', 'last_update': '2026-03-25T20:16:22'}
2026-03-25 20:16:52,000 - health_logger - INFO - Starting health check for all services
2026-03-25 20:16:52,043 - health_logger - INFO - Recorded service statuses: {'receiver': 'Up', 'storage': 'Up', 'processing': 'Up', 'analyzer': 'Up', 'last_update': '2026-03-25T20:16:52'}
2026-03-25 20:17:22,000 - health_logger - INFO - Starting health check for all services
2026-03-25 20:17:22,031 - health_logger - INFO - Recorded service statuses: {'receiver': 'Up', 'storage': 'Up', 'processing': 'Up', 'analyzer': 'Up', 'last_update': '2026-03-25T20:17:22'}
2026-03-25 20:17:52,000 - health_logger - INFO - Starting health check for all services
2026-03-25 20:17:52,020 - health_logger - INFO - Recorded service statuses: {'receiver': 'Up', 'storage': 'Up', 'processing': 'Up', 'analyzer': 'Up', 'last_update': '2026-03-25T20:17:52'}
2026-03-25 20:18:22,018 - health_logger - INFO - Starting health check for all services
2026-03-25 20:18:22,043 - health_logger - INFO - Recorded service statuses: {'receiver': 'Up', 'storage': 'Up', 'processing': 'Up', 'analyzer': 'Up', 'last_update': '2026-03-25T20:18:22'}
2026-03-25 20:18:51,999 - health_logger - INFO - Starting health check for all services
2026-03-25 20:18:52,014 - health_logger - INFO - Recorded service statuses: {'receiver': 'Up', 'storage': 'Up', 'processing': 'Up', 'analyzer': 'Up', 'last_update': '2026-03-25T20:18:52'}
2026-03-25 20:19:22,002 - health_logger - INFO - Starting health check for all services
2026-03-25 20:19:22,053 - health_logger - INFO - Recorded service statuses: {'receiver': 'Up', 'storage': 'Up', 'processing': 'Up', 'analyzer': 'Up', 'last_update': '2026-03-25T20:19:22'}
2026-03-25 20:19:52,000 - health_logger - INFO - Starting health check for all services
2026-03-25 20:19:52,017 - health_logger - INFO - Recorded service statuses: {'receiver': 'Up', 'storage': 'Up', 'processing': 'Up', 'analyzer': 'Up', 'last_update': '2026-03-25T20:19:52'}
2026-03-25 20:20:22,012 - health_logger - INFO - Starting health check for all services
2026-03-25 20:20:22,038 - health_logger - INFO - Recorded service statuses: {'receiver': 'Up', 'storage': 'Up', 'processing': 'Up', 'analyzer': 'Up', 'last_update': '2026-03-25T20:20:22'}
2026-03-25 20:20:52,033 - health_logger - INFO - Starting health check for all services
2026-03-25 20:20:52,090 - health_logger - INFO - Recorded service statuses: {'receiver': 'Up', 'storage': 'Up', 'processing': 'Up', 'analyzer': 'Up', 'last_update': '2026-03-25T20:20:52'}
2026-03-25 20:21:22,005 - health_logger - INFO - Starting health check for all services
2026-03-25 20:21:22,022 - health_logger - INFO - Recorded service statuses: {'receiver': 'Up', 'storage': 'Up', 'processing': 'Up', 'analyzer': 'Up', 'last_update': '2026-03-25T20:21:22'}
2026-03-25 20:21:52,003 - health_logger - INFO - Starting health check for all services
2026-03-25 20:21:52,083 - health_logger - INFO - Recorded service statuses: {'receiver': 'Up', 'storage': 'Up', 'processing': 'Up', 'analyzer': 'Up', 'last_update': '2026-03-25T20:21:52'}
2026-03-25 20:22:22,002 - health_logger - INFO - Starting health check for all services
2026-03-25 20:22:22,021 - health_logger - INFO - Recorded service statuses: {'receiver': 'Up', 'storage': 'Up', 'processing': 'Up', 'analyzer': 'Up', 'last_update': '2026-03-25T20:22:22'}
2026-03-25 20:22:51,999 - health_logger - INFO - Starting health check for all services
2026-03-25 20:22:52,019 - health_logger - INFO - Recorded service statuses: {'receiver': 'Up', 'storage': 'Up', 'processing': 'Up', 'analyzer': 'Up', 'last_update': '2026-03-25T20:22:52'}
2026-03-25 20:23:22,005 - health_logger - INFO - Starting health check for all services
2026-03-25 20:23:22,072 - health_logger - INFO - Recorded service statuses: {'receiver': 'Up', 'storage': 'Up', 'processing': 'Up', 'analyzer': 'Up', 'last_update': '2026-03-25T20:23:22'}
2026-03-25 20:23:52,001 - health_logger - INFO - Starting health check for all services
2026-03-25 20:23:52,025 - health_logger - INFO - Recorded service statuses: {'receiver': 'Up', 'storage': 'Up', 'processing': 'Up', 'analyzer': 'Up', 'last_update': '2026-03-25T20:23:52'}
2026-03-25 20:24:22,001 - health_logger - INFO - Starting health check for all services
2026-03-25 20:24:22,042 - health_logger - INFO - Recorded service statuses: {'receiver': 'Up', 'storage': 'Up', 'processing': 'Up', 'analyzer': 'Up', 'last_update': '2026-03-25T20:24:22'}
2026-03-25 20:24:52,002 - health_logger - INFO - Starting health check for all services
2026-03-25 20:24:52,022 - health_logger - INFO - Recorded service statuses: {'receiver': 'Up', 'storage': 'Up', 'processing': 'Up', 'analyzer': 'Up', 'last_update': '2026-03-25T20:24:52'}
2026-03-25 20:25:22,001 - health_logger - INFO - Starting health check for all services
2026-03-25 20:25:22,019 - health_logger - INFO - Recorded service statuses: {'receiver': 'Up', 'storage': 'Up', 'processing': 'Up', 'analyzer': 'Up', 'last_update': '2026-03-25T20:25:22'}
2026-03-25 20:25:52,003 - health_logger - INFO - Starting health check for all services
2026-03-25 20:25:52,071 - health_logger - INFO - Recorded service statuses: {'receiver': 'Up', 'storage': 'Up', 'processing': 'Up', 'analyzer': 'Up', 'last_update': '2026-03-25T20:25:52'}
2026-03-25 20:26:22,026 - health_logger - INFO - Starting health check for all services
2026-03-25 20:26:22,050 - health_logger - INFO - Recorded service statuses: {'receiver': 'Up', 'storage': 'Up', 'processing': 'Up', 'analyzer': 'Up', 'last_update': '2026-03-25T20:26:22'}
2026-04-01 18:08:19,589 - apscheduler.scheduler - INFO - Adding job tentatively -- it will be properly scheduled when the scheduler starts
2026-04-01 18:08:19,591 - apscheduler.scheduler - INFO - Added job "check_health" to job store "default"
2026-04-01 18:08:19,591 - apscheduler.scheduler - INFO - Scheduler started
2026-04-01 18:08:49,593 - health_logger - INFO - Starting health check for all services
2026-04-01 18:08:49,625 - health_logger - ERROR - Error connecting to receiver: HTTPConnectionPool(host='receiver', port=8080): Max retries exceeded with url: /health (Caused by NameResolutionError("HTTPConnection(host='receiver', port=8080): Failed to resolve 'receiver' ([Errno -2] Name or service not known)"))
2026-04-01 18:08:49,647 - health_logger - INFO - Recorded service statuses: {'receiver': 'Down', 'storage': 'Up', 'processing': 'Up', 'analyzer': 'Up', 'last_update': '2026-04-01T18:08:49'}
2026-04-01 18:09:19,591 - health_logger - INFO - Starting health check for all services
2026-04-01 18:09:19,599 - health_logger - ERROR - Error connecting to receiver: HTTPConnectionPool(host='receiver', port=8080): Max retries exceeded with url: /health (Caused by NameResolutionError("HTTPConnection(host='receiver', port=8080): Failed to resolve 'receiver' ([Errno -2] Name or service not known)"))
2026-04-01 18:09:19,614 - health_logger - INFO - Recorded service statuses: {'receiver': 'Down', 'storage': 'Up', 'processing': 'Up', 'analyzer': 'Up', 'last_update': '2026-04-01T18:09:19'}
2026-04-01 18:09:49,593 - health_logger - INFO - Starting health check for all services
2026-04-01 18:09:49,622 - health_logger - INFO - Recorded service statuses: {'receiver': 'Up', 'storage': 'Up', 'processing': 'Up', 'analyzer': 'Up', 'last_update': '2026-04-01T18:09:49'}
2026-04-01 18:10:19,593 - health_logger - INFO - Starting health check for all services
2026-04-01 18:10:19,641 - health_logger - INFO - Recorded service statuses: {'receiver': 'Up', 'storage': 'Up', 'processing': 'Up', 'analyzer': 'Up', 'last_update': '2026-04-01T18:10:19'}
2026-04-01 18:10:49,593 - health_logger - INFO - Starting health check for all services
2026-04-01 18:10:49,612 - health_logger - INFO - Recorded service statuses: {'receiver': 'Up', 'storage': 'Up', 'processing': 'Up', 'analyzer': 'Up', 'last_update': '2026-04-01T18:10:49'}
2026-04-01 18:11:19,595 - health_logger - INFO - Starting health check for all services
2026-04-01 18:11:19,620 - health_logger - INFO - Recorded service statuses: {'receiver': 'Up', 'storage': 'Up', 'processing': 'Up', 'analyzer': 'Up', 'last_update': '2026-04-01T18:11:19'}
2026-04-01 18:11:49,591 - health_logger - INFO - Starting health check for all services
2026-04-01 18:11:49,619 - health_logger - INFO - Recorded service statuses: {'receiver': 'Up', 'storage': 'Up', 'processing': 'Up', 'analyzer': 'Up', 'last_update': '2026-04-01T18:11:49'}
2026-04-01 18:11:53,355 - health_logger - INFO - Request for all service statuses received
2026-04-01 18:11:58,328 - health_logger - INFO - Request for all service statuses received
2026-04-01 18:12:03,325 - health_logger - INFO - Request for all service statuses received
2026-04-01 18:12:08,328 - health_logger - INFO - Request for all service statuses received
2026-04-01 18:12:13,330 - health_logger - INFO - Request for all service statuses received
2026-04-01 18:12:18,332 - health_logger - INFO - Request for all service statuses received
2026-04-01 18:12:19,592 - health_logger - INFO - Starting health check for all services
2026-04-01 18:12:19,620 - health_logger - INFO - Recorded service statuses: {'receiver': 'Up', 'storage': 'Up', 'processing': 'Up', 'analyzer': 'Up', 'last_update': '2026-04-01T18:12:19'}
2026-04-01 18:12:23,331 - health_logger - INFO - Request for all service statuses received
2026-04-01 18:12:28,331 - health_logger - INFO - Request for all service statuses received
2026-04-01 18:12:33,334 - health_logger - INFO - Request for all service statuses received
2026-04-01 18:12:40,838 - health_logger - INFO - Request for all service statuses received
2026-04-01 18:12:45,838 - health_logger - INFO - Request for all service statuses received
2026-04-01 18:12:49,595 - health_logger - INFO - Starting health check for all services
2026-04-01 18:12:49,617 - health_logger - INFO - Recorded service statuses: {'receiver': 'Up', 'storage': 'Up', 'processing': 'Up', 'analyzer': 'Up', 'last_update': '2026-04-01T18:12:49'}
2026-04-01 18:12:50,843 - health_logger - INFO - Request for all service statuses received
2026-04-01 18:13:26,758 - apscheduler.scheduler - INFO - Adding job tentatively -- it will be properly scheduled when the scheduler starts
2026-04-01 18:13:26,760 - apscheduler.scheduler - INFO - Added job "check_health" to job store "default"
2026-04-01 18:13:26,761 - apscheduler.scheduler - INFO - Scheduler started
2026-04-01 18:13:50,754 - health_logger - INFO - Request for all service statuses received
2026-04-01 18:13:55,747 - health_logger - INFO - Request for all service statuses received
2026-04-01 18:13:56,761 - health_logger - INFO - Starting health check for all services
2026-04-01 18:13:56,784 - health_logger - INFO - Recorded service statuses: {'receiver': 'Up', 'storage': 'Up', 'processing': 'Up', 'analyzer': 'Up', 'last_update': '2026-04-01T18:13:56'}
2026-04-01 18:14:00,750 - health_logger - INFO - Request for all service statuses received
2026-04-01 18:14:05,749 - health_logger - INFO - Request for all service statuses received
2026-04-01 18:14:10,757 - health_logger - INFO - Request for all service statuses received
2026-04-01 18:14:15,750 - health_logger - INFO - Request for all service statuses received
2026-04-01 18:14:19,526 - health_logger - INFO - Request for all service statuses received
2026-04-01 18:14:24,570 - health_logger - INFO - Request for all service statuses received
2026-04-01 18:14:26,760 - health_logger - INFO - Starting health check for all services
2026-04-01 18:14:26,775 - health_logger - INFO - Recorded service statuses: {'receiver': 'Up', 'storage': 'Up', 'processing': 'Up', 'analyzer': 'Up', 'last_update': '2026-04-01T18:14:26'}
2026-04-01 18:14:29,633 - health_logger - INFO - Request for all service statuses received
2026-04-01 18:14:34,731 - health_logger - INFO - Request for all service statuses received
2026-04-01 18:14:39,828 - health_logger - INFO - Request for all service statuses received
2026-04-01 18:14:44,820 - health_logger - INFO - Request for all service statuses received
2026-04-01 18:14:49,826 - health_logger - INFO - Request for all service statuses received
2026-04-01 18:14:50,108 - health_logger - INFO - Request for all service statuses received
2026-04-01 18:14:55,112 - health_logger - INFO - Request for all service statuses received
2026-04-01 18:14:56,761 - health_logger - INFO - Starting health check for all services
2026-04-01 18:14:56,785 - health_logger - INFO - Recorded service statuses: {'receiver': 'Up', 'storage': 'Up', 'processing': 'Up', 'analyzer': 'Up', 'last_update': '2026-04-01T18:14:56'}
2026-04-01 18:15:00,108 - health_logger - INFO - Request for all service statuses received
2026-04-01 18:15:05,113 - health_logger - INFO - Request for all service statuses received
2026-04-01 18:15:10,117 - health_logger - INFO - Request for all service statuses received
2026-04-01 18:15:15,115 - health_logger - INFO - Request for all service statuses received
2026-04-01 18:15:20,237 - health_logger - INFO - Request for all service statuses received
2026-04-01 18:15:25,439 - health_logger - INFO - Request for all service statuses received
2026-04-01 18:15:26,760 - health_logger - INFO - Starting health check for all services
2026-04-01 18:15:26,779 - health_logger - INFO - Recorded service statuses: {'receiver': 'Up', 'storage': 'Up', 'processing': 'Up', 'analyzer': 'Up', 'last_update': '2026-04-01T18:15:26'}
2026-04-01 18:15:31,545 - health_logger - INFO - Request for all service statuses received
2026-04-01 18:15:36,570 - health_logger - INFO - Request for all service statuses received
2026-04-01 18:15:38,160 - health_logger - INFO - Request for all service statuses received
2026-04-01 18:15:43,162 - health_logger - INFO - Request for all service statuses received
2026-04-01 18:15:48,193 - health_logger - INFO - Request for all service statuses received
2026-04-01 18:15:53,290 - health_logger - INFO - Request for all service statuses received
2026-04-01 18:15:56,761 - health_logger - INFO - Starting health check for all services
2026-04-01 18:15:56,786 - health_logger - INFO - Recorded service statuses: {'receiver': 'Up', 'storage': 'Up', 'processing': 'Up', 'analyzer': 'Up', 'last_update': '2026-04-01T18:15:56'}
2026-04-01 18:15:58,289 - health_logger - INFO - Request for all service statuses received
2026-04-01 18:16:03,390 - health_logger - INFO - Request for all service statuses received
2026-04-01 18:16:08,407 - health_logger - INFO - Request for all service statuses received
2026-04-01 18:16:15,728 - health_logger - INFO - Request for all service statuses received
2026-04-01 18:16:22,204 - health_logger - INFO - Request for all service statuses received
2026-04-01 18:16:26,760 - health_logger - INFO - Starting health check for all services
2026-04-01 18:16:26,776 - health_logger - INFO - Recorded service statuses: {'receiver': 'Up', 'storage': 'Up', 'processing': 'Up', 'analyzer': 'Up', 'last_update': '2026-04-01T18:16:26'}
2026-04-01 18:16:30,677 - health_logger - INFO - Request for all service statuses received
2026-04-01 18:16:48,886 - health_logger - INFO - Request for all service statuses received
2026-04-01 18:16:56,759 - health_logger - INFO - Starting health check for all services
2026-04-01 18:16:56,776 - health_logger - INFO - Recorded service statuses: {'receiver': 'Up', 'storage': 'Up', 'processing': 'Up', 'analyzer': 'Up', 'last_update': '2026-04-01T18:16:56'}
2026-04-01 18:17:26,081 - apscheduler.scheduler - INFO - Adding job tentatively -- it will be properly scheduled when the scheduler starts
2026-04-01 18:17:26,082 - apscheduler.scheduler - INFO - Added job "check_health" to job store "default"
2026-04-01 18:17:26,083 - apscheduler.scheduler - INFO - Scheduler started
2026-04-01 18:17:29,861 - health_logger - INFO - Request for all service statuses received
2026-04-01 18:17:44,718 - health_logger - INFO - Request for all service statuses received
2026-04-01 18:17:49,710 - health_logger - INFO - Request for all service statuses received
2026-04-01 18:17:54,724 - health_logger - INFO - Request for all service statuses received
2026-04-01 18:17:56,084 - health_logger - INFO - Starting health check for all services
2026-04-01 18:17:56,117 - health_logger - INFO - Recorded service statuses: {'receiver': 'Up', 'storage': 'Up', 'processing': 'Up', 'analyzer': 'Up', 'last_update': '2026-04-01T18:17:56'}
2026-04-01 18:17:59,732 - health_logger - INFO - Request for all service statuses received
2026-04-01 18:18:04,840 - health_logger - INFO - Request for all service statuses received
2026-04-01 18:18:10,716 - health_logger - INFO - Request for all service statuses received
2026-04-01 18:18:17,778 - health_logger - INFO - Request for all service statuses received
2026-04-01 18:18:26,084 - health_logger - INFO - Starting health check for all services
2026-04-01 18:18:26,110 - health_logger - INFO - Recorded service statuses: {'receiver': 'Up', 'storage': 'Up', 'processing': 'Up', 'analyzer': 'Up', 'last_update': '2026-04-01T18:18:26'}
2026-04-01 18:18:27,062 - health_logger - INFO - Request for all service statuses received
2026-04-01 18:18:43,376 - health_logger - INFO - Request for all service statuses received
2026-04-01 18:18:56,088 - health_logger - INFO - Starting health check for all services
2026-04-01 18:18:56,105 - health_logger - INFO - Recorded service statuses: {'receiver': 'Up', 'storage': 'Up', 'processing': 'Up', 'analyzer': 'Up', 'last_update': '2026-04-01T18:18:56'}
2026-04-01 18:19:01,887 - health_logger - INFO - Request for all service statuses received
2026-04-01 18:19:06,907 - health_logger - INFO - Request for all service statuses received
2026-04-01 18:19:12,006 - health_logger - INFO - Request for all service statuses received
2026-04-01 18:19:18,619 - health_logger - INFO - Request for all service statuses received
2026-04-01 18:19:26,084 - health_logger - INFO - Starting health check for all services
2026-04-01 18:19:26,103 - health_logger - INFO - Recorded service statuses: {'receiver': 'Up', 'storage': 'Up', 'processing': 'Up', 'analyzer': 'Up', 'last_update': '2026-04-01T18:19:26'}
2026-04-01 18:19:27,264 - health_logger - INFO - Request for all service statuses received
2026-04-01 18:19:32,286 - health_logger - INFO - Request for all service statuses received
2026-04-01 18:19:37,292 - health_logger - INFO - Request for all service statuses received
2026-04-01 18:19:42,402 - health_logger - INFO - Request for all service statuses received
2026-04-01 18:19:48,200 - health_logger - INFO - Request for all service statuses received
2026-04-01 18:19:53,224 - health_logger - INFO - Request for all service statuses received
2026-04-01 18:19:56,087 - health_logger - INFO - Starting health check for all services
2026-04-01 18:19:56,115 - health_logger - INFO - Recorded service statuses: {'receiver': 'Up', 'storage': 'Up', 'processing': 'Up', 'analyzer': 'Up', 'last_update': '2026-04-01T18:19:56'}
2026-04-01 18:19:58,230 - health_logger - INFO - Request for all service statuses received
2026-04-01 18:20:03,242 - health_logger - INFO - Request for all service statuses received
2026-04-01 18:20:08,253 - health_logger - INFO - Request for all service statuses received
2026-04-01 18:20:13,262 - health_logger - INFO - Request for all service statuses received
2026-04-01 18:20:18,279 - health_logger - INFO - Request for all service statuses received
2026-04-01 18:20:23,283 - health_logger - INFO - Request for all service statuses received
2026-04-01 18:20:26,082 - health_logger - INFO - Starting health check for all services
2026-04-01 18:20:26,107 - health_logger - INFO - Recorded service statuses: {'receiver': 'Up', 'storage': 'Up', 'processing': 'Up', 'analyzer': 'Up', 'last_update': '2026-04-01T18:20:26'}
2026-04-01 18:20:28,292 - health_logger - INFO - Request for all service statuses received
2026-04-01 18:20:33,311 - health_logger - INFO - Request for all service statuses received
2026-04-01 18:20:38,315 - health_logger - INFO - Request for all service statuses received
2026-04-01 18:20:43,320 - health_logger - INFO - Request for all service statuses received
2026-04-01 18:20:48,371 - health_logger - INFO - Request for all service statuses received
2026-04-01 18:20:53,424 - health_logger - INFO - Request for all service statuses received
2026-04-01 18:20:56,083 - health_logger - INFO - Starting health check for all services
2026-04-01 18:20:56,102 - health_logger - INFO - Recorded service statuses: {'receiver': 'Up', 'storage': 'Up', 'processing': 'Up', 'analyzer': 'Up', 'last_update': '2026-04-01T18:20:56'}
2026-04-01 18:20:59,853 - health_logger - INFO - Request for all service statuses received
2026-04-01 18:21:12,046 - health_logger - INFO - Request for all service statuses received
2026-04-01 18:21:20,879 - health_logger - INFO - Request for all service statuses received
2026-04-01 18:21:26,083 - health_logger - INFO - Starting health check for all services
2026-04-01 18:21:26,104 - health_logger - INFO - Recorded service statuses: {'receiver': 'Up', 'storage': 'Up', 'processing': 'Up', 'analyzer': 'Up', 'last_update': '2026-04-01T18:21:26'}
2026-04-01 18:21:39,939 - health_logger - INFO - Request for all service statuses received
2026-04-01 18:21:54,273 - health_logger - INFO - Request for all service statuses received
2026-04-01 18:21:56,083 - health_logger - INFO - Starting health check for all services
2026-04-01 18:21:56,116 - health_logger - INFO - Recorded service statuses: {'receiver': 'Up', 'storage': 'Up', 'processing': 'Up', 'analyzer': 'Up', 'last_update': '2026-04-01T18:21:56'}
2026-04-01 18:21:59,291 - health_logger - INFO - Request for all service statuses received
2026-04-01 18:22:04,295 - health_logger - INFO - Request for all service statuses received
2026-04-01 18:22:09,305 - health_logger - INFO - Request for all service statuses received
2026-04-01 18:22:14,312 - health_logger - INFO - Request for all service statuses received
2026-04-01 18:22:19,444 - health_logger - INFO - Request for all service statuses received
2026-04-01 18:22:24,816 - health_logger - INFO - Request for all service statuses received
2026-04-01 18:22:26,084 - health_logger - INFO - Starting health check for all services
2026-04-01 18:22:26,109 - health_logger - INFO - Recorded service statuses: {'receiver': 'Up', 'storage': 'Up', 'processing': 'Up', 'analyzer': 'Up', 'last_update': '2026-04-01T18:22:26'}
2026-04-01 18:22:32,370 - health_logger - INFO - Request for all service statuses received
2026-04-01 18:22:43,690 - health_logger - INFO - Request for all service statuses received
2026-04-01 18:22:56,084 - health_logger - INFO - Starting health check for all services
2026-04-01 18:22:56,108 - health_logger - INFO - Recorded service statuses: {'receiver': 'Up', 'storage': 'Up', 'processing': 'Up', 'analyzer': 'Up', 'last_update': '2026-04-01T18:22:56'}
2026-04-01 18:23:07,223 - health_logger - INFO - Request for all service statuses received
2026-04-01 18:23:20,289 - health_logger - INFO - Request for all service statuses received
2026-04-01 18:23:26,085 - health_logger - INFO - Starting health check for all services
2026-04-01 18:23:26,105 - health_logger - INFO - Recorded service statuses: {'receiver': 'Up', 'storage': 'Up', 'processing': 'Up', 'analyzer': 'Up', 'last_update': '2026-04-01T18:23:26'}
2026-04-01 18:23:56,081 - health_logger - INFO - Starting health check for all services
2026-04-01 18:23:56,105 - health_logger - INFO - Recorded service statuses: {'receiver': 'Up', 'storage': 'Up', 'processing': 'Up', 'analyzer': 'Up', 'last_update': '2026-04-01T18:23:56'}
2026-04-01 18:23:58,406 - health_logger - INFO - Request for all service statuses received
2026-04-01 18:24:26,085 - health_logger - INFO - Starting health check for all services
2026-04-01 18:24:26,112 - health_logger - INFO - Recorded service statuses: {'receiver': 'Up', 'storage': 'Up', 'processing': 'Up', 'analyzer': 'Up', 'last_update': '2026-04-01T18:24:26'}
2026-04-01 18:24:56,086 - health_logger - INFO - Starting health check for all services
2026-04-01 18:24:56,110 - health_logger - INFO - Recorded service statuses: {'receiver': 'Up', 'storage': 'Up', 'processing': 'Up', 'analyzer': 'Up', 'last_update': '2026-04-01T18:24:56'}
2026-04-01 18:25:11,419 - health_logger - INFO - Request for all service statuses received
2026-04-01 18:25:26,083 - health_logger - INFO - Starting health check for all services
2026-04-01 18:25:26,100 - health_logger - INFO - Recorded service statuses: {'receiver': 'Up', 'storage': 'Up', 'processing': 'Up', 'analyzer': 'Up', 'last_update': '2026-04-01T18:25:26'}
2026-04-01 18:25:34,983 - health_logger - INFO - Request for all service statuses received
2026-04-01 18:25:39,970 - health_logger - INFO - Request for all service statuses received
2026-04-01 18:25:44,977 - health_logger - INFO - Request for all service statuses received
2026-04-01 18:25:49,992 - health_logger - INFO - Request for all service statuses received
2026-04-01 18:25:54,997 - health_logger - INFO - Request for all service statuses received
2026-04-01 18:25:56,083 - health_logger - INFO - Starting health check for all services
2026-04-01 18:25:56,111 - health_logger - INFO - Recorded service statuses: {'receiver': 'Up', 'storage': 'Up', 'processing': 'Up', 'analyzer': 'Up', 'last_update': '2026-04-01T18:25:56'}
2026-04-01 18:26:00,017 - health_logger - INFO - Request for all service statuses received
2026-04-01 18:26:05,017 - health_logger - INFO - Request for all service statuses received
2026-04-01 18:26:10,031 - health_logger - INFO - Request for all service statuses received
2026-04-01 18:26:15,450 - health_logger - INFO - Request for all service statuses received
2026-04-01 18:26:24,803 - health_logger - INFO - Request for all service statuses received
2026-04-01 18:26:26,084 - health_logger - INFO - Starting health check for all services
2026-04-01 18:26:26,103 - health_logger - INFO - Recorded service statuses: {'receiver': 'Up', 'storage': 'Up', 'processing': 'Up', 'analyzer': 'Up', 'last_update': '2026-04-01T18:26:26'}
2026-04-01 18:26:32,085 - health_logger - INFO - Request for all service statuses received
2026-04-01 18:26:38,318 - health_logger - INFO - Request for all service statuses received
2026-04-01 18:26:43,333 - health_logger - INFO - Request for all service statuses received
2026-04-01 18:26:48,353 - health_logger - INFO - Request for all service statuses received
2026-04-01 18:26:53,381 - health_logger - INFO - Request for all service statuses received
2026-04-01 18:26:56,084 - health_logger - INFO - Starting health check for all services
2026-04-01 18:26:56,123 - health_logger - INFO - Recorded service statuses: {'receiver': 'Up', 'storage': 'Up', 'processing': 'Up', 'analyzer': 'Up', 'last_update': '2026-04-01T18:26:56'}
2026-04-01 18:26:58,413 - health_logger - INFO - Request for all service statuses received
2026-04-01 18:27:03,402 - health_logger - INFO - Request for all service statuses received
2026-04-01 18:27:08,412 - health_logger - INFO - Request for all service statuses received
2026-04-01 18:27:13,421 - health_logger - INFO - Request for all service statuses received
2026-04-01 18:27:18,524 - health_logger - INFO - Request for all service statuses received
2026-04-01 18:27:24,740 - health_logger - INFO - Request for all service statuses received
2026-04-01 18:27:26,087 - health_logger - INFO - Starting health check for all services
2026-04-01 18:27:26,118 - health_logger - INFO - Recorded service statuses: {'receiver': 'Up', 'storage': 'Up', 'processing': 'Up', 'analyzer': 'Up', 'last_update': '2026-04-01T18:27:26'}
2026-04-01 18:27:34,417 - health_logger - INFO - Request for all service statuses received
2026-04-01 18:27:55,449 - health_logger - INFO - Request for all service statuses received
2026-04-01 18:27:56,085 - health_logger - INFO - Starting health check for all services
2026-04-01 18:27:56,103 - health_logger - INFO - Recorded service statuses: {'receiver': 'Up', 'storage': 'Up', 'processing': 'Up', 'analyzer': 'Up', 'last_update': '2026-04-01T18:27:56'}
2026-04-01 18:28:19,897 - health_logger - INFO - Request for all service statuses received
2026-04-01 18:28:24,879 - health_logger - INFO - Request for all service statuses received
2026-04-01 18:28:26,083 - health_logger - INFO - Starting health check for all services
2026-04-01 18:28:26,104 - health_logger - INFO - Recorded service statuses: {'receiver': 'Up', 'storage': 'Up', 'processing': 'Up', 'analyzer': 'Up', 'last_update': '2026-04-01T18:28:26'}
2026-04-01 18:28:29,893 - health_logger - INFO - Request for all service statuses received
2026-04-01 18:28:34,998 - health_logger - INFO - Request for all service statuses received
2026-04-01 18:28:40,792 - health_logger - INFO - Request for all service statuses received
2026-04-01 18:28:50,333 - health_logger - INFO - Request for all service statuses received
2026-04-01 18:28:56,089 - health_logger - INFO - Starting health check for all services
2026-04-01 18:28:56,123 - health_logger - INFO - Recorded service statuses: {'receiver': 'Up', 'storage': 'Up', 'processing': 'Up', 'analyzer': 'Up', 'last_update': '2026-04-01T18:28:56'}
2026-04-01 18:29:02,360 - health_logger - INFO - Request for all service statuses received
2026-04-01 18:29:07,360 - health_logger - INFO - Request for all service statuses received
2026-04-01 18:29:12,373 - health_logger - INFO - Request for all service statuses received
2026-04-01 18:29:17,386 - health_logger - INFO - Request for all service statuses received
2026-04-01 18:29:22,393 - health_logger - INFO - Request for all service statuses received
2026-04-01 18:29:26,083 - health_logger - INFO - Starting health check for all services
2026-04-01 18:29:26,103 - health_logger - INFO - Recorded service statuses: {'receiver': 'Up', 'storage': 'Up', 'processing': 'Up', 'analyzer': 'Up', 'last_update': '2026-04-01T18:29:26'}
2026-04-01 18:29:27,406 - health_logger - INFO - Request for all service statuses received
2026-04-01 18:29:32,412 - health_logger - INFO - Request for all service statuses received
2026-04-01 18:29:37,446 - health_logger - INFO - Request for all service statuses received
2026-04-01 18:29:42,434 - health_logger - INFO - Request for all service statuses received
2026-04-01 18:29:47,441 - health_logger - INFO - Request for all service statuses received
2026-04-01 18:29:52,551 - health_logger - INFO - Request for all service statuses received
2026-04-01 18:29:56,083 - health_logger - INFO - Starting health check for all services
2026-04-01 18:29:56,096 - health_logger - INFO - Recorded service statuses: {'receiver': 'Up', 'storage': 'Up', 'processing': 'Up', 'analyzer': 'Up', 'last_update': '2026-04-01T18:29:56'}
2026-04-01 18:29:57,552 - health_logger - INFO - Request for all service statuses received
2026-04-01 18:30:00,659 - health_logger - INFO - Request for all service statuses received
2026-04-01 18:30:05,662 - health_logger - INFO - Request for all service statuses received
2026-04-01 18:30:10,660 - health_logger - INFO - Request for all service statuses received
2026-04-01 18:30:15,660 - health_logger - INFO - Request for all service statuses received
2026-04-01 18:30:20,663 - health_logger - INFO - Request for all service statuses received
2026-04-01 18:30:25,665 - health_logger - INFO - Request for all service statuses received
2026-04-01 18:30:26,084 - health_logger - INFO - Starting health check for all services
2026-04-01 18:30:26,109 - health_logger - INFO - Recorded service statuses: {'receiver': 'Up', 'storage': 'Up', 'processing': 'Up', 'analyzer': 'Up', 'last_update': '2026-04-01T18:30:26'}
2026-04-01 18:30:30,664 - health_logger - INFO - Request for all service statuses received
2026-04-01 18:30:35,686 - health_logger - INFO - Request for all service statuses received
2026-04-01 18:30:40,693 - health_logger - INFO - Request for all service statuses received
2026-04-01 18:30:45,705 - health_logger - INFO - Request for all service statuses received
2026-04-01 18:30:50,715 - health_logger - INFO - Request for all service statuses received
2026-04-01 18:30:55,722 - health_logger - INFO - Request for all service statuses received
2026-04-01 18:30:56,083 - health_logger - INFO - Starting health check for all services
2026-04-01 18:30:56,099 - health_logger - INFO - Recorded service statuses: {'receiver': 'Up', 'storage': 'Up', 'processing': 'Up', 'analyzer': 'Up', 'last_update': '2026-04-01T18:30:56'}
2026-04-01 18:31:00,855 - health_logger - INFO - Request for all service statuses received
2026-04-01 18:31:06,443 - health_logger - INFO - Request for all service statuses received
2026-04-01 18:31:14,983 - health_logger - INFO - Request for all service statuses received
2026-04-01 18:31:22,937 - health_logger - INFO - Request for all service statuses received
2026-04-01 18:31:26,084 - health_logger - INFO - Starting health check for all services
2026-04-01 18:31:26,103 - health_logger - INFO - Recorded service statuses: {'receiver': 'Up', 'storage': 'Up', 'processing': 'Up', 'analyzer': 'Up', 'last_update': '2026-04-01T18:31:26'}
2026-04-01 18:31:44,616 - health_logger - INFO - Request for all service statuses received
2026-04-01 18:31:49,638 - health_logger - INFO - Request for all service statuses received
2026-04-01 19:42:57,743 - apscheduler.scheduler - INFO - Adding job tentatively -- it will be properly scheduled when the scheduler starts
2026-04-01 19:42:57,744 - apscheduler.scheduler - INFO - Added job "check_health" to job store "default"
2026-04-01 19:42:57,744 - apscheduler.scheduler - INFO - Scheduler started
2026-04-01 19:43:27,746 - health_logger - INFO - Starting health check for all services
2026-04-01 19:43:27,803 - health_logger - INFO - Recorded service statuses: {'receiver': 'Up', 'storage': 'Up', 'processing': 'Up', 'analyzer': 'Up', 'last_update': '2026-04-01T19:43:27'}
2026-04-01 19:45:25,845 - apscheduler.scheduler - INFO - Adding job tentatively -- it will be properly scheduled when the scheduler starts
2026-04-01 19:45:25,846 - apscheduler.scheduler - INFO - Added job "check_health" to job store "default"
2026-04-01 19:45:25,846 - apscheduler.scheduler - INFO - Scheduler started
2026-04-01 19:45:55,848 - health_logger - INFO - Starting health check for all services
2026-04-01 19:45:55,890 - health_logger - INFO - Recorded service statuses: {'receiver': 'Up', 'storage': 'Up', 'processing': 'Up', 'analyzer': 'Up', 'last_update': '2026-04-01T19:45:55'}
2026-04-01 19:46:25,847 - health_logger - INFO - Starting health check for all services
2026-04-01 19:46:25,874 - health_logger - INFO - Recorded service statuses: {'receiver': 'Up', 'storage': 'Up', 'processing': 'Up', 'analyzer': 'Up', 'last_update': '2026-04-01T19:46:25'}
2026-04-01 19:46:55,847 - health_logger - INFO - Starting health check for all services
2026-04-01 19:46:55,869 - health_logger - INFO - Recorded service statuses: {'receiver': 'Up', 'storage': 'Up', 'processing': 'Up', 'analyzer': 'Up', 'last_update': '2026-04-01T19:46:55'}
2026-04-01 19:47:25,847 - health_logger - INFO - Starting health check for all services
2026-04-01 19:47:25,870 - health_logger - INFO - Recorded service statuses: {'receiver': 'Up', 'storage': 'Up', 'processing': 'Up', 'analyzer': 'Up', 'last_update': '2026-04-01T19:47:25'}
2026-04-01 19:47:55,847 - health_logger - INFO - Starting health check for all services
2026-04-01 19:47:55,870 - health_logger - INFO - Recorded service statuses: {'receiver': 'Up', 'storage': 'Up', 'processing': 'Up', 'analyzer': 'Up', 'last_update': '2026-04-01T19:47:55'}
2026-04-01 19:48:25,846 - health_logger - INFO - Starting health check for all services
2026-04-01 19:48:25,868 - health_logger - INFO - Recorded service statuses: {'receiver': 'Up', 'storage': 'Up', 'processing': 'Up', 'analyzer': 'Up', 'last_update': '2026-04-01T19:48:25'}
2026-04-01 19:48:55,846 - health_logger - INFO - Starting health check for all services
2026-04-01 19:48:55,868 - health_logger - INFO - Recorded service statuses: {'receiver': 'Up', 'storage': 'Up', 'processing': 'Up', 'analyzer': 'Up', 'last_update': '2026-04-01T19:48:55'}
2026-04-01 19:49:25,846 - health_logger - INFO - Starting health check for all services
2026-04-01 19:49:25,868 - health_logger - INFO - Recorded service statuses: {'receiver': 'Up', 'storage': 'Up', 'processing': 'Up', 'analyzer': 'Up', 'last_update': '2026-04-01T19:49:25'}
2026-04-01 19:49:55,846 - health_logger - INFO - Starting health check for all services
2026-04-01 19:49:55,862 - health_logger - INFO - Recorded service statuses: {'receiver': 'Up', 'storage': 'Up', 'processing': 'Up', 'analyzer': 'Up', 'last_update': '2026-04-01T19:49:55'}
2026-04-01 19:50:25,847 - health_logger - INFO - Starting health check for all services
2026-04-01 19:50:25,867 - health_logger - INFO - Recorded service statuses: {'receiver': 'Up', 'storage': 'Up', 'processing': 'Up', 'analyzer': 'Up', 'last_update': '2026-04-01T19:50:25'}
2026-04-01 19:50:55,846 - health_logger - INFO - Starting health check for all services
2026-04-01 19:50:55,867 - health_logger - INFO - Recorded service statuses: {'receiver': 'Up', 'storage': 'Up', 'processing': 'Up', 'analyzer': 'Up', 'last_update': '2026-04-01T19:50:55'}
2026-04-01 19:51:25,847 - health_logger - INFO - Starting health check for all services
2026-04-01 19:51:25,915 - health_logger - INFO - Recorded service statuses: {'receiver': 'Up', 'storage': 'Up', 'processing': 'Up', 'analyzer': 'Up', 'last_update': '2026-04-01T19:51:25'}
2026-04-01 19:51:55,848 - health_logger - INFO - Starting health check for all services
2026-04-01 19:51:55,877 - health_logger - INFO - Recorded service statuses: {'receiver': 'Up', 'storage': 'Up', 'processing': 'Up', 'analyzer': 'Up', 'last_update': '2026-04-01T19:51:55'}
2026-04-01 19:52:25,846 - health_logger - INFO - Starting health check for all services
2026-04-01 19:52:25,870 - health_logger - INFO - Recorded service statuses: {'receiver': 'Up', 'storage': 'Up', 'processing': 'Up', 'analyzer': 'Up', 'last_update': '2026-04-01T19:52:25'}
2026-04-01 19:52:55,847 - health_logger - INFO - Starting health check for all services
2026-04-01 19:52:55,870 - health_logger - INFO - Recorded service statuses: {'receiver': 'Up', 'storage': 'Up', 'processing': 'Up', 'analyzer': 'Up', 'last_update': '2026-04-01T19:52:55'}
2026-04-01 19:53:25,850 - health_logger - INFO - Starting health check for all services
2026-04-01 19:53:25,882 - health_logger - INFO - Recorded service statuses: {'receiver': 'Up', 'storage': 'Up', 'processing': 'Up', 'analyzer': 'Up', 'last_update': '2026-04-01T19:53:25'}
2026-04-01 19:53:55,849 - health_logger - INFO - Starting health check for all services
2026-04-01 19:53:55,899 - health_logger - INFO - Recorded service statuses: {'receiver': 'Up', 'storage': 'Up', 'processing': 'Up', 'analyzer': 'Up', 'last_update': '2026-04-01T19:53:55'}
2026-04-01 19:54:25,847 - health_logger - INFO - Starting health check for all services
2026-04-01 19:54:25,875 - health_logger - INFO - Recorded service statuses: {'receiver': 'Up', 'storage': 'Up', 'processing': 'Up', 'analyzer': 'Up', 'last_update': '2026-04-01T19:54:25'}
2026-04-01 19:54:55,846 - health_logger - INFO - Starting health check for all services
2026-04-01 19:54:55,867 - health_logger - INFO - Recorded service statuses: {'receiver': 'Up', 'storage': 'Up', 'processing': 'Up', 'analyzer': 'Up', 'last_update': '2026-04-01T19:54:55'}
2026-04-01 19:55:25,846 - health_logger - INFO - Starting health check for all services
2026-04-01 19:55:25,865 - health_logger - INFO - Recorded service statuses: {'receiver': 'Up', 'storage': 'Up', 'processing': 'Up', 'analyzer': 'Up', 'last_update': '2026-04-01T19:55:25'}
2026-04-01 19:55:55,846 - health_logger - INFO - Starting health check for all services
2026-04-01 19:55:55,893 - health_logger - INFO - Recorded service statuses: {'receiver': 'Up', 'storage': 'Up', 'processing': 'Up', 'analyzer': 'Up', 'last_update': '2026-04-01T19:55:55'}
2026-04-01 19:56:25,849 - health_logger - INFO - Starting health check for all services
2026-04-01 19:56:25,881 - health_logger - INFO - Recorded service statuses: {'receiver': 'Up', 'storage': 'Up', 'processing': 'Up', 'analyzer': 'Up', 'last_update': '2026-04-01T19:56:25'}
2026-04-01 19:56:55,846 - health_logger - INFO - Starting health check for all services
2026-04-01 19:56:55,869 - health_logger - INFO - Recorded service statuses: {'receiver': 'Up', 'storage': 'Up', 'processing': 'Up', 'analyzer': 'Up', 'last_update': '2026-04-01T19:56:55'}
2026-04-01 19:57:25,847 - health_logger - INFO - Starting health check for all services
2026-04-01 19:57:25,881 - health_logger - INFO - Recorded service statuses: {'receiver': 'Up', 'storage': 'Up', 'processing': 'Up', 'analyzer': 'Up', 'last_update': '2026-04-01T19:57:25'}
2026-04-01 19:57:55,846 - health_logger - INFO - Starting health check for all services
2026-04-01 19:57:55,861 - health_logger - INFO - Recorded service statuses: {'receiver': 'Up', 'storage': 'Up', 'processing': 'Up', 'analyzer': 'Up', 'last_update': '2026-04-01T19:57:55'}
2026-04-01 19:58:39,755 - apscheduler.scheduler - INFO - Adding job tentatively -- it will be properly scheduled when the scheduler starts
2026-04-01 19:58:39,758 - apscheduler.scheduler - INFO - Added job "check_health" to job store "default"
2026-04-01 19:58:39,758 - apscheduler.scheduler - INFO - Scheduler started
2026-04-01 19:59:09,759 - health_logger - INFO - Starting health check for all services
2026-04-01 19:59:09,806 - health_logger - INFO - Recorded service statuses: {'receiver': 'Up', 'storage': 'Up', 'processing': 'Up', 'analyzer': 'Up', 'last_update': '2026-04-01T19:59:09'}
2026-04-01 19:59:39,765 - health_logger - INFO - Starting health check for all services
2026-04-01 19:59:39,791 - health_logger - INFO - Recorded service statuses: {'receiver': 'Up', 'storage': 'Up', 'processing': 'Up', 'analyzer': 'Up', 'last_update': '2026-04-01T19:59:39'}
2026-04-01 20:00:09,759 - health_logger - INFO - Starting health check for all services
2026-04-01 20:00:09,778 - health_logger - INFO - Recorded service statuses: {'receiver': 'Up', 'storage': 'Up', 'processing': 'Up', 'analyzer': 'Up', 'last_update': '2026-04-01T20:00:09'}
2026-04-01 20:00:39,757 - health_logger - INFO - Starting health check for all services
2026-04-01 20:00:39,783 - health_logger - INFO - Recorded service statuses: {'receiver': 'Up', 'storage': 'Up', 'processing': 'Up', 'analyzer': 'Up', 'last_update': '2026-04-01T20:00:39'}
2026-04-01 20:01:09,760 - health_logger - INFO - Starting health check for all services
2026-04-01 20:01:09,801 - health_logger - INFO - Recorded service statuses: {'receiver': 'Up', 'storage': 'Up', 'processing': 'Up', 'analyzer': 'Up', 'last_update': '2026-04-01T20:01:09'}
2026-04-01 20:01:39,757 - health_logger - INFO - Starting health check for all services
2026-04-01 20:01:39,781 - health_logger - INFO - Recorded service statuses: {'receiver': 'Up', 'storage': 'Up', 'processing': 'Up', 'analyzer': 'Up', 'last_update': '2026-04-01T20:01:39'}
2026-04-01 20:02:12,720 - apscheduler.scheduler - INFO - Adding job tentatively -- it will be properly scheduled when the scheduler starts
2026-04-01 20:02:12,721 - apscheduler.scheduler - INFO - Added job "check_health" to job store "default"
2026-04-01 20:02:12,722 - apscheduler.scheduler - INFO - Scheduler started
2026-04-01 20:02:42,721 - health_logger - INFO - Starting health check for all services
2026-04-01 20:02:42,747 - health_logger - INFO - Recorded service statuses: {'receiver': 'Up', 'storage': 'Up', 'processing': 'Up', 'analyzer': 'Up', 'last_update': '2026-04-01T20:02:42'}
2026-04-01 20:03:12,723 - health_logger - INFO - Starting health check for all services
2026-04-01 20:03:12,758 - health_logger - INFO - Recorded service statuses: {'receiver': 'Up', 'storage': 'Up', 'processing': 'Up', 'analyzer': 'Up', 'last_update': '2026-04-01T20:03:12'}
2026-04-01 20:03:42,720 - health_logger - INFO - Starting health check for all services
2026-04-01 20:03:42,739 - health_logger - INFO - Recorded service statuses: {'receiver': 'Up', 'storage': 'Up', 'processing': 'Up', 'analyzer': 'Up', 'last_update': '2026-04-01T20:03:42'}
2026-04-01 20:04:12,721 - health_logger - INFO - Starting health check for all services
2026-04-01 20:04:12,737 - health_logger - INFO - Recorded service statuses: {'receiver': 'Up', 'storage': 'Up', 'processing': 'Up', 'analyzer': 'Up', 'last_update': '2026-04-01T20:04:12'}
2026-04-01 20:04:42,721 - health_logger - INFO - Starting health check for all services
2026-04-01 20:04:42,745 - health_logger - INFO - Recorded service statuses: {'receiver': 'Up', 'storage': 'Up', 'processing': 'Up', 'analyzer': 'Up', 'last_update': '2026-04-01T20:04:42'}
2026-04-01 20:05:12,721 - health_logger - INFO - Starting health check for all services
2026-04-01 20:05:12,742 - health_logger - INFO - Recorded service statuses: {'receiver': 'Up', 'storage': 'Up', 'processing': 'Up', 'analyzer': 'Up', 'last_update': '2026-04-01T20:05:12'}
2026-04-01 20:05:42,720 - health_logger - INFO - Starting health check for all services
2026-04-01 20:05:42,738 - health_logger - INFO - Recorded service statuses: {'receiver': 'Up', 'storage': 'Up', 'processing': 'Up', 'analyzer': 'Up', 'last_update': '2026-04-01T20:05:42'}
2026-04-01 20:06:12,720 - health_logger - INFO - Starting health check for all services
2026-04-01 20:06:12,752 - health_logger - INFO - Recorded service statuses: {'receiver': 'Up', 'storage': 'Up', 'processing': 'Up', 'analyzer': 'Up', 'last_update': '2026-04-01T20:06:12'}
2026-04-01 20:06:54,735 - apscheduler.scheduler - INFO - Adding job tentatively -- it will be properly scheduled when the scheduler starts
2026-04-01 20:06:54,737 - apscheduler.scheduler - INFO - Added job "check_health" to job store "default"
2026-04-01 20:06:54,737 - apscheduler.scheduler - INFO - Scheduler started
2026-04-01 20:07:24,741 - health_logger - INFO - Starting health check for all services
2026-04-01 20:07:24,775 - health_logger - ERROR - Error connecting to receiver: HTTPConnectionPool(host='receiver', port=8080): Max retries exceeded with url: /health (Caused by NameResolutionError("HTTPConnection(host='receiver', port=8080): Failed to resolve 'receiver' ([Errno -2] Name or service not known)"))
2026-04-01 20:07:24,799 - health_logger - INFO - Recorded service statuses: {'receiver': 'Down', 'storage': 'Up', 'processing': 'Up', 'analyzer': 'Up', 'last_update': '2026-04-01T20:07:24'}
2026-04-01 20:07:54,738 - health_logger - INFO - Starting health check for all services
2026-04-01 20:07:54,745 - health_logger - ERROR - Error connecting to receiver: HTTPConnectionPool(host='receiver', port=8080): Max retries exceeded with url: /health (Caused by NameResolutionError("HTTPConnection(host='receiver', port=8080): Failed to resolve 'receiver' ([Errno -2] Name or service not known)"))
2026-04-01 20:07:54,757 - health_logger - INFO - Recorded service statuses: {'receiver': 'Down', 'storage': 'Up', 'processing': 'Up', 'analyzer': 'Up', 'last_update': '2026-04-01T20:07:54'}
2026-04-01 20:08:24,736 - health_logger - INFO - Starting health check for all services
2026-04-01 20:08:24,743 - health_logger - ERROR - Error connecting to receiver: HTTPConnectionPool(host='receiver', port=8080): Max retries exceeded with url: /health (Caused by NameResolutionError("HTTPConnection(host='receiver', port=8080): Failed to resolve 'receiver' ([Errno -2] Name or service not known)"))
2026-04-01 20:08:24,755 - health_logger - INFO - Recorded service statuses: {'receiver': 'Down', 'storage': 'Up', 'processing': 'Up', 'analyzer': 'Up', 'last_update': '2026-04-01T20:08:24'}
2026-04-01 20:08:54,736 - health_logger - INFO - Starting health check for all services
2026-04-01 20:08:54,762 - health_logger - ERROR - Error connecting to receiver: HTTPConnectionPool(host='receiver', port=8080): Max retries exceeded with url: /health (Caused by NameResolutionError("HTTPConnection(host='receiver', port=8080): Failed to resolve 'receiver' ([Errno -2] Name or service not known)"))
2026-04-01 20:08:54,775 - health_logger - INFO - Recorded service statuses: {'receiver': 'Down', 'storage': 'Up', 'processing': 'Up', 'analyzer': 'Up', 'last_update': '2026-04-01T20:08:54'}
2026-04-01 20:09:24,736 - health_logger - INFO - Starting health check for all services
2026-04-01 20:09:24,743 - health_logger - ERROR - Error connecting to receiver: HTTPConnectionPool(host='receiver', port=8080): Max retries exceeded with url: /health (Caused by NameResolutionError("HTTPConnection(host='receiver', port=8080): Failed to resolve 'receiver' ([Errno -2] Name or service not known)"))
2026-04-01 20:09:24,753 - health_logger - INFO - Recorded service statuses: {'receiver': 'Down', 'storage': 'Up', 'processing': 'Up', 'analyzer': 'Up', 'last_update': '2026-04-01T20:09:24'}
2026-04-01 20:09:54,736 - health_logger - INFO - Starting health check for all services
2026-04-01 20:09:54,745 - health_logger - ERROR - Error connecting to receiver: HTTPConnectionPool(host='receiver', port=8080): Max retries exceeded with url: /health (Caused by NameResolutionError("HTTPConnection(host='receiver', port=8080): Failed to resolve 'receiver' ([Errno -2] Name or service not known)"))
2026-04-01 20:09:54,758 - health_logger - INFO - Recorded service statuses: {'receiver': 'Down', 'storage': 'Up', 'processing': 'Up', 'analyzer': 'Up', 'last_update': '2026-04-01T20:09:54'}
2026-04-01 20:10:24,738 - health_logger - INFO - Starting health check for all services
2026-04-01 20:10:24,770 - health_logger - ERROR - Error connecting to receiver: HTTPConnectionPool(host='receiver', port=8080): Max retries exceeded with url: /health (Caused by NameResolutionError("HTTPConnection(host='receiver', port=8080): Failed to resolve 'receiver' ([Errno -2] Name or service not known)"))
2026-04-01 20:10:24,783 - health_logger - INFO - Recorded service statuses: {'receiver': 'Down', 'storage': 'Up', 'processing': 'Up', 'analyzer': 'Up', 'last_update': '2026-04-01T20:10:24'}
2026-04-01 20:10:54,737 - health_logger - INFO - Starting health check for all services
2026-04-01 20:10:54,745 - health_logger - ERROR - Error connecting to receiver: HTTPConnectionPool(host='receiver', port=8080): Max retries exceeded with url: /health (Caused by NameResolutionError("HTTPConnection(host='receiver', port=8080): Failed to resolve 'receiver' ([Errno -2] Name or service not known)"))
2026-04-01 20:10:54,758 - health_logger - INFO - Recorded service statuses: {'receiver': 'Down', 'storage': 'Up', 'processing': 'Up', 'analyzer': 'Up', 'last_update': '2026-04-01T20:10:54'}
2026-04-01 20:11:24,735 - health_logger - INFO - Starting health check for all services
2026-04-01 20:11:24,742 - health_logger - ERROR - Error connecting to receiver: HTTPConnectionPool(host='receiver', port=8080): Max retries exceeded with url: /health (Caused by NameResolutionError("HTTPConnection(host='receiver', port=8080): Failed to resolve 'receiver' ([Errno -2] Name or service not known)"))
2026-04-01 20:11:24,762 - health_logger - INFO - Recorded service statuses: {'receiver': 'Down', 'storage': 'Up', 'processing': 'Up', 'analyzer': 'Up', 'last_update': '2026-04-01T20:11:24'}
2026-04-01 20:11:54,735 - health_logger - INFO - Starting health check for all services
2026-04-01 20:11:54,762 - health_logger - ERROR - Error connecting to receiver: HTTPConnectionPool(host='receiver', port=8080): Max retries exceeded with url: /health (Caused by NameResolutionError("HTTPConnection(host='receiver', port=8080): Failed to resolve 'receiver' ([Errno -2] Name or service not known)"))
2026-04-01 20:11:54,774 - health_logger - INFO - Recorded service statuses: {'receiver': 'Down', 'storage': 'Up', 'processing': 'Up', 'analyzer': 'Up', 'last_update': '2026-04-01T20:11:54'}
2026-04-01 20:12:24,736 - health_logger - INFO - Starting health check for all services
2026-04-01 20:12:24,746 - health_logger - ERROR - Error connecting to receiver: HTTPConnectionPool(host='receiver', port=8080): Max retries exceeded with url: /health (Caused by NameResolutionError("HTTPConnection(host='receiver', port=8080): Failed to resolve 'receiver' ([Errno -2] Name or service not known)"))
2026-04-01 20:12:24,762 - health_logger - INFO - Recorded service statuses: {'receiver': 'Down', 'storage': 'Up', 'processing': 'Up', 'analyzer': 'Up', 'last_update': '2026-04-01T20:12:24'}
2026-04-01 20:12:56,295 - apscheduler.scheduler - INFO - Adding job tentatively -- it will be properly scheduled when the scheduler starts
2026-04-01 20:12:56,297 - apscheduler.scheduler - INFO - Added job "check_health" to job store "default"
2026-04-01 20:12:56,297 - apscheduler.scheduler - INFO - Scheduler started
2026-04-01 20:13:26,297 - health_logger - INFO - Starting health check for all services
2026-04-01 20:13:26,324 - health_logger - ERROR - Error connecting to receiver: HTTPConnectionPool(host='receiver', port=8080): Max retries exceeded with url: /health (Caused by NameResolutionError("HTTPConnection(host='receiver', port=8080): Failed to resolve 'receiver' ([Errno -2] Name or service not known)"))
2026-04-01 20:13:26,358 - health_logger - INFO - Recorded service statuses: {'receiver': 'Down', 'storage': 'Up', 'processing': 'Up', 'analyzer': 'Up', 'last_update': '2026-04-01T20:13:26'}
2026-04-01 20:13:56,297 - health_logger - INFO - Starting health check for all services
2026-04-01 20:13:56,307 - health_logger - ERROR - Error connecting to receiver: HTTPConnectionPool(host='receiver', port=8080): Max retries exceeded with url: /health (Caused by NameResolutionError("HTTPConnection(host='receiver', port=8080): Failed to resolve 'receiver' ([Errno -2] Name or service not known)"))
2026-04-01 20:13:56,323 - health_logger - INFO - Recorded service statuses: {'receiver': 'Down', 'storage': 'Up', 'processing': 'Up', 'analyzer': 'Up', 'last_update': '2026-04-01T20:13:56'}
2026-04-01 20:14:26,296 - health_logger - INFO - Starting health check for all services
2026-04-01 20:14:26,303 - health_logger - ERROR - Error connecting to receiver: HTTPConnectionPool(host='receiver', port=8080): Max retries exceeded with url: /health (Caused by NameResolutionError("HTTPConnection(host='receiver', port=8080): Failed to resolve 'receiver' ([Errno -2] Name or service not known)"))
2026-04-01 20:14:26,315 - health_logger - INFO - Recorded service statuses: {'receiver': 'Down', 'storage': 'Up', 'processing': 'Up', 'analyzer': 'Up', 'last_update': '2026-04-01T20:14:26'}
2026-04-01 20:14:56,296 - health_logger - INFO - Starting health check for all services
2026-04-01 20:14:56,326 - health_logger - ERROR - Error connecting to receiver: HTTPConnectionPool(host='receiver', port=8080): Max retries exceeded with url: /health (Caused by NameResolutionError("HTTPConnection(host='receiver', port=8080): Failed to resolve 'receiver' ([Errno -2] Name or service not known)"))
2026-04-01 20:14:56,342 - health_logger - INFO - Recorded service statuses: {'receiver': 'Down', 'storage': 'Up', 'processing': 'Up', 'analyzer': 'Up', 'last_update': '2026-04-01T20:14:56'}
2026-04-01 20:15:26,298 - health_logger - INFO - Starting health check for all services
2026-04-01 20:15:26,304 - health_logger - ERROR - Error connecting to receiver: HTTPConnectionPool(host='receiver', port=8080): Max retries exceeded with url: /health (Caused by NameResolutionError("HTTPConnection(host='receiver', port=8080): Failed to resolve 'receiver' ([Errno -2] Name or service not known)"))
2026-04-01 20:15:26,316 - health_logger - INFO - Recorded service statuses: {'receiver': 'Down', 'storage': 'Up', 'processing': 'Up', 'analyzer': 'Up', 'last_update': '2026-04-01T20:15:26'}
2026-04-01 20:16:27,466 - apscheduler.scheduler - INFO - Adding job tentatively -- it will be properly scheduled when the scheduler starts
2026-04-01 20:16:27,468 - apscheduler.scheduler - INFO - Added job "check_health" to job store "default"
2026-04-01 20:16:27,469 - apscheduler.scheduler - INFO - Scheduler started
2026-04-01 20:16:57,472 - health_logger - INFO - Starting health check for all services
2026-04-01 20:16:57,532 - health_logger - INFO - Recorded service statuses: {'receiver': 'Up', 'storage': 'Up', 'processing': 'Up', 'analyzer': 'Up', 'last_update': '2026-04-01T20:16:57'}
2026-04-01 20:17:27,468 - health_logger - INFO - Starting health check for all services
2026-04-01 20:17:27,486 - health_logger - INFO - Recorded service statuses: {'receiver': 'Up', 'storage': 'Up', 'processing': 'Up', 'analyzer': 'Up', 'last_update': '2026-04-01T20:17:27'}
2026-04-01 20:17:57,470 - health_logger - INFO - Starting health check for all services
2026-04-01 20:17:57,486 - health_logger - INFO - Recorded service statuses: {'receiver': 'Up', 'storage': 'Up', 'processing': 'Up', 'analyzer': 'Up', 'last_update': '2026-04-01T20:17:57'}
2026-04-01 20:18:27,469 - health_logger - INFO - Starting health check for all services
2026-04-01 20:18:27,484 - health_logger - INFO - Recorded service statuses: {'receiver': 'Up', 'storage': 'Up', 'processing': 'Up', 'analyzer': 'Up', 'last_update': '2026-04-01T20:18:27'}
2026-04-01 20:18:57,467 - health_logger - INFO - Starting health check for all services
2026-04-01 20:18:57,479 - health_logger - INFO - Recorded service statuses: {'receiver': 'Up', 'storage': 'Up', 'processing': 'Up', 'analyzer': 'Up', 'last_update': '2026-04-01T20:18:57'}
2026-04-01 20:19:27,467 - health_logger - INFO - Starting health check for all services
2026-04-01 20:19:27,489 - health_logger - INFO - Recorded service statuses: {'receiver': 'Up', 'storage': 'Up', 'processing': 'Up', 'analyzer': 'Up', 'last_update': '2026-04-01T20:19:27'}
2026-04-01 20:19:57,466 - health_logger - INFO - Starting health check for all services
2026-04-01 20:19:57,481 - health_logger - INFO - Recorded service statuses: {'receiver': 'Up', 'storage': 'Up', 'processing': 'Up', 'analyzer': 'Up', 'last_update': '2026-04-01T20:19:57'}
2026-04-01 20:20:27,467 - health_logger - INFO - Starting health check for all services
2026-04-01 20:20:27,483 - health_logger - INFO - Recorded service statuses: {'receiver': 'Up', 'storage': 'Up', 'processing': 'Up', 'analyzer': 'Up', 'last_update': '2026-04-01T20:20:27'}
2026-04-01 20:20:57,467 - health_logger - INFO - Starting health check for all services
2026-04-01 20:20:57,484 - health_logger - INFO - Recorded service statuses: {'receiver': 'Up', 'storage': 'Up', 'processing': 'Up', 'analyzer': 'Up', 'last_update': '2026-04-01T20:20:57'}
2026-04-01 20:21:27,467 - health_logger - INFO - Starting health check for all services
2026-04-01 20:21:27,481 - health_logger - INFO - Recorded service statuses: {'receiver': 'Up', 'storage': 'Up', 'processing': 'Up', 'analyzer': 'Up', 'last_update': '2026-04-01T20:21:27'}
2026-04-01 20:21:57,472 - health_logger - INFO - Starting health check for all services
2026-04-01 20:21:57,493 - health_logger - INFO - Recorded service statuses: {'receiver': 'Up', 'storage': 'Up', 'processing': 'Up', 'analyzer': 'Up', 'last_update': '2026-04-01T20:21:57'}
2026-04-01 20:22:27,467 - health_logger - INFO - Starting health check for all services
2026-04-01 20:22:27,479 - health_logger - INFO - Recorded service statuses: {'receiver': 'Up', 'storage': 'Up', 'processing': 'Up', 'analyzer': 'Up', 'last_update': '2026-04-01T20:22:27'}
2026-04-01 20:22:57,469 - health_logger - INFO - Starting health check for all services
2026-04-01 20:22:57,491 - health_logger - INFO - Recorded service statuses: {'receiver': 'Up', 'storage': 'Up', 'processing': 'Up', 'analyzer': 'Up', 'last_update': '2026-04-01T20:22:57'}
2026-04-01 20:23:27,467 - health_logger - INFO - Starting health check for all services
2026-04-01 20:23:27,480 - health_logger - INFO - Recorded service statuses: {'receiver': 'Up', 'storage': 'Up', 'processing': 'Up', 'analyzer': 'Up', 'last_update': '2026-04-01T20:23:27'}
2026-04-01 20:23:57,469 - health_logger - INFO - Starting health check for all services
2026-04-01 20:23:57,485 - health_logger - INFO - Recorded service statuses: {'receiver': 'Up', 'storage': 'Up', 'processing': 'Up', 'analyzer': 'Up', 'last_update': '2026-04-01T20:23:57'}
2026-04-01 20:24:27,470 - health_logger - INFO - Starting health check for all services
2026-04-01 20:24:27,496 - health_logger - INFO - Recorded service statuses: {'receiver': 'Up', 'storage': 'Up', 'processing': 'Up', 'analyzer': 'Up', 'last_update': '2026-04-01T20:24:27'}
2026-04-01 20:24:57,466 - health_logger - INFO - Starting health check for all services
2026-04-01 20:24:57,484 - health_logger - INFO - Recorded service statuses: {'receiver': 'Up', 'storage': 'Up', 'processing': 'Up', 'analyzer': 'Up', 'last_update': '2026-04-01T20:24:57'}
2026-04-01 20:25:27,467 - health_logger - INFO - Starting health check for all services
2026-04-01 20:25:27,481 - health_logger - INFO - Recorded service statuses: {'receiver': 'Up', 'storage': 'Up', 'processing': 'Up', 'analyzer': 'Up', 'last_update': '2026-04-01T20:25:27'}
2026-04-01 20:25:57,466 - health_logger - INFO - Starting health check for all services
2026-04-01 20:25:57,482 - health_logger - INFO - Recorded service statuses: {'receiver': 'Up', 'storage': 'Up', 'processing': 'Up', 'analyzer': 'Up', 'last_update': '2026-04-01T20:25:57'}
2026-04-01 20:26:27,472 - health_logger - INFO - Starting health check for all services
2026-04-01 20:26:27,491 - health_logger - INFO - Recorded service statuses: {'receiver': 'Up', 'storage': 'Up', 'processing': 'Up', 'analyzer': 'Up', 'last_update': '2026-04-01T20:26:27'}
2026-04-01 20:26:57,467 - health_logger - INFO - Starting health check for all services
2026-04-01 20:26:57,484 - health_logger - INFO - Recorded service statuses: {'receiver': 'Up', 'storage': 'Up', 'processing': 'Up', 'analyzer': 'Up', 'last_update': '2026-04-01T20:26:57'}
2026-04-01 20:27:27,469 - health_logger - INFO - Starting health check for all services
2026-04-01 20:27:27,488 - health_logger - INFO - Recorded service statuses: {'receiver': 'Up', 'storage': 'Up', 'processing': 'Up', 'analyzer': 'Up', 'last_update': '2026-04-01T20:27:27'}
2026-04-01 20:27:57,466 - health_logger - INFO - Starting health check for all services
2026-04-01 20:27:57,482 - health_logger - INFO - Recorded service statuses: {'receiver': 'Up', 'storage': 'Up', 'processing': 'Up', 'analyzer': 'Up', 'last_update': '2026-04-01T20:27:57'}
2026-04-01 20:28:27,469 - health_logger - INFO - Starting health check for all services
2026-04-01 20:28:27,484 - health_logger - INFO - Recorded service statuses: {'receiver': 'Up', 'storage': 'Up', 'processing': 'Up', 'analyzer': 'Up', 'last_update': '2026-04-01T20:28:27'}
2026-04-01 20:28:57,467 - health_logger - INFO - Starting health check for all services
2026-04-01 20:28:57,494 - health_logger - INFO - Recorded service statuses: {'receiver': 'Up', 'storage': 'Up', 'processing': 'Up', 'analyzer': 'Up', 'last_update': '2026-04-01T20:28:57'}
2026-04-01 20:29:27,469 - health_logger - INFO - Starting health check for all services
2026-04-01 20:29:27,492 - health_logger - INFO - Recorded service statuses: {'receiver': 'Up', 'storage': 'Up', 'processing': 'Up', 'analyzer': 'Up', 'last_update': '2026-04-01T20:29:27'}
2026-04-01 20:29:57,468 - health_logger - INFO - Starting health check for all services
2026-04-01 20:29:57,487 - health_logger - INFO - Recorded service statuses: {'receiver': 'Up', 'storage': 'Up', 'processing': 'Up', 'analyzer': 'Up', 'last_update': '2026-04-01T20:29:57'}
2026-04-01 20:30:27,467 - health_logger - INFO - Starting health check for all services
2026-04-01 20:30:27,482 - health_logger - INFO - Recorded service statuses: {'receiver': 'Up', 'storage': 'Up', 'processing': 'Up', 'analyzer': 'Up', 'last_update': '2026-04-01T20:30:27'}
2026-04-01 20:30:57,466 - health_logger - INFO - Starting health check for all services
2026-04-01 20:30:57,482 - health_logger - INFO - Recorded service statuses: {'receiver': 'Up', 'storage': 'Up', 'processing': 'Up', 'analyzer': 'Up', 'last_update': '2026-04-01T20:30:57'}
2026-04-01 20:31:27,471 - health_logger - INFO - Starting health check for all services
2026-04-01 20:31:27,488 - health_logger - INFO - Recorded service statuses: {'receiver': 'Up', 'storage': 'Up', 'processing': 'Up', 'analyzer': 'Up', 'last_update': '2026-04-01T20:31:27'}
2026-04-01 20:31:57,473 - health_logger - INFO - Starting health check for all services
2026-04-01 20:31:57,490 - health_logger - INFO - Recorded service statuses: {'receiver': 'Up', 'storage': 'Up', 'processing': 'Up', 'analyzer': 'Up', 'last_update': '2026-04-01T20:31:57'}
2026-04-01 20:33:57,486 - health_logger - INFO - Starting health check for all services
2026-04-01 20:33:57,548 - health_logger - INFO - Recorded service statuses: {'receiver': 'Up', 'storage': 'Up', 'processing': 'Up', 'analyzer': 'Up', 'last_update': '2026-04-01T20:33:57'}
2026-04-01 20:34:27,471 - health_logger - INFO - Starting health check for all services
2026-04-01 20:34:27,490 - health_logger - INFO - Recorded service statuses: {'receiver': 'Up', 'storage': 'Up', 'processing': 'Up', 'analyzer': 'Up', 'last_update': '2026-04-01T20:34:27'}
2026-04-01 20:34:57,469 - health_logger - INFO - Starting health check for all services
2026-04-01 20:34:57,484 - health_logger - INFO - Recorded service statuses: {'receiver': 'Up', 'storage': 'Up', 'processing': 'Up', 'analyzer': 'Up', 'last_update': '2026-04-01T20:34:57'}
2026-04-01 20:35:27,469 - health_logger - INFO - Starting health check for all services
2026-04-01 20:35:27,503 - health_logger - INFO - Recorded service statuses: {'receiver': 'Up', 'storage': 'Up', 'processing': 'Up', 'analyzer': 'Up', 'last_update': '2026-04-01T20:35:27'}
2026-04-01 20:35:57,468 - health_logger - INFO - Starting health check for all services
2026-04-01 20:35:57,488 - health_logger - INFO - Recorded service statuses: {'receiver': 'Up', 'storage': 'Up', 'processing': 'Up', 'analyzer': 'Up', 'last_update': '2026-04-01T20:35:57'}
2026-04-01 20:36:44,009 - apscheduler.scheduler - INFO - Adding job tentatively -- it will be properly scheduled when the scheduler starts
2026-04-01 20:36:44,011 - apscheduler.scheduler - INFO - Added job "check_health" to job store "default"
2026-04-01 20:36:44,012 - apscheduler.scheduler - INFO - Scheduler started
2026-04-01 20:37:14,013 - health_logger - INFO - Starting health check for all services
2026-04-01 20:37:14,047 - health_logger - ERROR - Error connecting to storage: HTTPConnectionPool(host='storage', port=8090): Max retries exceeded with url: /health (Caused by NameResolutionError("HTTPConnection(host='storage', port=8090): Failed to resolve 'storage' ([Errno -2] Name or service not known)"))
2026-04-01 20:37:14,075 - health_logger - INFO - Recorded service statuses: {'receiver': 'Up', 'storage': 'Down', 'processing': 'Up', 'analyzer': 'Up', 'last_update': '2026-04-01T20:37:14'}
2026-04-01 20:37:44,017 - health_logger - INFO - Starting health check for all services
2026-04-01 20:37:44,040 - health_logger - ERROR - Error connecting to storage: HTTPConnectionPool(host='storage', port=8090): Max retries exceeded with url: /health (Caused by NameResolutionError("HTTPConnection(host='storage', port=8090): Failed to resolve 'storage' ([Errno -2] Name or service not known)"))
2026-04-01 20:37:44,055 - health_logger - INFO - Recorded service statuses: {'receiver': 'Up', 'storage': 'Down', 'processing': 'Up', 'analyzer': 'Up', 'last_update': '2026-04-01T20:37:44'}
2026-04-01 20:38:33,532 - apscheduler.scheduler - INFO - Adding job tentatively -- it will be properly scheduled when the scheduler starts
2026-04-01 20:38:33,534 - apscheduler.scheduler - INFO - Added job "check_health" to job store "default"
2026-04-01 20:38:33,534 - apscheduler.scheduler - INFO - Scheduler started
2026-04-01 20:39:03,538 - health_logger - INFO - Starting health check for all services
2026-04-01 20:39:03,597 - health_logger - INFO - Recorded service statuses: {'receiver': 'Up', 'storage': 'Up', 'processing': 'Up', 'analyzer': 'Up', 'last_update': '2026-04-01T20:39:03'}
2026-04-01 20:39:33,535 - health_logger - INFO - Starting health check for all services
2026-04-01 20:39:33,556 - health_logger - INFO - Recorded service statuses: {'receiver': 'Up', 'storage': 'Up', 'processing': 'Up', 'analyzer': 'Up', 'last_update': '2026-04-01T20:39:33'}
2026-04-01 20:40:03,535 - health_logger - INFO - Starting health check for all services
2026-04-01 20:40:03,553 - health_logger - INFO - Recorded service statuses: {'receiver': 'Up', 'storage': 'Up', 'processing': 'Up', 'analyzer': 'Up', 'last_update': '2026-04-01T20:40:03'}
2026-04-01 20:40:33,533 - health_logger - INFO - Starting health check for all services
2026-04-01 20:40:33,564 - health_logger - INFO - Recorded service statuses: {'receiver': 'Up', 'storage': 'Up', 'processing': 'Up', 'analyzer': 'Up', 'last_update': '2026-04-01T20:40:33'}
2026-04-01 20:41:03,534 - health_logger - INFO - Starting health check for all services
2026-04-01 20:41:03,765 - health_logger - INFO - Recorded service statuses: {'receiver': 'Up', 'storage': 'Up', 'processing': 'Up', 'analyzer': 'Up', 'last_update': '2026-04-01T20:41:03'}
2026-04-01 20:41:33,535 - health_logger - INFO - Starting health check for all services
2026-04-01 20:41:33,556 - health_logger - INFO - Recorded service statuses: {'receiver': 'Up', 'storage': 'Up', 'processing': 'Up', 'analyzer': 'Up', 'last_update': '2026-04-01T20:41:33'}
2026-04-01 20:42:03,538 - health_logger - INFO - Starting health check for all services
2026-04-01 20:42:03,567 - health_logger - INFO - Recorded service statuses: {'receiver': 'Up', 'storage': 'Up', 'processing': 'Up', 'analyzer': 'Up', 'last_update': '2026-04-01T20:42:03'}
2026-04-01 20:42:33,536 - health_logger - INFO - Starting health check for all services
2026-04-01 20:42:33,554 - health_logger - INFO - Recorded service statuses: {'receiver': 'Up', 'storage': 'Up', 'processing': 'Up', 'analyzer': 'Up', 'last_update': '2026-04-01T20:42:33'}
2026-04-01 20:43:03,535 - health_logger - INFO - Starting health check for all services
2026-04-01 20:43:03,562 - health_logger - INFO - Recorded service statuses: {'receiver': 'Up', 'storage': 'Up', 'processing': 'Up', 'analyzer': 'Up', 'last_update': '2026-04-01T20:43:03'}
2026-04-01 20:43:33,536 - health_logger - INFO - Starting health check for all services
2026-04-01 20:43:33,551 - health_logger - INFO - Recorded service statuses: {'receiver': 'Up', 'storage': 'Up', 'processing': 'Up', 'analyzer': 'Up', 'last_update': '2026-04-01T20:43:33'}
2026-04-01 20:44:03,533 - health_logger - INFO - Starting health check for all services
2026-04-01 20:44:03,554 - health_logger - INFO - Recorded service statuses: {'receiver': 'Up', 'storage': 'Up', 'processing': 'Up', 'analyzer': 'Up', 'last_update': '2026-04-01T20:44:03'}
2026-04-01 20:44:33,535 - health_logger - INFO - Starting health check for all services
2026-04-01 20:44:33,552 - health_logger - INFO - Recorded service statuses: {'receiver': 'Up', 'storage': 'Up', 'processing': 'Up', 'analyzer': 'Up', 'last_update': '2026-04-01T20:44:33'}
2026-04-01 20:45:03,534 - health_logger - INFO - Starting health check for all services
2026-04-01 20:45:03,554 - health_logger - INFO - Recorded service statuses: {'receiver': 'Up', 'storage': 'Up', 'processing': 'Up', 'analyzer': 'Up', 'last_update': '2026-04-01T20:45:03'}
2026-04-01 20:45:33,533 - health_logger - INFO - Starting health check for all services
2026-04-01 20:45:33,552 - health_logger - INFO - Recorded service statuses: {'receiver': 'Up', 'storage': 'Up', 'processing': 'Up', 'analyzer': 'Up', 'last_update': '2026-04-01T20:45:33'}
2026-04-01 20:46:03,533 - health_logger - INFO - Starting health check for all services
2026-04-01 20:46:03,545 - health_logger - INFO - Recorded service statuses: {'receiver': 'Up', 'storage': 'Up', 'processing': 'Up', 'analyzer': 'Up', 'last_update': '2026-04-01T20:46:03'}
2026-04-01 20:46:33,533 - health_logger - INFO - Starting health check for all services
2026-04-01 20:46:33,546 - health_logger - INFO - Recorded service statuses: {'receiver': 'Up', 'storage': 'Up', 'processing': 'Up', 'analyzer': 'Up', 'last_update': '2026-04-01T20:46:33'}
2026-04-01 20:47:03,536 - health_logger - INFO - Starting health check for all services
2026-04-01 20:47:03,557 - health_logger - INFO - Recorded service statuses: {'receiver': 'Up', 'storage': 'Up', 'processing': 'Up', 'analyzer': 'Up', 'last_update': '2026-04-01T20:47:03'}
2026-04-01 20:47:33,533 - health_logger - INFO - Starting health check for all services
2026-04-01 20:47:33,550 - health_logger - INFO - Recorded service statuses: {'receiver': 'Up', 'storage': 'Up', 'processing': 'Up', 'analyzer': 'Up', 'last_update': '2026-04-01T20:47:33'}
2026-04-01 20:48:03,533 - health_logger - INFO - Starting health check for all services
2026-04-01 20:48:03,545 - health_logger - INFO - Recorded service statuses: {'receiver': 'Up', 'storage': 'Up', 'processing': 'Up', 'analyzer': 'Up', 'last_update': '2026-04-01T20:48:03'}
2026-04-01 20:48:33,533 - health_logger - INFO - Starting health check for all services
2026-04-01 20:48:33,551 - health_logger - INFO - Recorded service statuses: {'receiver': 'Up', 'storage': 'Up', 'processing': 'Up', 'analyzer': 'Up', 'last_update': '2026-04-01T20:48:33'}
2026-04-01 20:49:03,534 - health_logger - INFO - Starting health check for all services
2026-04-01 20:49:03,547 - health_logger - INFO - Recorded service statuses: {'receiver': 'Up', 'storage': 'Up', 'processing': 'Up', 'analyzer': 'Up', 'last_update': '2026-04-01T20:49:03'}
2026-04-11 00:47:46,399 - apscheduler.scheduler - INFO - Adding job tentatively -- it will be properly scheduled when the scheduler starts
2026-04-11 00:47:46,401 - apscheduler.scheduler - INFO - Added job "check_health" to job store "default"
2026-04-11 00:47:46,402 - apscheduler.scheduler - INFO - Scheduler started
2026-04-11 00:48:16,405 - health_logger - INFO - Starting health check for all services
2026-04-11 00:48:16,491 - health_logger - INFO - Recorded service statuses: {'receiver': 'Up', 'storage': 'Up', 'processing': 'Up', 'analyzer': 'Up', 'last_update': '2026-04-11T00:48:16'}
2026-04-11 00:48:46,403 - health_logger - INFO - Starting health check for all services
2026-04-11 00:48:46,432 - health_logger - INFO - Recorded service statuses: {'receiver': 'Up', 'storage': 'Up', 'processing': 'Up', 'analyzer': 'Up', 'last_update': '2026-04-11T00:48:46'}
2026-04-11 00:49:16,402 - health_logger - INFO - Starting health check for all services
2026-04-11 00:49:16,824 - health_logger - INFO - Recorded service statuses: {'receiver': 'Up', 'storage': 'Up', 'processing': 'Up', 'analyzer': 'Up', 'last_update': '2026-04-11T00:49:16'}
2026-04-11 00:49:46,404 - health_logger - INFO - Starting health check for all services
2026-04-11 00:49:46,521 - health_logger - INFO - Recorded service statuses: {'receiver': 'Up', 'storage': 'Up', 'processing': 'Up', 'analyzer': 'Up', 'last_update': '2026-04-11T00:49:46'}
2026-04-11 00:50:16,403 - health_logger - INFO - Starting health check for all services
2026-04-11 00:50:16,447 - health_logger - INFO - Recorded service statuses: {'receiver': 'Up', 'storage': 'Up', 'processing': 'Up', 'analyzer': 'Up', 'last_update': '2026-04-11T00:50:16'}
2026-04-11 00:50:46,404 - health_logger - INFO - Starting health check for all services
2026-04-11 00:50:46,445 - health_logger - INFO - Recorded service statuses: {'receiver': 'Up', 'storage': 'Up', 'processing': 'Up', 'analyzer': 'Up', 'last_update': '2026-04-11T00:50:46'}
2026-04-11 00:51:16,405 - health_logger - INFO - Starting health check for all services
2026-04-11 00:51:16,448 - health_logger - INFO - Recorded service statuses: {'receiver': 'Up', 'storage': 'Up', 'processing': 'Up', 'analyzer': 'Up', 'last_update': '2026-04-11T00:51:16'}
2026-04-11 00:51:46,401 - health_logger - INFO - Starting health check for all services
2026-04-11 00:51:46,426 - health_logger - INFO - Recorded service statuses: {'receiver': 'Up', 'storage': 'Up', 'processing': 'Up', 'analyzer': 'Up', 'last_update': '2026-04-11T00:51:46'}
2026-04-11 00:52:16,403 - health_logger - INFO - Starting health check for all services
2026-04-11 00:52:16,435 - health_logger - INFO - Recorded service statuses: {'receiver': 'Up', 'storage': 'Up', 'processing': 'Up', 'analyzer': 'Up', 'last_update': '2026-04-11T00:52:16'}
2026-04-11 00:52:46,405 - health_logger - INFO - Starting health check for all services
2026-04-11 00:52:46,447 - health_logger - INFO - Recorded service statuses: {'receiver': 'Up', 'storage': 'Up', 'processing': 'Up', 'analyzer': 'Up', 'last_update': '2026-04-11T00:52:46'}
2026-04-11 00:53:16,401 - health_logger - INFO - Starting health check for all services
2026-04-11 00:53:16,426 - health_logger - INFO - Recorded service statuses: {'receiver': 'Up', 'storage': 'Up', 'processing': 'Up', 'analyzer': 'Up', 'last_update': '2026-04-11T00:53:16'}
2026-04-11 01:57:11,068 - apscheduler.scheduler - INFO - Adding job tentatively -- it will be properly scheduled when the scheduler starts
2026-04-11 01:57:11,071 - apscheduler.scheduler - INFO - Added job "check_health" to job store "default"
2026-04-11 01:57:11,073 - apscheduler.scheduler - INFO - Scheduler started
2026-04-11 01:57:41,070 - health_logger - INFO - Starting health check for all services
2026-04-11 01:57:41,224 - health_logger - INFO - Recorded service statuses: {'receiver': 'Up', 'storage': 'Up', 'processing': 'Up', 'analyzer': 'Up', 'last_update': '2026-04-11T01:57:41'}
2026-04-11 01:57:51,713 - health_logger - INFO - Request for all service statuses received
2026-04-11 01:57:56,709 - health_logger - INFO - Request for all service statuses received
2026-04-11 01:58:01,711 - health_logger - INFO - Request for all service statuses received
2026-04-11 01:58:06,715 - health_logger - INFO - Request for all service statuses received
2026-04-11 01:58:11,069 - health_logger - INFO - Starting health check for all services
2026-04-11 01:58:11,088 - health_logger - INFO - Recorded service statuses: {'receiver': 'Up', 'storage': 'Up', 'processing': 'Up', 'analyzer': 'Up', 'last_update': '2026-04-11T01:58:11'}
2026-04-11 01:58:11,712 - health_logger - INFO - Request for all service statuses received
2026-04-11 01:58:41,070 - health_logger - INFO - Starting health check for all services
2026-04-11 01:58:41,103 - health_logger - INFO - Recorded service statuses: {'receiver': 'Up', 'storage': 'Up', 'processing': 'Up', 'analyzer': 'Up', 'last_update': '2026-04-11T01:58:41'}
2026-04-11 02:08:41,070 - health_logger - INFO - Starting health check for all services
2026-04-11 02:08:41,100 - health_logger - INFO - Recorded service statuses: {'receiver': 'Up', 'storage': 'Up', 'processing': 'Up', 'analyzer': 'Up', 'last_update': '2026-04-11T02:08:41'}
2026-04-11 02:09:11,070 - health_logger - INFO - Starting health check for all services
2026-04-11 02:09:11,091 - health_logger - INFO - Recorded service statuses: {'receiver': 'Up', 'storage': 'Up', 'processing': 'Up', 'analyzer': 'Up', 'last_update': '2026-04-11T02:09:11'}
2026-04-11 02:09:41,071 - health_logger - INFO - Starting health check for all services
2026-04-11 02:09:41,105 - health_logger - INFO - Recorded service statuses: {'receiver': 'Up', 'storage': 'Up', 'processing': 'Up', 'analyzer': 'Up', 'last_update': '2026-04-11T02:09:41'}
2026-04-11 02:10:11,071 - health_logger - INFO - Starting health check for all services
2026-04-11 02:10:11,102 - health_logger - INFO - Recorded service statuses: {'receiver': 'Up', 'storage': 'Up', 'processing': 'Up', 'analyzer': 'Up', 'last_update': '2026-04-11T02:10:11'}
2026-04-11 02:10:41,071 - health_logger - INFO - Starting health check for all services
2026-04-11 02:10:41,098 - health_logger - INFO - Recorded service statuses: {'receiver': 'Up', 'storage': 'Up', 'processing': 'Up', 'analyzer': 'Up', 'last_update': '2026-04-11T02:10:41'}
2026-04-11 02:11:11,069 - health_logger - INFO - Starting health check for all services
2026-04-11 02:11:11,092 - health_logger - INFO - Recorded service statuses: {'receiver': 'Up', 'storage': 'Up', 'processing': 'Up', 'analyzer': 'Up', 'last_update': '2026-04-11T02:11:11'}
2026-04-11 02:11:41,070 - health_logger - INFO - Starting health check for all services
2026-04-11 02:11:41,090 - health_logger - INFO - Recorded service statuses: {'receiver': 'Up', 'storage': 'Up', 'processing': 'Up', 'analyzer': 'Up', 'last_update': '2026-04-11T02:11:41'}
2026-04-11 02:12:11,073 - health_logger - INFO - Starting health check for all services
2026-04-11 02:12:11,093 - health_logger - INFO - Recorded service statuses: {'receiver': 'Up', 'storage': 'Up', 'processing': 'Up', 'analyzer': 'Up', 'last_update': '2026-04-11T02:12:11'}
2026-04-11 02:12:41,071 - health_logger - INFO - Starting health check for all services
2026-04-11 02:12:41,098 - health_logger - INFO - Recorded service statuses: {'receiver': 'Up', 'storage': 'Up', 'processing': 'Up', 'analyzer': 'Up', 'last_update': '2026-04-11T02:12:41'}
2026-04-11 02:13:11,070 - health_logger - INFO - Starting health check for all services
2026-04-11 02:13:11,087 - health_logger - INFO - Recorded service statuses: {'receiver': 'Up', 'storage': 'Up', 'processing': 'Up', 'analyzer': 'Up', 'last_update': '2026-04-11T02:13:11'}
2026-04-11 02:13:41,070 - health_logger - INFO - Starting health check for all services
2026-04-11 02:13:41,089 - health_logger - INFO - Recorded service statuses: {'receiver': 'Up', 'storage': 'Up', 'processing': 'Up', 'analyzer': 'Up', 'last_update': '2026-04-11T02:13:41'}
2026-04-11 02:14:11,071 - health_logger - INFO - Starting health check for all services
2026-04-11 02:14:11,090 - health_logger - INFO - Recorded service statuses: {'receiver': 'Up', 'storage': 'Up', 'processing': 'Up', 'analyzer': 'Up', 'last_update': '2026-04-11T02:14:11'}
2026-04-11 02:14:41,072 - health_logger - INFO - Starting health check for all services
2026-04-11 02:14:41,094 - health_logger - INFO - Recorded service statuses: {'receiver': 'Up', 'storage': 'Up', 'processing': 'Up', 'analyzer': 'Up', 'last_update': '2026-04-11T02:14:41'}
2026-04-11 02:15:11,072 - health_logger - INFO - Starting health check for all services
2026-04-11 02:15:11,096 - health_logger - INFO - Recorded service statuses: {'receiver': 'Up', 'storage': 'Up', 'processing': 'Up', 'analyzer': 'Up', 'last_update': '2026-04-11T02:15:11'}
2026-04-11 02:15:41,070 - health_logger - INFO - Starting health check for all services
2026-04-11 02:15:41,090 - health_logger - INFO - Recorded service statuses: {'receiver': 'Up', 'storage': 'Up', 'processing': 'Up', 'analyzer': 'Up', 'last_update': '2026-04-11T02:15:41'}
2026-04-11 02:16:11,072 - health_logger - INFO - Starting health check for all services
2026-04-11 02:16:11,106 - health_logger - INFO - Recorded service statuses: {'receiver': 'Up', 'storage': 'Up', 'processing': 'Up', 'analyzer': 'Up', 'last_update': '2026-04-11T02:16:11'}
2026-04-11 02:16:41,072 - health_logger - INFO - Starting health check for all services
2026-04-11 02:16:41,096 - health_logger - INFO - Recorded service statuses: {'receiver': 'Up', 'storage': 'Up', 'processing': 'Up', 'analyzer': 'Up', 'last_update': '2026-04-11T02:16:41'}
2026-04-11 02:17:11,070 - health_logger - INFO - Starting health check for all services
2026-04-11 02:17:11,093 - health_logger - INFO - Recorded service statuses: {'receiver': 'Up', 'storage': 'Up', 'processing': 'Up', 'analyzer': 'Up', 'last_update': '2026-04-11T02:17:11'}
2026-04-11 02:17:41,070 - health_logger - INFO - Starting health check for all services
2026-04-11 02:17:41,088 - health_logger - INFO - Recorded service statuses: {'receiver': 'Up', 'storage': 'Up', 'processing': 'Up', 'analyzer': 'Up', 'last_update': '2026-04-11T02:17:41'}
2026-04-11 02:18:11,071 - health_logger - INFO - Starting health check for all services
2026-04-11 02:18:11,104 - health_logger - INFO - Recorded service statuses: {'receiver': 'Up', 'storage': 'Up', 'processing': 'Up', 'analyzer': 'Up', 'last_update': '2026-04-11T02:18:11'}
2026-04-11 02:18:41,070 - health_logger - INFO - Starting health check for all services
2026-04-11 02:18:41,104 - health_logger - INFO - Recorded service statuses: {'receiver': 'Up', 'storage': 'Up', 'processing': 'Up', 'analyzer': 'Up', 'last_update': '2026-04-11T02:18:41'}
2026-04-11 02:19:11,073 - health_logger - INFO - Starting health check for all services
2026-04-11 02:19:11,124 - health_logger - INFO - Recorded service statuses: {'receiver': 'Up', 'storage': 'Up', 'processing': 'Up', 'analyzer': 'Up', 'last_update': '2026-04-11T02:19:11'}
2026-04-11 02:19:41,069 - health_logger - INFO - Starting health check for all services
2026-04-11 02:19:41,094 - health_logger - INFO - Recorded service statuses: {'receiver': 'Up', 'storage': 'Up', 'processing': 'Up', 'analyzer': 'Up', 'last_update': '2026-04-11T02:19:41'}
2026-04-11 02:20:11,070 - health_logger - INFO - Starting health check for all services
2026-04-11 02:20:11,098 - health_logger - INFO - Recorded service statuses: {'receiver': 'Up', 'storage': 'Up', 'processing': 'Up', 'analyzer': 'Up', 'last_update': '2026-04-11T02:20:11'}
2026-04-11 02:20:41,070 - health_logger - INFO - Starting health check for all services
2026-04-11 02:20:41,111 - health_logger - INFO - Recorded service statuses: {'receiver': 'Up', 'storage': 'Up', 'processing': 'Up', 'analyzer': 'Up', 'last_update': '2026-04-11T02:20:41'}
2026-04-11 02:21:11,070 - health_logger - INFO - Starting health check for all services
2026-04-11 02:21:11,099 - health_logger - INFO - Recorded service statuses: {'receiver': 'Up', 'storage': 'Up', 'processing': 'Up', 'analyzer': 'Up', 'last_update': '2026-04-11T02:21:11'}
2026-04-11 02:21:41,071 - health_logger - INFO - Starting health check for all services
2026-04-11 02:21:41,107 - health_logger - INFO - Recorded service statuses: {'receiver': 'Up', 'storage': 'Up', 'processing': 'Up', 'analyzer': 'Up', 'last_update': '2026-04-11T02:21:41'}
2026-04-11 02:22:11,071 - health_logger - INFO - Starting health check for all services
2026-04-11 02:22:11,099 - health_logger - INFO - Recorded service statuses: {'receiver': 'Up', 'storage': 'Up', 'processing': 'Up', 'analyzer': 'Up', 'last_update': '2026-04-11T02:22:11'}
2026-04-11 02:22:41,072 - health_logger - INFO - Starting health check for all services
2026-04-11 02:22:41,133 - health_logger - INFO - Recorded service statuses: {'receiver': 'Up', 'storage': 'Up', 'processing': 'Up', 'analyzer': 'Up', 'last_update': '2026-04-11T02:22:41'}
2026-04-11 02:23:11,074 - health_logger - INFO - Starting health check for all services
2026-04-11 02:23:11,101 - health_logger - INFO - Recorded service statuses: {'receiver': 'Up', 'storage': 'Up', 'processing': 'Up', 'analyzer': 'Up', 'last_update': '2026-04-11T02:23:11'}
2026-04-11 02:23:41,071 - health_logger - INFO - Starting health check for all services
2026-04-11 02:23:41,099 - health_logger - INFO - Recorded service statuses: {'receiver': 'Up', 'storage': 'Up', 'processing': 'Up', 'analyzer': 'Up', 'last_update': '2026-04-11T02:23:41'}
2026-04-11 02:24:11,072 - health_logger - INFO - Starting health check for all services
2026-04-11 02:24:11,100 - health_logger - INFO - Recorded service statuses: {'receiver': 'Up', 'storage': 'Up', 'processing': 'Up', 'analyzer': 'Up', 'last_update': '2026-04-11T02:24:11'}
2026-04-11 02:24:41,072 - health_logger - INFO - Starting health check for all services
2026-04-11 02:24:41,112 - health_logger - INFO - Recorded service statuses: {'receiver': 'Up', 'storage': 'Up', 'processing': 'Up', 'analyzer': 'Up', 'last_update': '2026-04-11T02:24:41'}
2026-04-11 02:25:37,118 - apscheduler.scheduler - INFO - Adding job tentatively -- it will be properly scheduled when the scheduler starts
2026-04-11 02:25:37,120 - apscheduler.scheduler - INFO - Added job "check_health" to job store "default"
2026-04-11 02:25:37,121 - apscheduler.scheduler - INFO - Scheduler started
2026-04-11 02:26:01,015 - health_logger - INFO - Request for all service statuses received
2026-04-11 02:26:06,086 - health_logger - INFO - Request for all service statuses received
2026-04-11 02:26:07,121 - health_logger - INFO - Starting health check for all services
2026-04-11 02:26:07,160 - health_logger - INFO - Recorded service statuses: {'receiver': 'Up', 'storage': 'Up', 'processing': 'Up', 'analyzer': 'Up', 'last_update': '2026-04-11T02:26:07'}
2026-04-11 02:26:11,115 - health_logger - INFO - Request for all service statuses received
2026-04-11 02:26:16,229 - health_logger - INFO - Request for all service statuses received
2026-04-11 02:26:21,315 - health_logger - INFO - Request for all service statuses received
2026-04-11 02:26:26,415 - health_logger - INFO - Request for all service statuses received
2026-04-11 02:26:31,516 - health_logger - INFO - Request for all service statuses received
2026-04-11 02:26:37,122 - health_logger - INFO - Starting health check for all services
2026-04-11 02:26:37,147 - health_logger - INFO - Recorded service statuses: {'receiver': 'Up', 'storage': 'Up', 'processing': 'Up', 'analyzer': 'Up', 'last_update': '2026-04-11T02:26:37'}
2026-04-11 02:26:37,405 - health_logger - INFO - Request for all service statuses received
2026-04-11 02:26:43,391 - health_logger - INFO - Request for all service statuses received
2026-04-11 02:26:49,407 - health_logger - INFO - Request for all service statuses received
2026-04-11 02:26:55,406 - health_logger - INFO - Request for all service statuses received
2026-04-11 02:27:01,404 - health_logger - INFO - Request for all service statuses received
2026-04-11 02:27:07,119 - health_logger - INFO - Starting health check for all services
2026-04-11 02:27:07,144 - health_logger - INFO - Recorded service statuses: {'receiver': 'Up', 'storage': 'Up', 'processing': 'Up', 'analyzer': 'Up', 'last_update': '2026-04-11T02:27:07'}
2026-04-11 02:27:07,409 - health_logger - INFO - Request for all service statuses received
2026-04-11 02:27:35,409 - apscheduler.scheduler - INFO - Adding job tentatively -- it will be properly scheduled when the scheduler starts
2026-04-11 02:27:35,413 - apscheduler.scheduler - INFO - Added job "check_health" to job store "default"
2026-04-11 02:27:35,414 - apscheduler.scheduler - INFO - Scheduler started
2026-04-11 02:27:37,405 - health_logger - INFO - Request for all service statuses received
2026-04-11 02:28:05,415 - health_logger - INFO - Starting health check for all services
2026-04-11 02:28:05,456 - health_logger - INFO - Recorded service statuses: {'receiver': 'Down', 'storage': 'Up', 'processing': 'Up', 'analyzer': 'Up', 'last_update': '2026-04-11T02:28:05'}
2026-04-11 02:28:35,412 - health_logger - INFO - Starting health check for all services
2026-04-11 02:28:35,470 - health_logger - INFO - Recorded service statuses: {'receiver': 'Down', 'storage': 'Up', 'processing': 'Up', 'analyzer': 'Up', 'last_update': '2026-04-11T02:28:35'}
2026-04-11 02:29:07,267 - apscheduler.scheduler - INFO - Adding job tentatively -- it will be properly scheduled when the scheduler starts
2026-04-11 02:29:07,270 - apscheduler.scheduler - INFO - Added job "check_health" to job store "default"
2026-04-11 02:29:07,271 - apscheduler.scheduler - INFO - Scheduler started
2026-04-11 02:29:37,271 - health_logger - INFO - Starting health check for all services
2026-04-11 02:29:37,363 - health_logger - INFO - Recorded service statuses: {'receiver': 'Down', 'storage': 'Down', 'processing': 'Up', 'analyzer': 'Up', 'last_update': '2026-04-11T02:29:37'}
2026-04-11 02:30:07,270 - health_logger - INFO - Starting health check for all services
2026-04-11 02:30:07,301 - health_logger - INFO - Recorded service statuses: {'receiver': 'Down', 'storage': 'Down', 'processing': 'Up', 'analyzer': 'Up', 'last_update': '2026-04-11T02:30:07'}
2026-04-11 02:30:56,426 - apscheduler.scheduler - INFO - Adding job tentatively -- it will be properly scheduled when the scheduler starts
2026-04-11 02:30:56,428 - apscheduler.scheduler - INFO - Added job "check_health" to job store "default"
2026-04-11 02:30:56,429 - apscheduler.scheduler - INFO - Scheduler started
2026-04-11 02:31:26,431 - health_logger - INFO - Starting health check for all services
2026-04-11 02:31:26,501 - health_logger - INFO - Recorded service statuses: {'receiver': 'Down', 'storage': 'Down', 'processing': 'Down', 'analyzer': 'Up', 'last_update': '2026-04-11T02:31:26'}
2026-04-11 02:31:56,429 - health_logger - INFO - Starting health check for all services
2026-04-11 02:31:56,465 - health_logger - INFO - Recorded service statuses: {'receiver': 'Down', 'storage': 'Down', 'processing': 'Down', 'analyzer': 'Up', 'last_update': '2026-04-11T02:31:56'}
2026-04-11 02:32:23,642 - apscheduler.scheduler - INFO - Adding job tentatively -- it will be properly scheduled when the scheduler starts
2026-04-11 02:32:23,644 - apscheduler.scheduler - INFO - Added job "check_health" to job store "default"
2026-04-11 02:32:23,644 - apscheduler.scheduler - INFO - Scheduler started
2026-04-11 02:32:53,648 - health_logger - INFO - Starting health check for all services
2026-04-11 02:32:53,695 - health_logger - INFO - Recorded service statuses: {'receiver': 'Down', 'storage': 'Down', 'processing': 'Down', 'analyzer': 'Down', 'last_update': '2026-04-11T02:32:53'}
2026-04-11 02:33:23,645 - health_logger - INFO - Starting health check for all services
2026-04-11 02:33:23,685 - health_logger - INFO - Recorded service statuses: {'receiver': 'Down', 'storage': 'Down', 'processing': 'Down', 'analyzer': 'Down', 'last_update': '2026-04-11T02:33:23'}
2026-04-11 02:33:56,772 - apscheduler.scheduler - INFO - Adding job tentatively -- it will be properly scheduled when the scheduler starts
2026-04-11 02:33:56,774 - apscheduler.scheduler - INFO - Added job "check_health" to job store "default"
2026-04-11 02:33:56,775 - apscheduler.scheduler - INFO - Scheduler started
2026-04-11 02:34:03,780 - health_logger - INFO - Request for all service statuses received
2026-04-11 02:34:06,889 - health_logger - INFO - Request for all service statuses received
2026-04-11 02:34:26,776 - health_logger - INFO - Starting health check for all services
2026-04-11 02:34:26,856 - health_logger - INFO - Recorded service statuses: {'receiver': 'Down', 'storage': 'Down', 'processing': 'Down', 'analyzer': 'Down', 'last_update': '2026-04-11T02:34:26'}
2026-04-11 02:34:56,780 - health_logger - INFO - Starting health check for all services
2026-04-11 02:34:56,806 - health_logger - INFO - Recorded service statuses: {'receiver': 'Down', 'storage': 'Down', 'processing': 'Down', 'analyzer': 'Down', 'last_update': '2026-04-11T02:34:56'}
2026-04-11 02:35:26,776 - health_logger - INFO - Starting health check for all services
2026-04-11 02:35:26,799 - health_logger - INFO - Recorded service statuses: {'receiver': 'Down', 'storage': 'Down', 'processing': 'Down', 'analyzer': 'Down', 'last_update': '2026-04-11T02:35:26'}
2026-04-11 02:35:56,775 - health_logger - INFO - Starting health check for all services
2026-04-11 02:35:56,803 - health_logger - INFO - Recorded service statuses: {'receiver': 'Down', 'storage': 'Down', 'processing': 'Down', 'analyzer': 'Down', 'last_update': '2026-04-11T02:35:56'}
2026-04-11 02:36:26,773 - health_logger - INFO - Starting health check for all services
2026-04-11 02:36:26,796 - health_logger - INFO - Recorded service statuses: {'receiver': 'Down', 'storage': 'Down', 'processing': 'Down', 'analyzer': 'Down', 'last_update': '2026-04-11T02:36:26'}
2026-04-11 02:36:56,774 - health_logger - INFO - Starting health check for all services
2026-04-11 02:36:56,799 - health_logger - INFO - Recorded service statuses: {'receiver': 'Down', 'storage': 'Down', 'processing': 'Down', 'analyzer': 'Down', 'last_update': '2026-04-11T02:36:56'}
2026-04-11 02:37:26,774 - health_logger - INFO - Starting health check for all services
2026-04-11 02:37:26,792 - health_logger - INFO - Recorded service statuses: {'receiver': 'Down', 'storage': 'Down', 'processing': 'Down', 'analyzer': 'Down', 'last_update': '2026-04-11T02:37:26'}
2026-04-11 02:38:17,103 - apscheduler.scheduler - INFO - Adding job tentatively -- it will be properly scheduled when the scheduler starts
2026-04-11 02:38:17,106 - apscheduler.scheduler - INFO - Added job "check_health" to job store "default"
2026-04-11 02:38:17,107 - apscheduler.scheduler - INFO - Scheduler started
2026-04-11 02:38:47,109 - health_logger - INFO - Starting health check for all services
2026-04-11 02:38:47,239 - health_logger - INFO - Recorded service statuses: {'receiver': 'Down', 'storage': 'Down', 'processing': 'Down', 'analyzer': 'Down', 'last_update': '2026-04-11T02:38:47'}
2026-04-11 02:39:17,107 - health_logger - INFO - Starting health check for all services
2026-04-11 02:39:17,129 - health_logger - INFO - Recorded service statuses: {'receiver': 'Down', 'storage': 'Down', 'processing': 'Down', 'analyzer': 'Down', 'last_update': '2026-04-11T02:39:17'}
2026-04-11 02:39:47,106 - health_logger - INFO - Starting health check for all services
2026-04-11 02:39:47,168 - health_logger - INFO - Recorded service statuses: {'receiver': 'Down', 'storage': 'Down', 'processing': 'Down', 'analyzer': 'Down', 'last_update': '2026-04-11T02:39:47'}
2026-04-11 02:40:36,365 - apscheduler.scheduler - INFO - Adding job tentatively -- it will be properly scheduled when the scheduler starts
2026-04-11 02:40:36,367 - apscheduler.scheduler - INFO - Added job "check_health" to job store "default"
2026-04-11 02:40:36,368 - apscheduler.scheduler - INFO - Scheduler started
2026-04-11 02:40:44,150 - health_logger - INFO - Request for all service statuses received
2026-04-11 02:40:45,992 - health_logger - INFO - Request for all service statuses received
2026-04-11 02:40:47,283 - health_logger - INFO - Request for all service statuses received
2026-04-11 02:40:48,397 - health_logger - INFO - Request for all service statuses received
2026-04-11 02:40:49,746 - health_logger - INFO - Request for all service statuses received
2026-04-11 02:40:57,669 - health_logger - INFO - Request for all service statuses received
2026-04-11 02:41:00,131 - health_logger - INFO - Request for all service statuses received
2026-04-11 02:41:00,731 - health_logger - INFO - Request for all service statuses received
2026-04-11 02:41:00,967 - health_logger - INFO - Request for all service statuses received
2026-04-11 02:41:01,153 - health_logger - INFO - Request for all service statuses received
2026-04-11 02:41:01,300 - health_logger - INFO - Request for all service statuses received
2026-04-11 02:41:01,447 - health_logger - INFO - Request for all service statuses received
2026-04-11 02:41:01,599 - health_logger - INFO - Request for all service statuses received
2026-04-11 02:41:01,739 - health_logger - INFO - Request for all service statuses received
2026-04-11 02:41:01,883 - health_logger - INFO - Request for all service statuses received
2026-04-11 02:41:02,032 - health_logger - INFO - Request for all service statuses received
2026-04-11 02:41:02,166 - health_logger - INFO - Request for all service statuses received
2026-04-11 02:41:02,306 - health_logger - INFO - Request for all service statuses received
2026-04-11 02:41:02,445 - health_logger - INFO - Request for all service statuses received
2026-04-11 02:41:02,588 - health_logger - INFO - Request for all service statuses received
2026-04-11 02:41:02,732 - health_logger - INFO - Request for all service statuses received
2026-04-11 02:41:06,366 - health_logger - INFO - Starting health check for all services
2026-04-11 02:41:06,422 - health_logger - INFO - Recorded service statuses: {'receiver': 'Up', 'storage': 'Up', 'processing': 'Up', 'analyzer': 'Up', 'last_update': '2026-04-11T02:41:06'}
2026-04-11 02:41:36,366 - health_logger - INFO - Starting health check for all services
2026-04-11 02:41:36,391 - health_logger - INFO - Recorded service statuses: {'receiver': 'Up', 'storage': 'Up', 'processing': 'Up', 'analyzer': 'Up', 'last_update': '2026-04-11T02:41:36'}
2026-04-11 02:42:06,368 - health_logger - INFO - Starting health check for all services
2026-04-11 02:42:06,392 - health_logger - INFO - Recorded service statuses: {'receiver': 'Up', 'storage': 'Up', 'processing': 'Up', 'analyzer': 'Up', 'last_update': '2026-04-11T02:42:06'}
2026-04-11 02:42:36,368 - health_logger - INFO - Starting health check for all services
2026-04-11 02:42:36,395 - health_logger - INFO - Recorded service statuses: {'receiver': 'Up', 'storage': 'Up', 'processing': 'Up', 'analyzer': 'Up', 'last_update': '2026-04-11T02:42:36'}
2026-04-11 02:43:06,365 - health_logger - INFO - Starting health check for all services
2026-04-11 02:43:06,382 - health_logger - INFO - Recorded service statuses: {'receiver': 'Up', 'storage': 'Up', 'processing': 'Up', 'analyzer': 'Up', 'last_update': '2026-04-11T02:43:06'}
2026-04-11 02:43:36,367 - health_logger - INFO - Starting health check for all services
2026-04-11 02:43:36,392 - health_logger - INFO - Recorded service statuses: {'receiver': 'Up', 'storage': 'Up', 'processing': 'Up', 'analyzer': 'Up', 'last_update': '2026-04-11T02:43:36'}
2026-04-11 02:44:06,367 - health_logger - INFO - Starting health check for all services
2026-04-11 02:44:06,397 - health_logger - INFO - Recorded service statuses: {'receiver': 'Up', 'storage': 'Up', 'processing': 'Up', 'analyzer': 'Up', 'last_update': '2026-04-11T02:44:06'}
2026-04-11 02:44:21,503 - health_logger - INFO - Request for all service statuses received
2026-04-11 02:44:36,366 - health_logger - INFO - Starting health check for all services
2026-04-11 02:44:36,388 - health_logger - INFO - Recorded service statuses: {'receiver': 'Up', 'storage': 'Up', 'processing': 'Up', 'analyzer': 'Up', 'last_update': '2026-04-11T02:44:36'}
2026-04-11 02:45:06,366 - health_logger - INFO - Starting health check for all services
2026-04-11 02:45:06,379 - health_logger - INFO - Recorded service statuses: {'receiver': 'Up', 'storage': 'Up', 'processing': 'Up', 'analyzer': 'Up', 'last_update': '2026-04-11T02:45:06'}
2026-04-11 02:45:36,368 - health_logger - INFO - Starting health check for all services
2026-04-11 02:45:36,400 - health_logger - INFO - Recorded service statuses: {'receiver': 'Up', 'storage': 'Up', 'processing': 'Up', 'analyzer': 'Up', 'last_update': '2026-04-11T02:45:36'}
2026-04-11 02:46:09,229 - apscheduler.scheduler - INFO - Adding job tentatively -- it will be properly scheduled when the scheduler starts
2026-04-11 02:46:09,232 - apscheduler.scheduler - INFO - Added job "check_health" to job store "default"
2026-04-11 02:46:09,236 - apscheduler.scheduler - INFO - Scheduler started
2026-04-11 02:46:14,097 - health_logger - INFO - Request for all service statuses received
2026-04-11 02:46:14,230 - health_logger - INFO - Starting health check for all services
2026-04-11 02:46:14,278 - health_logger - INFO - Recorded service statuses: {'receiver': 'Up', 'storage': 'Up', 'processing': 'Up', 'analyzer': 'Up', 'last_update': '2026-04-11T02:46:14'}
2026-04-11 02:46:19,230 - health_logger - INFO - Starting health check for all services
2026-04-11 02:46:19,248 - health_logger - INFO - Recorded service statuses: {'receiver': 'Up', 'storage': 'Up', 'processing': 'Up', 'analyzer': 'Up', 'last_update': '2026-04-11T02:46:19'}
2026-04-11 02:46:24,234 - health_logger - INFO - Starting health check for all services
2026-04-11 02:46:24,250 - health_logger - INFO - Recorded service statuses: {'receiver': 'Up', 'storage': 'Up', 'processing': 'Up', 'analyzer': 'Up', 'last_update': '2026-04-11T02:46:24'}
2026-04-11 02:46:29,230 - health_logger - INFO - Starting health check for all services
2026-04-11 02:46:29,256 - health_logger - INFO - Recorded service statuses: {'receiver': 'Up', 'storage': 'Up', 'processing': 'Up', 'analyzer': 'Up', 'last_update': '2026-04-11T02:46:29'}
2026-04-11 02:46:34,230 - health_logger - INFO - Starting health check for all services
2026-04-11 02:46:34,248 - health_logger - INFO - Recorded service statuses: {'receiver': 'Up', 'storage': 'Up', 'processing': 'Up', 'analyzer': 'Up', 'last_update': '2026-04-11T02:46:34'}
2026-04-11 02:46:39,231 - health_logger - INFO - Starting health check for all services
2026-04-11 02:46:39,250 - health_logger - INFO - Recorded service statuses: {'receiver': 'Up', 'storage': 'Up', 'processing': 'Up', 'analyzer': 'Up', 'last_update': '2026-04-11T02:46:39'}
2026-04-11 02:46:44,232 - health_logger - INFO - Starting health check for all services
2026-04-11 02:46:44,253 - health_logger - INFO - Recorded service statuses: {'receiver': 'Up', 'storage': 'Up', 'processing': 'Up', 'analyzer': 'Up', 'last_update': '2026-04-11T02:46:44'}
2026-04-11 02:46:49,232 - health_logger - INFO - Starting health check for all services
2026-04-11 02:46:49,257 - health_logger - INFO - Recorded service statuses: {'receiver': 'Up', 'storage': 'Up', 'processing': 'Up', 'analyzer': 'Up', 'last_update': '2026-04-11T02:46:49'}
2026-04-11 02:46:54,230 - health_logger - INFO - Starting health check for all services
2026-04-11 02:46:54,254 - health_logger - INFO - Recorded service statuses: {'receiver': 'Up', 'storage': 'Up', 'processing': 'Up', 'analyzer': 'Up', 'last_update': '2026-04-11T02:46:54'}
2026-04-11 02:46:59,231 - health_logger - INFO - Starting health check for all services
2026-04-11 02:46:59,255 - health_logger - INFO - Recorded service statuses: {'receiver': 'Up', 'storage': 'Up', 'processing': 'Up', 'analyzer': 'Up', 'last_update': '2026-04-11T02:46:59'}
2026-04-11 02:47:04,229 - health_logger - INFO - Starting health check for all services
2026-04-11 02:47:04,249 - health_logger - INFO - Recorded service statuses: {'receiver': 'Up', 'storage': 'Up', 'processing': 'Up', 'analyzer': 'Up', 'last_update': '2026-04-11T02:47:04'}
2026-04-11 02:47:09,231 - health_logger - INFO - Starting health check for all services
2026-04-11 02:47:09,259 - health_logger - INFO - Recorded service statuses: {'receiver': 'Up', 'storage': 'Up', 'processing': 'Up', 'analyzer': 'Up', 'last_update': '2026-04-11T02:47:09'}
2026-04-11 02:47:14,233 - health_logger - INFO - Starting health check for all services
2026-04-11 02:47:14,248 - health_logger - INFO - Recorded service statuses: {'receiver': 'Up', 'storage': 'Up', 'processing': 'Up', 'analyzer': 'Up', 'last_update': '2026-04-11T02:47:14'}
2026-04-11 02:47:19,233 - health_logger - INFO - Starting health check for all services
2026-04-11 02:47:19,257 - health_logger - INFO - Recorded service statuses: {'receiver': 'Up', 'storage': 'Up', 'processing': 'Up', 'analyzer': 'Up', 'last_update': '2026-04-11T02:47:19'}
2026-04-11 02:47:24,231 - health_logger - INFO - Starting health check for all services
2026-04-11 02:47:24,249 - health_logger - INFO - Recorded service statuses: {'receiver': 'Up', 'storage': 'Up', 'processing': 'Up', 'analyzer': 'Up', 'last_update': '2026-04-11T02:47:24'}
2026-04-11 02:47:29,230 - health_logger - INFO - Starting health check for all services
2026-04-11 02:47:29,254 - health_logger - INFO - Recorded service statuses: {'receiver': 'Up', 'storage': 'Up', 'processing': 'Up', 'analyzer': 'Up', 'last_update': '2026-04-11T02:47:29'}
2026-04-11 02:47:34,230 - health_logger - INFO - Starting health check for all services
2026-04-11 02:47:34,254 - health_logger - INFO - Recorded service statuses: {'receiver': 'Up', 'storage': 'Up', 'processing': 'Up', 'analyzer': 'Up', 'last_update': '2026-04-11T02:47:34'}
2026-04-11 02:47:39,230 - health_logger - INFO - Starting health check for all services
2026-04-11 02:47:39,247 - health_logger - INFO - Recorded service statuses: {'receiver': 'Up', 'storage': 'Up', 'processing': 'Up', 'analyzer': 'Up', 'last_update': '2026-04-11T02:47:39'}
2026-04-11 02:47:44,230 - health_logger - INFO - Starting health check for all services
2026-04-11 02:47:44,249 - health_logger - INFO - Recorded service statuses: {'receiver': 'Up', 'storage': 'Up', 'processing': 'Up', 'analyzer': 'Up', 'last_update': '2026-04-11T02:47:44'}
2026-04-11 02:47:49,231 - health_logger - INFO - Starting health check for all services
2026-04-11 02:47:49,254 - health_logger - INFO - Recorded service statuses: {'receiver': 'Up', 'storage': 'Up', 'processing': 'Up', 'analyzer': 'Up', 'last_update': '2026-04-11T02:47:49'}
2026-04-11 02:47:54,230 - health_logger - INFO - Starting health check for all services
2026-04-11 02:47:54,254 - health_logger - INFO - Recorded service statuses: {'receiver': 'Up', 'storage': 'Up', 'processing': 'Up', 'analyzer': 'Up', 'last_update': '2026-04-11T02:47:54'}
2026-04-11 02:47:59,232 - health_logger - INFO - Starting health check for all services
2026-04-11 02:47:59,249 - health_logger - INFO - Recorded service statuses: {'receiver': 'Up', 'storage': 'Up', 'processing': 'Up', 'analyzer': 'Up', 'last_update': '2026-04-11T02:47:59'}
2026-04-11 02:48:04,233 - health_logger - INFO - Starting health check for all services
2026-04-11 02:48:04,249 - health_logger - INFO - Recorded service statuses: {'receiver': 'Up', 'storage': 'Up', 'processing': 'Up', 'analyzer': 'Up', 'last_update': '2026-04-11T02:48:04'}
2026-04-11 02:48:09,231 - health_logger - INFO - Starting health check for all services
2026-04-11 02:48:09,250 - health_logger - INFO - Recorded service statuses: {'receiver': 'Up', 'storage': 'Up', 'processing': 'Up', 'analyzer': 'Up', 'last_update': '2026-04-11T02:48:09'}
2026-04-11 02:48:36,264 - apscheduler.scheduler - INFO - Adding job tentatively -- it will be properly scheduled when the scheduler starts
2026-04-11 02:48:36,267 - apscheduler.scheduler - INFO - Added job "check_health" to job store "default"
2026-04-11 02:48:36,267 - apscheduler.scheduler - INFO - Scheduler started
2026-04-11 02:48:41,265 - health_logger - INFO - Starting health check for all services
2026-04-11 02:48:41,311 - health_logger - INFO - Recorded service statuses: {'receiver': 'Up', 'storage': 'Up', 'processing': 'Up', 'analyzer': 'Up', 'last_update': '2026-04-11T02:48:41'}
2026-04-11 02:48:46,266 - health_logger - INFO - Starting health check for all services
2026-04-11 02:48:46,289 - health_logger - INFO - Recorded service statuses: {'receiver': 'Up', 'storage': 'Up', 'processing': 'Up', 'analyzer': 'Up', 'last_update': '2026-04-11T02:48:46'}
2026-04-11 02:48:51,265 - health_logger - INFO - Starting health check for all services
2026-04-11 02:48:51,295 - health_logger - INFO - Recorded service statuses: {'receiver': 'Up', 'storage': 'Up', 'processing': 'Up', 'analyzer': 'Up', 'last_update': '2026-04-11T02:48:51'}
2026-04-11 02:48:56,267 - health_logger - INFO - Starting health check for all services
2026-04-11 02:48:56,286 - health_logger - INFO - Recorded service statuses: {'receiver': 'Up', 'storage': 'Up', 'processing': 'Up', 'analyzer': 'Up', 'last_update': '2026-04-11T02:48:56'}
2026-04-11 02:49:01,265 - health_logger - INFO - Starting health check for all services
2026-04-11 02:49:01,287 - health_logger - INFO - Recorded service statuses: {'receiver': 'Up', 'storage': 'Up', 'processing': 'Up', 'analyzer': 'Up', 'last_update': '2026-04-11T02:49:01'}
2026-04-11 02:49:06,267 - health_logger - INFO - Starting health check for all services
2026-04-11 02:49:06,285 - health_logger - INFO - Recorded service statuses: {'receiver': 'Up', 'storage': 'Up', 'processing': 'Up', 'analyzer': 'Up', 'last_update': '2026-04-11T02:49:06'}
2026-04-11 02:49:11,266 - health_logger - INFO - Starting health check for all services
2026-04-11 02:49:11,286 - health_logger - INFO - Recorded service statuses: {'receiver': 'Up', 'storage': 'Up', 'processing': 'Up', 'analyzer': 'Up', 'last_update': '2026-04-11T02:49:11'}
2026-04-11 02:49:16,266 - health_logger - INFO - Starting health check for all services
2026-04-11 02:49:16,285 - health_logger - INFO - Recorded service statuses: {'receiver': 'Up', 'storage': 'Up', 'processing': 'Up', 'analyzer': 'Up', 'last_update': '2026-04-11T02:49:16'}
2026-04-11 02:49:21,268 - health_logger - INFO - Starting health check for all services
2026-04-11 02:49:21,296 - health_logger - INFO - Recorded service statuses: {'receiver': 'Up', 'storage': 'Up', 'processing': 'Up', 'analyzer': 'Up', 'last_update': '2026-04-11T02:49:21'}
2026-04-11 02:49:26,266 - health_logger - INFO - Starting health check for all services
2026-04-11 02:49:26,286 - health_logger - INFO - Recorded service statuses: {'receiver': 'Up', 'storage': 'Up', 'processing': 'Up', 'analyzer': 'Up', 'last_update': '2026-04-11T02:49:26'}
2026-04-11 02:49:31,265 - health_logger - INFO - Starting health check for all services
2026-04-11 02:49:31,283 - health_logger - INFO - Recorded service statuses: {'receiver': 'Up', 'storage': 'Up', 'processing': 'Up', 'analyzer': 'Up', 'last_update': '2026-04-11T02:49:31'}
2026-04-11 02:49:36,265 - health_logger - INFO - Starting health check for all services
2026-04-11 02:49:36,285 - health_logger - INFO - Recorded service statuses: {'receiver': 'Up', 'storage': 'Up', 'processing': 'Up', 'analyzer': 'Up', 'last_update': '2026-04-11T02:49:36'}
2026-04-11 02:49:41,265 - health_logger - INFO - Starting health check for all services
2026-04-11 02:49:41,287 - health_logger - INFO - Recorded service statuses: {'receiver': 'Up', 'storage': 'Up', 'processing': 'Up', 'analyzer': 'Up', 'last_update': '2026-04-11T02:49:41'}
2026-04-11 02:49:46,266 - health_logger - INFO - Starting health check for all services
2026-04-11 02:49:46,287 - health_logger - INFO - Recorded service statuses: {'receiver': 'Up', 'storage': 'Up', 'processing': 'Up', 'analyzer': 'Up', 'last_update': '2026-04-11T02:49:46'}
2026-04-11 02:49:51,267 - health_logger - INFO - Starting health check for all services
2026-04-11 02:49:51,291 - health_logger - INFO - Recorded service statuses: {'receiver': 'Up', 'storage': 'Up', 'processing': 'Up', 'analyzer': 'Up', 'last_update': '2026-04-11T02:49:51'}
2026-04-11 02:49:56,266 - health_logger - INFO - Starting health check for all services
2026-04-11 02:49:56,284 - health_logger - INFO - Recorded service statuses: {'receiver': 'Up', 'storage': 'Up', 'processing': 'Up', 'analyzer': 'Up', 'last_update': '2026-04-11T02:49:56'}
2026-04-11 02:50:01,269 - health_logger - INFO - Starting health check for all services
2026-04-11 02:50:01,291 - health_logger - INFO - Recorded service statuses: {'receiver': 'Up', 'storage': 'Up', 'processing': 'Up', 'analyzer': 'Up', 'last_update': '2026-04-11T02:50:01'}
2026-04-11 02:50:06,267 - health_logger - INFO - Starting health check for all services
2026-04-11 02:50:06,283 - health_logger - INFO - Recorded service statuses: {'receiver': 'Up', 'storage': 'Up', 'processing': 'Up', 'analyzer': 'Up', 'last_update': '2026-04-11T02:50:06'}
2026-04-11 02:50:11,268 - health_logger - INFO - Starting health check for all services
2026-04-11 02:50:11,294 - health_logger - INFO - Recorded service statuses: {'receiver': 'Up', 'storage': 'Up', 'processing': 'Up', 'analyzer': 'Up', 'last_update': '2026-04-11T02:50:11'}
2026-04-11 02:50:16,267 - health_logger - INFO - Starting health check for all services
2026-04-11 02:50:16,287 - health_logger - INFO - Recorded service statuses: {'receiver': 'Up', 'storage': 'Up', 'processing': 'Up', 'analyzer': 'Up', 'last_update': '2026-04-11T02:50:16'}
2026-04-11 02:50:21,271 - health_logger - INFO - Starting health check for all services
2026-04-11 02:50:21,299 - health_logger - INFO - Recorded service statuses: {'receiver': 'Up', 'storage': 'Up', 'processing': 'Up', 'analyzer': 'Up', 'last_update': '2026-04-11T02:50:21'}
2026-04-11 02:50:26,266 - health_logger - INFO - Starting health check for all services
2026-04-11 02:50:26,295 - health_logger - INFO - Recorded service statuses: {'receiver': 'Up', 'storage': 'Up', 'processing': 'Up', 'analyzer': 'Up', 'last_update': '2026-04-11T02:50:26'}
2026-04-11 02:50:31,267 - health_logger - INFO - Starting health check for all services
2026-04-11 02:50:31,284 - health_logger - INFO - Recorded service statuses: {'receiver': 'Up', 'storage': 'Up', 'processing': 'Up', 'analyzer': 'Up', 'last_update': '2026-04-11T02:50:31'}
2026-04-11 02:50:36,267 - health_logger - INFO - Starting health check for all services
2026-04-11 02:50:36,298 - health_logger - INFO - Recorded service statuses: {'receiver': 'Up', 'storage': 'Up', 'processing': 'Up', 'analyzer': 'Up', 'last_update': '2026-04-11T02:50:36'}
2026-04-11 02:50:41,265 - health_logger - INFO - Starting health check for all services
2026-04-11 02:50:41,287 - health_logger - INFO - Recorded service statuses: {'receiver': 'Up', 'storage': 'Up', 'processing': 'Up', 'analyzer': 'Up', 'last_update': '2026-04-11T02:50:41'}
2026-04-11 02:50:46,267 - health_logger - INFO - Starting health check for all services
2026-04-11 02:50:46,285 - health_logger - INFO - Recorded service statuses: {'receiver': 'Up', 'storage': 'Up', 'processing': 'Up', 'analyzer': 'Up', 'last_update': '2026-04-11T02:50:46'}
2026-04-11 02:50:51,266 - health_logger - INFO - Starting health check for all services
2026-04-11 02:50:51,284 - health_logger - INFO - Recorded service statuses: {'receiver': 'Up', 'storage': 'Up', 'processing': 'Up', 'analyzer': 'Up', 'last_update': '2026-04-11T02:50:51'}
2026-04-11 02:50:56,270 - health_logger - INFO - Starting health check for all services
2026-04-11 02:50:56,296 - health_logger - INFO - Recorded service statuses: {'receiver': 'Up', 'storage': 'Up', 'processing': 'Up', 'analyzer': 'Up', 'last_update': '2026-04-11T02:50:56'}
2026-04-11 02:51:01,266 - health_logger - INFO - Starting health check for all services
2026-04-11 02:51:01,291 - health_logger - INFO - Recorded service statuses: {'receiver': 'Up', 'storage': 'Up', 'processing': 'Up', 'analyzer': 'Up', 'last_update': '2026-04-11T02:51:01'}
2026-04-11 02:51:06,268 - health_logger - INFO - Starting health check for all services
2026-04-11 02:51:06,293 - health_logger - INFO - Recorded service statuses: {'receiver': 'Up', 'storage': 'Up', 'processing': 'Up', 'analyzer': 'Up', 'last_update': '2026-04-11T02:51:06'}
2026-04-11 02:51:11,267 - health_logger - INFO - Starting health check for all services
2026-04-11 02:51:11,289 - health_logger - INFO - Recorded service statuses: {'receiver': 'Up', 'storage': 'Up', 'processing': 'Up', 'analyzer': 'Up', 'last_update': '2026-04-11T02:51:11'}
2026-04-11 02:51:16,266 - health_logger - INFO - Starting health check for all services
2026-04-11 02:51:16,284 - health_logger - INFO - Recorded service statuses: {'receiver': 'Up', 'storage': 'Up', 'processing': 'Up', 'analyzer': 'Up', 'last_update': '2026-04-11T02:51:16'}
2026-04-11 02:51:21,268 - health_logger - INFO - Starting health check for all services
2026-04-11 02:51:21,285 - health_logger - INFO - Recorded service statuses: {'receiver': 'Up', 'storage': 'Up', 'processing': 'Up', 'analyzer': 'Up', 'last_update': '2026-04-11T02:51:21'}
2026-04-11 02:51:26,268 - health_logger - INFO - Starting health check for all services
2026-04-11 02:51:26,291 - health_logger - INFO - Recorded service statuses: {'receiver': 'Up', 'storage': 'Up', 'processing': 'Up', 'analyzer': 'Up', 'last_update': '2026-04-11T02:51:26'}
2026-04-11 02:51:31,267 - health_logger - INFO - Starting health check for all services
2026-04-11 02:51:31,285 - health_logger - INFO - Recorded service statuses: {'receiver': 'Up', 'storage': 'Up', 'processing': 'Up', 'analyzer': 'Up', 'last_update': '2026-04-11T02:51:31'}
2026-04-11 02:51:36,269 - health_logger - INFO - Starting health check for all services
2026-04-11 02:51:36,291 - health_logger - INFO - Recorded service statuses: {'receiver': 'Up', 'storage': 'Up', 'processing': 'Up', 'analyzer': 'Up', 'last_update': '2026-04-11T02:51:36'}
2026-04-11 02:51:41,266 - health_logger - INFO - Starting health check for all services
2026-04-11 02:51:41,287 - health_logger - INFO - Recorded service statuses: {'receiver': 'Up', 'storage': 'Up', 'processing': 'Up', 'analyzer': 'Up', 'last_update': '2026-04-11T02:51:41'}
2026-04-11 02:51:46,266 - health_logger - INFO - Starting health check for all services
2026-04-11 02:51:46,283 - health_logger - INFO - Recorded service statuses: {'receiver': 'Up', 'storage': 'Up', 'processing': 'Up', 'analyzer': 'Up', 'last_update': '2026-04-11T02:51:46'}
2026-04-11 02:51:51,266 - health_logger - INFO - Starting health check for all services
2026-04-11 02:51:51,283 - health_logger - INFO - Recorded service statuses: {'receiver': 'Up', 'storage': 'Up', 'processing': 'Up', 'analyzer': 'Up', 'last_update': '2026-04-11T02:51:51'}
2026-04-11 02:51:56,266 - health_logger - INFO - Starting health check for all services
2026-04-11 02:51:56,284 - health_logger - INFO - Recorded service statuses: {'receiver': 'Up', 'storage': 'Up', 'processing': 'Up', 'analyzer': 'Up', 'last_update': '2026-04-11T02:51:56'}
2026-04-11 02:52:01,267 - health_logger - INFO - Starting health check for all services
2026-04-11 02:52:01,284 - health_logger - INFO - Recorded service statuses: {'receiver': 'Up', 'storage': 'Up', 'processing': 'Up', 'analyzer': 'Up', 'last_update': '2026-04-11T02:52:01'}
2026-04-11 02:52:06,265 - health_logger - INFO - Starting health check for all services
2026-04-11 02:52:06,281 - health_logger - INFO - Recorded service statuses: {'receiver': 'Up', 'storage': 'Up', 'processing': 'Up', 'analyzer': 'Up', 'last_update': '2026-04-11T02:52:06'}
2026-04-11 02:52:11,265 - health_logger - INFO - Starting health check for all services
2026-04-11 02:52:11,295 - health_logger - INFO - Recorded service statuses: {'receiver': 'Up', 'storage': 'Up', 'processing': 'Up', 'analyzer': 'Up', 'last_update': '2026-04-11T02:52:11'}
2026-04-11 02:52:16,266 - health_logger - INFO - Starting health check for all services
2026-04-11 02:52:16,285 - health_logger - INFO - Recorded service statuses: {'receiver': 'Up', 'storage': 'Up', 'processing': 'Up', 'analyzer': 'Up', 'last_update': '2026-04-11T02:52:16'}
2026-04-11 02:52:21,265 - health_logger - INFO - Starting health check for all services
2026-04-11 02:52:21,283 - health_logger - INFO - Recorded service statuses: {'receiver': 'Up', 'storage': 'Up', 'processing': 'Up', 'analyzer': 'Up', 'last_update': '2026-04-11T02:52:21'}
2026-04-11 02:52:26,265 - health_logger - INFO - Starting health check for all services
2026-04-11 02:52:26,285 - health_logger - INFO - Recorded service statuses: {'receiver': 'Up', 'storage': 'Up', 'processing': 'Up', 'analyzer': 'Up', 'last_update': '2026-04-11T02:52:26'}
2026-04-11 02:52:31,265 - health_logger - INFO - Starting health check for all services
2026-04-11 02:52:31,284 - health_logger - INFO - Recorded service statuses: {'receiver': 'Up', 'storage': 'Up', 'processing': 'Up', 'analyzer': 'Up', 'last_update': '2026-04-11T02:52:31'}
2026-04-11 02:52:36,266 - health_logger - INFO - Starting health check for all services
2026-04-11 02:52:36,286 - health_logger - INFO - Recorded service statuses: {'receiver': 'Up', 'storage': 'Up', 'processing': 'Up', 'analyzer': 'Up', 'last_update': '2026-04-11T02:52:36'}
2026-04-11 02:52:41,265 - health_logger - INFO - Starting health check for all services
2026-04-11 02:52:41,291 - health_logger - INFO - Recorded service statuses: {'receiver': 'Up', 'storage': 'Up', 'processing': 'Up', 'analyzer': 'Up', 'last_update': '2026-04-11T02:52:41'}
2026-04-11 02:52:46,265 - health_logger - INFO - Starting health check for all services
2026-04-11 02:52:46,282 - health_logger - INFO - Recorded service statuses: {'receiver': 'Up', 'storage': 'Up', 'processing': 'Up', 'analyzer': 'Up', 'last_update': '2026-04-11T02:52:46'}
2026-04-11 02:52:51,267 - health_logger - INFO - Starting health check for all services
2026-04-11 02:52:51,288 - health_logger - INFO - Recorded service statuses: {'receiver': 'Up', 'storage': 'Up', 'processing': 'Up', 'analyzer': 'Up', 'last_update': '2026-04-11T02:52:51'}
2026-04-11 02:52:56,265 - health_logger - INFO - Starting health check for all services
2026-04-11 02:52:56,283 - health_logger - INFO - Recorded service statuses: {'receiver': 'Up', 'storage': 'Up', 'processing': 'Up', 'analyzer': 'Up', 'last_update': '2026-04-11T02:52:56'}
2026-04-11 02:53:01,269 - health_logger - INFO - Starting health check for all services
2026-04-11 02:53:01,288 - health_logger - INFO - Recorded service statuses: {'receiver': 'Up', 'storage': 'Up', 'processing': 'Up', 'analyzer': 'Up', 'last_update': '2026-04-11T02:53:01'}
2026-04-11 02:53:06,271 - health_logger - INFO - Starting health check for all services
2026-04-11 02:53:06,297 - health_logger - INFO - Recorded service statuses: {'receiver': 'Up', 'storage': 'Up', 'processing': 'Up', 'analyzer': 'Up', 'last_update': '2026-04-11T02:53:06'}
2026-04-11 02:53:11,267 - health_logger - INFO - Starting health check for all services
2026-04-11 02:53:11,299 - health_logger - INFO - Recorded service statuses: {'receiver': 'Up', 'storage': 'Up', 'processing': 'Up', 'analyzer': 'Up', 'last_update': '2026-04-11T02:53:11'}
2026-04-11 02:53:16,266 - health_logger - INFO - Starting health check for all services
2026-04-11 02:53:16,285 - health_logger - INFO - Recorded service statuses: {'receiver': 'Up', 'storage': 'Up', 'processing': 'Up', 'analyzer': 'Up', 'last_update': '2026-04-11T02:53:16'}
2026-04-11 02:53:21,267 - health_logger - INFO - Starting health check for all services
2026-04-11 02:53:21,287 - health_logger - INFO - Recorded service statuses: {'receiver': 'Up', 'storage': 'Up', 'processing': 'Up', 'analyzer': 'Up', 'last_update': '2026-04-11T02:53:21'}
2026-04-11 02:53:26,269 - health_logger - INFO - Starting health check for all services
2026-04-11 02:53:26,305 - health_logger - INFO - Recorded service statuses: {'receiver': 'Up', 'storage': 'Up', 'processing': 'Up', 'analyzer': 'Up', 'last_update': '2026-04-11T02:53:26'}
2026-04-11 02:53:31,266 - health_logger - INFO - Starting health check for all services
2026-04-11 02:53:31,293 - health_logger - INFO - Recorded service statuses: {'receiver': 'Up', 'storage': 'Up', 'processing': 'Up', 'analyzer': 'Up', 'last_update': '2026-04-11T02:53:31'}
2026-04-11 02:53:36,266 - health_logger - INFO - Starting health check for all services
2026-04-11 02:53:36,286 - health_logger - INFO - Recorded service statuses: {'receiver': 'Up', 'storage': 'Up', 'processing': 'Up', 'analyzer': 'Up', 'last_update': '2026-04-11T02:53:36'}
2026-04-11 02:53:41,267 - health_logger - INFO - Starting health check for all services
2026-04-11 02:53:41,285 - health_logger - INFO - Recorded service statuses: {'receiver': 'Up', 'storage': 'Up', 'processing': 'Up', 'analyzer': 'Up', 'last_update': '2026-04-11T02:53:41'}
2026-04-11 02:53:46,266 - health_logger - INFO - Starting health check for all services
2026-04-11 02:53:46,284 - health_logger - INFO - Recorded service statuses: {'receiver': 'Up', 'storage': 'Up', 'processing': 'Up', 'analyzer': 'Up', 'last_update': '2026-04-11T02:53:46'}
2026-04-11 02:53:51,266 - health_logger - INFO - Starting health check for all services
2026-04-11 02:53:51,294 - health_logger - INFO - Recorded service statuses: {'receiver': 'Up', 'storage': 'Up', 'processing': 'Up', 'analyzer': 'Up', 'last_update': '2026-04-11T02:53:51'}
2026-04-11 02:53:56,267 - health_logger - INFO - Starting health check for all services
2026-04-11 02:53:56,294 - health_logger - INFO - Recorded service statuses: {'receiver': 'Up', 'storage': 'Up', 'processing': 'Up', 'analyzer': 'Up', 'last_update': '2026-04-11T02:53:56'}
2026-04-11 02:54:01,266 - health_logger - INFO - Starting health check for all services
2026-04-11 02:54:01,293 - health_logger - INFO - Recorded service statuses: {'receiver': 'Up', 'storage': 'Up', 'processing': 'Up', 'analyzer': 'Up', 'last_update': '2026-04-11T02:54:01'}
2026-04-11 02:54:06,267 - health_logger - INFO - Starting health check for all services
2026-04-11 02:54:06,291 - health_logger - INFO - Recorded service statuses: {'receiver': 'Up', 'storage': 'Up', 'processing': 'Up', 'analyzer': 'Up', 'last_update': '2026-04-11T02:54:06'}
2026-04-11 02:54:11,266 - health_logger - INFO - Starting health check for all services
2026-04-11 02:54:11,288 - health_logger - INFO - Recorded service statuses: {'receiver': 'Up', 'storage': 'Up', 'processing': 'Up', 'analyzer': 'Up', 'last_update': '2026-04-11T02:54:11'}
2026-04-11 02:54:16,266 - health_logger - INFO - Starting health check for all services
2026-04-11 02:54:16,284 - health_logger - INFO - Recorded service statuses: {'receiver': 'Up', 'storage': 'Up', 'processing': 'Up', 'analyzer': 'Up', 'last_update': '2026-04-11T02:54:16'}
2026-04-11 02:54:21,266 - health_logger - INFO - Starting health check for all services
2026-04-11 02:54:21,292 - health_logger - INFO - Recorded service statuses: {'receiver': 'Up', 'storage': 'Up', 'processing': 'Up', 'analyzer': 'Up', 'last_update': '2026-04-11T02:54:21'}
2026-04-11 02:54:26,266 - health_logger - INFO - Starting health check for all services
2026-04-11 02:54:26,295 - health_logger - INFO - Recorded service statuses: {'receiver': 'Up', 'storage': 'Up', 'processing': 'Up', 'analyzer': 'Up', 'last_update': '2026-04-11T02:54:26'}
2026-04-11 02:54:31,266 - health_logger - INFO - Starting health check for all services
2026-04-11 02:54:31,291 - health_logger - INFO - Recorded service statuses: {'receiver': 'Up', 'storage': 'Up', 'processing': 'Up', 'analyzer': 'Up', 'last_update': '2026-04-11T02:54:31'}
2026-04-11 02:54:36,266 - health_logger - INFO - Starting health check for all services
2026-04-11 02:54:36,284 - health_logger - INFO - Recorded service statuses: {'receiver': 'Up', 'storage': 'Up', 'processing': 'Up', 'analyzer': 'Up', 'last_update': '2026-04-11T02:54:36'}
2026-04-11 02:54:41,265 - health_logger - INFO - Starting health check for all services
2026-04-11 02:54:41,285 - health_logger - INFO - Recorded service statuses: {'receiver': 'Up', 'storage': 'Up', 'processing': 'Up', 'analyzer': 'Up', 'last_update': '2026-04-11T02:54:41'}
2026-04-11 02:54:46,268 - health_logger - INFO - Starting health check for all services
2026-04-11 02:54:46,288 - health_logger - INFO - Recorded service statuses: {'receiver': 'Up', 'storage': 'Up', 'processing': 'Up', 'analyzer': 'Up', 'last_update': '2026-04-11T02:54:46'}
2026-04-11 02:54:51,266 - health_logger - INFO - Starting health check for all services
2026-04-11 02:54:51,290 - health_logger - INFO - Recorded service statuses: {'receiver': 'Up', 'storage': 'Up', 'processing': 'Up', 'analyzer': 'Up', 'last_update': '2026-04-11T02:54:51'}
2026-04-11 02:54:56,270 - health_logger - INFO - Starting health check for all services
2026-04-11 02:54:56,295 - health_logger - INFO - Recorded service statuses: {'receiver': 'Up', 'storage': 'Up', 'processing': 'Up', 'analyzer': 'Up', 'last_update': '2026-04-11T02:54:56'}
2026-04-11 02:55:01,265 - health_logger - INFO - Starting health check for all services
2026-04-11 02:55:01,284 - health_logger - INFO - Recorded service statuses: {'receiver': 'Up', 'storage': 'Up', 'processing': 'Up', 'analyzer': 'Up', 'last_update': '2026-04-11T02:55:01'}
2026-04-11 02:55:06,265 - health_logger - INFO - Starting health check for all services
2026-04-11 02:55:06,287 - health_logger - INFO - Recorded service statuses: {'receiver': 'Up', 'storage': 'Up', 'processing': 'Up', 'analyzer': 'Up', 'last_update': '2026-04-11T02:55:06'}
2026-04-11 02:55:11,266 - health_logger - INFO - Starting health check for all services
2026-04-11 02:55:11,287 - health_logger - INFO - Recorded service statuses: {'receiver': 'Up', 'storage': 'Up', 'processing': 'Up', 'analyzer': 'Up', 'last_update': '2026-04-11T02:55:11'}
2026-04-11 02:55:16,267 - health_logger - INFO - Starting health check for all services
2026-04-11 02:55:16,285 - health_logger - INFO - Recorded service statuses: {'receiver': 'Up', 'storage': 'Up', 'processing': 'Up', 'analyzer': 'Up', 'last_update': '2026-04-11T02:55:16'}
2026-04-11 02:55:21,269 - health_logger - INFO - Starting health check for all services
2026-04-11 02:55:21,287 - health_logger - INFO - Recorded service statuses: {'receiver': 'Up', 'storage': 'Up', 'processing': 'Up', 'analyzer': 'Up', 'last_update': '2026-04-11T02:55:21'}
2026-04-11 02:55:26,270 - health_logger - INFO - Starting health check for all services
2026-04-11 02:55:26,286 - health_logger - INFO - Recorded service statuses: {'receiver': 'Up', 'storage': 'Up', 'processing': 'Up', 'analyzer': 'Up', 'last_update': '2026-04-11T02:55:26'}
2026-04-11 02:55:31,265 - health_logger - INFO - Starting health check for all services
2026-04-11 02:55:31,284 - health_logger - INFO - Recorded service statuses: {'receiver': 'Up', 'storage': 'Up', 'processing': 'Up', 'analyzer': 'Up', 'last_update': '2026-04-11T02:55:31'}
2026-04-11 02:55:36,269 - health_logger - INFO - Starting health check for all services
2026-04-11 02:55:36,287 - health_logger - INFO - Recorded service statuses: {'receiver': 'Up', 'storage': 'Up', 'processing': 'Up', 'analyzer': 'Up', 'last_update': '2026-04-11T02:55:36'}
2026-04-11 02:55:41,268 - health_logger - INFO - Starting health check for all services
2026-04-11 02:55:41,289 - health_logger - INFO - Recorded service statuses: {'receiver': 'Up', 'storage': 'Up', 'processing': 'Up', 'analyzer': 'Up', 'last_update': '2026-04-11T02:55:41'}
2026-04-11 02:55:46,267 - health_logger - INFO - Starting health check for all services
2026-04-11 02:55:46,284 - health_logger - INFO - Recorded service statuses: {'receiver': 'Up', 'storage': 'Up', 'processing': 'Up', 'analyzer': 'Up', 'last_update': '2026-04-11T02:55:46'}
2026-04-11 02:55:51,267 - health_logger - INFO - Starting health check for all services
2026-04-11 02:55:51,292 - health_logger - INFO - Recorded service statuses: {'receiver': 'Up', 'storage': 'Up', 'processing': 'Up', 'analyzer': 'Up', 'last_update': '2026-04-11T02:55:51'}
2026-04-11 02:55:56,270 - health_logger - INFO - Starting health check for all services
2026-04-11 02:55:56,294 - health_logger - INFO - Recorded service statuses: {'receiver': 'Up', 'storage': 'Up', 'processing': 'Up', 'analyzer': 'Up', 'last_update': '2026-04-11T02:55:56'}
2026-04-11 02:56:01,266 - health_logger - INFO - Starting health check for all services
2026-04-11 02:56:01,286 - health_logger - INFO - Recorded service statuses: {'receiver': 'Up', 'storage': 'Up', 'processing': 'Up', 'analyzer': 'Up', 'last_update': '2026-04-11T02:56:01'}
2026-04-11 02:56:06,266 - health_logger - INFO - Starting health check for all services
2026-04-11 02:56:06,284 - health_logger - INFO - Recorded service statuses: {'receiver': 'Up', 'storage': 'Up', 'processing': 'Up', 'analyzer': 'Up', 'last_update': '2026-04-11T02:56:06'}
2026-04-11 02:56:11,267 - health_logger - INFO - Starting health check for all services
2026-04-11 02:56:11,286 - health_logger - INFO - Recorded service statuses: {'receiver': 'Up', 'storage': 'Up', 'processing': 'Up', 'analyzer': 'Up', 'last_update': '2026-04-11T02:56:11'}
2026-04-11 02:56:16,265 - health_logger - INFO - Starting health check for all services
2026-04-11 02:56:16,287 - health_logger - INFO - Recorded service statuses: {'receiver': 'Up', 'storage': 'Up', 'processing': 'Up', 'analyzer': 'Up', 'last_update': '2026-04-11T02:56:16'}
2026-04-11 02:56:21,267 - health_logger - INFO - Starting health check for all services
2026-04-11 02:56:21,286 - health_logger - INFO - Recorded service statuses: {'receiver': 'Up', 'storage': 'Up', 'processing': 'Up', 'analyzer': 'Up', 'last_update': '2026-04-11T02:56:21'}
2026-04-11 02:56:26,265 - health_logger - INFO - Starting health check for all services
2026-04-11 02:56:26,283 - health_logger - INFO - Recorded service statuses: {'receiver': 'Up', 'storage': 'Up', 'processing': 'Up', 'analyzer': 'Up', 'last_update': '2026-04-11T02:56:26'}
2026-04-11 02:56:31,267 - health_logger - INFO - Starting health check for all services
2026-04-11 02:56:31,286 - health_logger - INFO - Recorded service statuses: {'receiver': 'Up', 'storage': 'Up', 'processing': 'Up', 'analyzer': 'Up', 'last_update': '2026-04-11T02:56:31'}
2026-04-11 02:56:36,265 - health_logger - INFO - Starting health check for all services
2026-04-11 02:56:36,285 - health_logger - INFO - Recorded service statuses: {'receiver': 'Up', 'storage': 'Up', 'processing': 'Up', 'analyzer': 'Up', 'last_update': '2026-04-11T02:56:36'}
2026-04-11 02:56:41,266 - health_logger - INFO - Starting health check for all services
2026-04-11 02:56:41,292 - health_logger - INFO - Recorded service statuses: {'receiver': 'Up', 'storage': 'Up', 'processing': 'Up', 'analyzer': 'Up', 'last_update': '2026-04-11T02:56:41'}
2026-04-11 02:56:46,266 - health_logger - INFO - Starting health check for all services
2026-04-11 02:56:46,287 - health_logger - INFO - Recorded service statuses: {'receiver': 'Up', 'storage': 'Up', 'processing': 'Up', 'analyzer': 'Up', 'last_update': '2026-04-11T02:56:46'}
2026-04-11 02:56:51,265 - health_logger - INFO - Starting health check for all services
2026-04-11 02:56:51,333 - health_logger - INFO - Recorded service statuses: {'receiver': 'Up', 'storage': 'Up', 'processing': 'Up', 'analyzer': 'Up', 'last_update': '2026-04-11T02:56:51'}
2026-04-11 02:56:56,270 - health_logger - INFO - Starting health check for all services
2026-04-11 02:56:56,295 - health_logger - INFO - Recorded service statuses: {'receiver': 'Up', 'storage': 'Up', 'processing': 'Up', 'analyzer': 'Up', 'last_update': '2026-04-11T02:56:56'}
2026-04-11 02:57:01,271 - health_logger - INFO - Starting health check for all services
2026-04-11 02:57:01,300 - health_logger - INFO - Recorded service statuses: {'receiver': 'Up', 'storage': 'Up', 'processing': 'Up', 'analyzer': 'Up', 'last_update': '2026-04-11T02:57:01'}
2026-04-11 02:57:06,271 - health_logger - INFO - Starting health check for all services
2026-04-11 02:57:06,289 - health_logger - INFO - Recorded service statuses: {'receiver': 'Up', 'storage': 'Up', 'processing': 'Up', 'analyzer': 'Up', 'last_update': '2026-04-11T02:57:06'}
2026-04-11 02:57:11,266 - health_logger - INFO - Starting health check for all services
2026-04-11 02:57:11,287 - health_logger - INFO - Recorded service statuses: {'receiver': 'Up', 'storage': 'Up', 'processing': 'Up', 'analyzer': 'Up', 'last_update': '2026-04-11T02:57:11'}
2026-04-11 02:57:16,268 - health_logger - INFO - Starting health check for all services
2026-04-11 02:57:16,285 - health_logger - INFO - Recorded service statuses: {'receiver': 'Up', 'storage': 'Up', 'processing': 'Up', 'analyzer': 'Up', 'last_update': '2026-04-11T02:57:16'}
2026-04-11 02:57:21,267 - health_logger - INFO - Starting health check for all services
2026-04-11 02:57:21,284 - health_logger - INFO - Recorded service statuses: {'receiver': 'Up', 'storage': 'Up', 'processing': 'Up', 'analyzer': 'Up', 'last_update': '2026-04-11T02:57:21'}
2026-04-11 02:57:26,267 - health_logger - INFO - Starting health check for all services
2026-04-11 02:57:26,285 - health_logger - INFO - Recorded service statuses: {'receiver': 'Up', 'storage': 'Up', 'processing': 'Up', 'analyzer': 'Up', 'last_update': '2026-04-11T02:57:26'}
2026-04-11 02:57:31,271 - health_logger - INFO - Starting health check for all services
2026-04-11 02:57:31,293 - health_logger - INFO - Recorded service statuses: {'receiver': 'Up', 'storage': 'Up', 'processing': 'Up', 'analyzer': 'Up', 'last_update': '2026-04-11T02:57:31'}
2026-04-11 02:57:36,269 - health_logger - INFO - Starting health check for all services
2026-04-11 02:57:36,289 - health_logger - INFO - Recorded service statuses: {'receiver': 'Up', 'storage': 'Up', 'processing': 'Up', 'analyzer': 'Up', 'last_update': '2026-04-11T02:57:36'}
2026-04-11 02:57:41,269 - health_logger - INFO - Starting health check for all services
2026-04-11 02:57:41,289 - health_logger - INFO - Recorded service statuses: {'receiver': 'Up', 'storage': 'Up', 'processing': 'Up', 'analyzer': 'Up', 'last_update': '2026-04-11T02:57:41'}
2026-04-11 02:57:46,266 - health_logger - INFO - Starting health check for all services
2026-04-11 02:57:46,284 - health_logger - INFO - Recorded service statuses: {'receiver': 'Up', 'storage': 'Up', 'processing': 'Up', 'analyzer': 'Up', 'last_update': '2026-04-11T02:57:46'}
2026-04-11 02:57:51,269 - health_logger - INFO - Starting health check for all services
2026-04-11 02:57:51,287 - health_logger - INFO - Recorded service statuses: {'receiver': 'Up', 'storage': 'Up', 'processing': 'Up', 'analyzer': 'Up', 'last_update': '2026-04-11T02:57:51'}
2026-04-11 02:57:56,271 - health_logger - INFO - Starting health check for all services
2026-04-11 02:57:56,302 - health_logger - INFO - Recorded service statuses: {'receiver': 'Up', 'storage': 'Up', 'processing': 'Up', 'analyzer': 'Up', 'last_update': '2026-04-11T02:57:56'}
2026-04-11 02:58:01,265 - health_logger - INFO - Starting health check for all services
2026-04-11 02:58:01,292 - health_logger - INFO - Recorded service statuses: {'receiver': 'Up', 'storage': 'Up', 'processing': 'Up', 'analyzer': 'Up', 'last_update': '2026-04-11T02:58:01'}
2026-04-11 02:58:06,267 - health_logger - INFO - Starting health check for all services
2026-04-11 02:58:06,296 - health_logger - INFO - Recorded service statuses: {'receiver': 'Up', 'storage': 'Up', 'processing': 'Up', 'analyzer': 'Up', 'last_update': '2026-04-11T02:58:06'}
2026-04-11 02:58:11,269 - health_logger - INFO - Starting health check for all services
2026-04-11 02:58:11,289 - health_logger - INFO - Recorded service statuses: {'receiver': 'Up', 'storage': 'Up', 'processing': 'Up', 'analyzer': 'Up', 'last_update': '2026-04-11T02:58:11'}
2026-04-11 02:58:16,266 - health_logger - INFO - Starting health check for all services
2026-04-11 02:58:16,287 - health_logger - INFO - Recorded service statuses: {'receiver': 'Up', 'storage': 'Up', 'processing': 'Up', 'analyzer': 'Up', 'last_update': '2026-04-11T02:58:16'}
2026-04-11 02:58:21,265 - health_logger - INFO - Starting health check for all services
2026-04-11 02:58:21,284 - health_logger - INFO - Recorded service statuses: {'receiver': 'Up', 'storage': 'Up', 'processing': 'Up', 'analyzer': 'Up', 'last_update': '2026-04-11T02:58:21'}
2026-04-11 02:58:49,305 - apscheduler.scheduler - INFO - Adding job tentatively -- it will be properly scheduled when the scheduler starts
2026-04-11 02:58:49,309 - apscheduler.scheduler - INFO - Added job "check_health" to job store "default"
2026-04-11 02:58:49,310 - apscheduler.scheduler - INFO - Scheduler started
2026-04-11 02:58:54,306 - health_logger - INFO - Starting health check for all services
2026-04-11 02:58:54,361 - health_logger - INFO - Request for all service statuses received
2026-04-11 02:58:54,402 - health_logger - INFO - Recorded service statuses: {'receiver': 'Up', 'storage': 'Up', 'processing': 'Up', 'analyzer': 'Up', 'last_update': '2026-04-11T02:58:54'}
2026-04-11 02:58:59,306 - health_logger - INFO - Starting health check for all services
2026-04-11 02:58:59,332 - health_logger - INFO - Recorded service statuses: {'receiver': 'Up', 'storage': 'Up', 'processing': 'Up', 'analyzer': 'Up', 'last_update': '2026-04-11T02:58:59'}
2026-04-11 02:58:59,344 - health_logger - INFO - Request for all service statuses received
2026-04-11 02:59:04,307 - health_logger - INFO - Starting health check for all services
2026-04-11 02:59:04,338 - health_logger - INFO - Recorded service statuses: {'receiver': 'Up', 'storage': 'Up', 'processing': 'Up', 'analyzer': 'Up', 'last_update': '2026-04-11T02:59:04'}
2026-04-11 02:59:04,342 - health_logger - INFO - Request for all service statuses received
2026-04-11 02:59:09,307 - health_logger - INFO - Starting health check for all services
2026-04-11 02:59:09,337 - health_logger - INFO - Recorded service statuses: {'receiver': 'Up', 'storage': 'Up', 'processing': 'Up', 'analyzer': 'Up', 'last_update': '2026-04-11T02:59:09'}
2026-04-11 02:59:09,345 - health_logger - INFO - Request for all service statuses received
2026-04-11 02:59:11,847 - health_logger - INFO - Request for all service statuses received
2026-04-11 02:59:14,306 - health_logger - INFO - Starting health check for all services
2026-04-11 02:59:14,332 - health_logger - INFO - Recorded service statuses: {'receiver': 'Up', 'storage': 'Up', 'processing': 'Up', 'analyzer': 'Up', 'last_update': '2026-04-11T02:59:14'}
2026-04-11 02:59:16,847 - health_logger - INFO - Request for all service statuses received
2026-04-11 02:59:19,306 - health_logger - INFO - Starting health check for all services
2026-04-11 02:59:19,333 - health_logger - INFO - Recorded service statuses: {'receiver': 'Up', 'storage': 'Up', 'processing': 'Up', 'analyzer': 'Up', 'last_update': '2026-04-11T02:59:19'}
2026-04-11 02:59:21,849 - health_logger - INFO - Request for all service statuses received
2026-04-11 02:59:24,306 - health_logger - INFO - Starting health check for all services
2026-04-11 02:59:24,333 - health_logger - INFO - Recorded service statuses: {'receiver': 'Up', 'storage': 'Up', 'processing': 'Up', 'analyzer': 'Up', 'last_update': '2026-04-11T02:59:24'}
2026-04-11 02:59:26,947 - health_logger - INFO - Request for all service statuses received
2026-04-11 02:59:29,307 - health_logger - INFO - Starting health check for all services
2026-04-11 02:59:29,338 - health_logger - INFO - Recorded service statuses: {'receiver': 'Up', 'storage': 'Up', 'processing': 'Up', 'analyzer': 'Up', 'last_update': '2026-04-11T02:59:29'}
2026-04-11 02:59:31,948 - health_logger - INFO - Request for all service statuses received
2026-04-11 02:59:34,306 - health_logger - INFO - Starting health check for all services
2026-04-11 02:59:34,325 - health_logger - INFO - Recorded service statuses: {'receiver': 'Up', 'storage': 'Up', 'processing': 'Up', 'analyzer': 'Up', 'last_update': '2026-04-11T02:59:34'}
2026-04-11 02:59:37,049 - health_logger - INFO - Request for all service statuses received
2026-04-11 02:59:39,306 - health_logger - INFO - Starting health check for all services
2026-04-11 02:59:39,333 - health_logger - INFO - Recorded service statuses: {'receiver': 'Up', 'storage': 'Up', 'processing': 'Up', 'analyzer': 'Up', 'last_update': '2026-04-11T02:59:39'}
2026-04-11 02:59:42,050 - health_logger - INFO - Request for all service statuses received
2026-04-11 02:59:44,306 - health_logger - INFO - Starting health check for all services
2026-04-11 02:59:44,332 - health_logger - INFO - Recorded service statuses: {'receiver': 'Up', 'storage': 'Up', 'processing': 'Up', 'analyzer': 'Up', 'last_update': '2026-04-11T02:59:44'}
2026-04-11 02:59:47,062 - health_logger - INFO - Request for all service statuses received
2026-04-11 02:59:49,306 - health_logger - INFO - Starting health check for all services
2026-04-11 02:59:49,337 - health_logger - INFO - Recorded service statuses: {'receiver': 'Up', 'storage': 'Up', 'processing': 'Up', 'analyzer': 'Up', 'last_update': '2026-04-11T02:59:49'}
2026-04-11 02:59:52,069 - health_logger - INFO - Request for all service statuses received
2026-04-11 02:59:54,306 - health_logger - INFO - Starting health check for all services
2026-04-11 02:59:54,325 - health_logger - INFO - Recorded service statuses: {'receiver': 'Up', 'storage': 'Up', 'processing': 'Up', 'analyzer': 'Up', 'last_update': '2026-04-11T02:59:54'}
2026-04-11 02:59:57,169 - health_logger - INFO - Request for all service statuses received
2026-04-11 02:59:59,306 - health_logger - INFO - Starting health check for all services
2026-04-11 02:59:59,333 - health_logger - INFO - Recorded service statuses: {'receiver': 'Up', 'storage': 'Up', 'processing': 'Up', 'analyzer': 'Up', 'last_update': '2026-04-11T02:59:59'}
2026-04-11 03:00:02,530 - health_logger - INFO - Request for all service statuses received
2026-04-11 03:00:04,305 - health_logger - INFO - Starting health check for all services
2026-04-11 03:00:04,328 - health_logger - INFO - Recorded service statuses: {'receiver': 'Up', 'storage': 'Up', 'processing': 'Up', 'analyzer': 'Up', 'last_update': '2026-04-11T03:00:04'}
2026-04-11 03:00:09,306 - health_logger - INFO - Starting health check for all services
2026-04-11 03:00:09,331 - health_logger - INFO - Recorded service statuses: {'receiver': 'Up', 'storage': 'Up', 'processing': 'Up', 'analyzer': 'Up', 'last_update': '2026-04-11T03:00:09'}
2026-04-11 03:00:10,882 - health_logger - INFO - Request for all service statuses received
2026-04-11 03:00:14,307 - health_logger - INFO - Starting health check for all services
2026-04-11 03:00:14,329 - health_logger - INFO - Recorded service statuses: {'receiver': 'Up', 'storage': 'Up', 'processing': 'Up', 'analyzer': 'Up', 'last_update': '2026-04-11T03:00:14'}
2026-04-11 03:00:19,306 - health_logger - INFO - Starting health check for all services
2026-04-11 03:00:19,324 - health_logger - INFO - Recorded service statuses: {'receiver': 'Up', 'storage': 'Up', 'processing': 'Up', 'analyzer': 'Up', 'last_update': '2026-04-11T03:00:19'}
2026-04-11 03:00:23,513 - health_logger - INFO - Request for all service statuses received
2026-04-11 03:00:24,306 - health_logger - INFO - Starting health check for all services
2026-04-11 03:00:24,325 - health_logger - INFO - Recorded service statuses: {'receiver': 'Up', 'storage': 'Up', 'processing': 'Up', 'analyzer': 'Up', 'last_update': '2026-04-11T03:00:24'}
2026-04-11 03:00:29,307 - health_logger - INFO - Starting health check for all services
2026-04-11 03:00:29,329 - health_logger - INFO - Recorded service statuses: {'receiver': 'Up', 'storage': 'Up', 'processing': 'Up', 'analyzer': 'Up', 'last_update': '2026-04-11T03:00:29'}
2026-04-11 03:00:34,306 - health_logger - INFO - Starting health check for all services
2026-04-11 03:00:34,325 - health_logger - INFO - Recorded service statuses: {'receiver': 'Up', 'storage': 'Up', 'processing': 'Up', 'analyzer': 'Up', 'last_update': '2026-04-11T03:00:34'}
2026-04-11 03:00:35,137 - health_logger - INFO - Request for all service statuses received
2026-04-11 03:00:39,306 - health_logger - INFO - Starting health check for all services
2026-04-11 03:00:39,324 - health_logger - INFO - Recorded service statuses: {'receiver': 'Up', 'storage': 'Up', 'processing': 'Up', 'analyzer': 'Up', 'last_update': '2026-04-11T03:00:39'}
2026-04-11 03:00:44,306 - health_logger - INFO - Starting health check for all services
2026-04-11 03:00:44,323 - health_logger - INFO - Recorded service statuses: {'receiver': 'Up', 'storage': 'Up', 'processing': 'Up', 'analyzer': 'Up', 'last_update': '2026-04-11T03:00:44'}
2026-04-11 03:00:49,306 - health_logger - INFO - Starting health check for all services
2026-04-11 03:00:49,324 - health_logger - INFO - Recorded service statuses: {'receiver': 'Up', 'storage': 'Up', 'processing': 'Up', 'analyzer': 'Up', 'last_update': '2026-04-11T03:00:49'}
2026-04-11 03:00:54,306 - health_logger - INFO - Starting health check for all services
2026-04-11 03:00:54,324 - health_logger - INFO - Recorded service statuses: {'receiver': 'Up', 'storage': 'Up', 'processing': 'Up', 'analyzer': 'Up', 'last_update': '2026-04-11T03:00:54'}
2026-04-11 03:00:59,306 - health_logger - INFO - Starting health check for all services
2026-04-11 03:00:59,326 - health_logger - INFO - Recorded service statuses: {'receiver': 'Up', 'storage': 'Up', 'processing': 'Up', 'analyzer': 'Up', 'last_update': '2026-04-11T03:00:59'}
2026-04-11 03:01:01,952 - health_logger - INFO - Request for all service statuses received
2026-04-11 03:01:04,306 - health_logger - INFO - Starting health check for all services
2026-04-11 03:01:04,325 - health_logger - INFO - Recorded service statuses: {'receiver': 'Up', 'storage': 'Up', 'processing': 'Up', 'analyzer': 'Up', 'last_update': '2026-04-11T03:01:04'}
2026-04-11 03:01:09,306 - health_logger - INFO - Starting health check for all services
2026-04-11 03:01:09,325 - health_logger - INFO - Recorded service statuses: {'receiver': 'Up', 'storage': 'Up', 'processing': 'Up', 'analyzer': 'Up', 'last_update': '2026-04-11T03:01:09'}
2026-04-11 03:01:14,308 - health_logger - INFO - Starting health check for all services
2026-04-11 03:01:14,328 - health_logger - INFO - Recorded service statuses: {'receiver': 'Up', 'storage': 'Up', 'processing': 'Up', 'analyzer': 'Up', 'last_update': '2026-04-11T03:01:14'}
2026-04-11 03:01:19,306 - health_logger - INFO - Starting health check for all services
2026-04-11 03:01:19,327 - health_logger - INFO - Recorded service statuses: {'receiver': 'Up', 'storage': 'Up', 'processing': 'Up', 'analyzer': 'Up', 'last_update': '2026-04-11T03:01:19'}
2026-04-11 03:01:24,308 - health_logger - INFO - Starting health check for all services
2026-04-11 03:01:24,337 - health_logger - INFO - Recorded service statuses: {'receiver': 'Up', 'storage': 'Up', 'processing': 'Up', 'analyzer': 'Up', 'last_update': '2026-04-11T03:01:24'}
2026-04-11 03:01:29,307 - health_logger - INFO - Starting health check for all services
2026-04-11 03:01:29,330 - health_logger - INFO - Recorded service statuses: {'receiver': 'Up', 'storage': 'Up', 'processing': 'Up', 'analyzer': 'Up', 'last_update': '2026-04-11T03:01:29'}
2026-04-11 03:01:34,311 - health_logger - INFO - Starting health check for all services
2026-04-11 03:01:34,341 - health_logger - INFO - Recorded service statuses: {'receiver': 'Up', 'storage': 'Up', 'processing': 'Up', 'analyzer': 'Up', 'last_update': '2026-04-11T03:01:34'}
2026-04-11 03:01:39,306 - health_logger - INFO - Starting health check for all services
2026-04-11 03:01:39,330 - health_logger - INFO - Recorded service statuses: {'receiver': 'Up', 'storage': 'Up', 'processing': 'Up', 'analyzer': 'Up', 'last_update': '2026-04-11T03:01:39'}
2026-04-11 03:01:39,934 - health_logger - INFO - Request for all service statuses received
2026-04-11 03:01:44,306 - health_logger - INFO - Starting health check for all services
2026-04-11 03:01:44,326 - health_logger - INFO - Recorded service statuses: {'receiver': 'Up', 'storage': 'Up', 'processing': 'Up', 'analyzer': 'Up', 'last_update': '2026-04-11T03:01:44'}
2026-04-11 03:01:48,959 - health_logger - INFO - Request for all service statuses received
2026-04-11 03:01:49,306 - health_logger - INFO - Starting health check for all services
2026-04-11 03:01:49,323 - health_logger - INFO - Recorded service statuses: {'receiver': 'Up', 'storage': 'Up', 'processing': 'Up', 'analyzer': 'Up', 'last_update': '2026-04-11T03:01:49'}
2026-04-11 03:01:54,306 - health_logger - INFO - Starting health check for all services
2026-04-11 03:01:54,334 - health_logger - INFO - Recorded service statuses: {'receiver': 'Up', 'storage': 'Up', 'processing': 'Up', 'analyzer': 'Up', 'last_update': '2026-04-11T03:01:54'}
2026-04-11 03:01:59,307 - health_logger - INFO - Starting health check for all services
2026-04-11 03:01:59,334 - health_logger - INFO - Recorded service statuses: {'receiver': 'Up', 'storage': 'Up', 'processing': 'Up', 'analyzer': 'Up', 'last_update': '2026-04-11T03:01:59'}
2026-04-11 03:02:04,306 - health_logger - INFO - Starting health check for all services
2026-04-11 03:02:04,335 - health_logger - INFO - Recorded service statuses: {'receiver': 'Up', 'storage': 'Up', 'processing': 'Up', 'analyzer': 'Up', 'last_update': '2026-04-11T03:02:04'}
2026-04-11 03:02:09,306 - health_logger - INFO - Starting health check for all services
2026-04-11 03:02:09,328 - health_logger - INFO - Recorded service statuses: {'receiver': 'Up', 'storage': 'Up', 'processing': 'Up', 'analyzer': 'Up', 'last_update': '2026-04-11T03:02:09'}
2026-04-11 03:02:14,306 - health_logger - INFO - Starting health check for all services
2026-04-11 03:02:14,321 - health_logger - INFO - Recorded service statuses: {'receiver': 'Up', 'storage': 'Up', 'processing': 'Up', 'analyzer': 'Up', 'last_update': '2026-04-11T03:02:14'}
2026-04-11 03:02:19,306 - health_logger - INFO - Starting health check for all services
2026-04-11 03:02:19,325 - health_logger - INFO - Recorded service statuses: {'receiver': 'Up', 'storage': 'Up', 'processing': 'Up', 'analyzer': 'Up', 'last_update': '2026-04-11T03:02:19'}
2026-04-11 03:02:24,308 - health_logger - INFO - Starting health check for all services
2026-04-11 03:02:24,336 - health_logger - INFO - Recorded service statuses: {'receiver': 'Up', 'storage': 'Up', 'processing': 'Up', 'analyzer': 'Up', 'last_update': '2026-04-11T03:02:24'}
2026-04-11 03:02:29,307 - health_logger - INFO - Starting health check for all services
2026-04-11 03:02:29,331 - health_logger - INFO - Recorded service statuses: {'receiver': 'Up', 'storage': 'Up', 'processing': 'Up', 'analyzer': 'Up', 'last_update': '2026-04-11T03:02:29'}
2026-04-11 03:02:34,310 - health_logger - INFO - Starting health check for all services
2026-04-11 03:02:34,337 - health_logger - INFO - Recorded service statuses: {'receiver': 'Up', 'storage': 'Up', 'processing': 'Up', 'analyzer': 'Up', 'last_update': '2026-04-11T03:02:34'}
2026-04-11 03:02:39,310 - health_logger - INFO - Starting health check for all services
2026-04-11 03:02:39,338 - health_logger - INFO - Recorded service statuses: {'receiver': 'Up', 'storage': 'Up', 'processing': 'Up', 'analyzer': 'Up', 'last_update': '2026-04-11T03:02:39'}
2026-04-11 03:02:44,308 - health_logger - INFO - Starting health check for all services
2026-04-11 03:02:44,322 - health_logger - INFO - Recorded service statuses: {'receiver': 'Up', 'storage': 'Up', 'processing': 'Up', 'analyzer': 'Up', 'last_update': '2026-04-11T03:02:44'}
2026-04-11 03:02:48,651 - health_logger - INFO - Request for all service statuses received
2026-04-11 03:02:49,310 - health_logger - INFO - Starting health check for all services
2026-04-11 03:02:49,339 - health_logger - INFO - Recorded service statuses: {'receiver': 'Up', 'storage': 'Up', 'processing': 'Up', 'analyzer': 'Up', 'last_update': '2026-04-11T03:02:49'}
2026-04-11 03:02:53,757 - health_logger - INFO - Request for all service statuses received
2026-04-11 03:02:54,310 - health_logger - INFO - Starting health check for all services
2026-04-11 03:02:54,343 - health_logger - INFO - Recorded service statuses: {'receiver': 'Up', 'storage': 'Up', 'processing': 'Up', 'analyzer': 'Up', 'last_update': '2026-04-11T03:02:54'}
2026-04-11 03:02:59,309 - health_logger - INFO - Starting health check for all services
2026-04-11 03:02:59,341 - health_logger - INFO - Recorded service statuses: {'receiver': 'Up', 'storage': 'Up', 'processing': 'Up', 'analyzer': 'Up', 'last_update': '2026-04-11T03:02:59'}
2026-04-11 03:02:59,494 - health_logger - INFO - Request for all service statuses received
2026-04-11 03:03:04,308 - health_logger - INFO - Starting health check for all services
2026-04-11 03:03:04,338 - health_logger - INFO - Recorded service statuses: {'receiver': 'Up', 'storage': 'Up', 'processing': 'Up', 'analyzer': 'Up', 'last_update': '2026-04-11T03:03:04'}
2026-04-11 03:03:06,628 - health_logger - INFO - Request for all service statuses received
2026-04-11 03:03:09,307 - health_logger - INFO - Starting health check for all services
2026-04-11 03:03:09,334 - health_logger - INFO - Recorded service statuses: {'receiver': 'Up', 'storage': 'Up', 'processing': 'Up', 'analyzer': 'Up', 'last_update': '2026-04-11T03:03:09'}
2026-04-11 03:03:14,309 - health_logger - INFO - Starting health check for all services
2026-04-11 03:03:14,326 - health_logger - INFO - Recorded service statuses: {'receiver': 'Up', 'storage': 'Up', 'processing': 'Up', 'analyzer': 'Up', 'last_update': '2026-04-11T03:03:14'}
2026-04-11 03:03:19,307 - health_logger - INFO - Starting health check for all services
2026-04-11 03:03:19,325 - health_logger - INFO - Recorded service statuses: {'receiver': 'Up', 'storage': 'Up', 'processing': 'Up', 'analyzer': 'Up', 'last_update': '2026-04-11T03:03:19'}
2026-04-11 03:03:19,344 - health_logger - INFO - Request for all service statuses received
2026-04-11 03:03:24,307 - health_logger - INFO - Starting health check for all services
2026-04-11 03:03:24,325 - health_logger - INFO - Recorded service statuses: {'receiver': 'Up', 'storage': 'Up', 'processing': 'Up', 'analyzer': 'Up', 'last_update': '2026-04-11T03:03:24'}
2026-04-11 03:03:29,310 - health_logger - INFO - Starting health check for all services
2026-04-11 03:03:29,324 - health_logger - INFO - Recorded service statuses: {'receiver': 'Up', 'storage': 'Up', 'processing': 'Up', 'analyzer': 'Up', 'last_update': '2026-04-11T03:03:29'}
2026-04-11 03:03:34,308 - health_logger - INFO - Starting health check for all services
2026-04-11 03:03:34,328 - health_logger - INFO - Recorded service statuses: {'receiver': 'Up', 'storage': 'Up', 'processing': 'Up', 'analyzer': 'Up', 'last_update': '2026-04-11T03:03:34'}
2026-04-11 03:03:36,601 - health_logger - INFO - Request for all service statuses received
2026-04-11 03:03:39,306 - health_logger - INFO - Starting health check for all services
2026-04-11 03:03:39,328 - health_logger - INFO - Recorded service statuses: {'receiver': 'Up', 'storage': 'Up', 'processing': 'Up', 'analyzer': 'Up', 'last_update': '2026-04-11T03:03:39'}
2026-04-11 03:03:44,307 - health_logger - INFO - Starting health check for all services
2026-04-11 03:03:44,327 - health_logger - INFO - Recorded service statuses: {'receiver': 'Up', 'storage': 'Up', 'processing': 'Up', 'analyzer': 'Up', 'last_update': '2026-04-11T03:03:44'}
2026-04-11 03:03:49,307 - health_logger - INFO - Starting health check for all services
2026-04-11 03:03:49,331 - health_logger - INFO - Recorded service statuses: {'receiver': 'Up', 'storage': 'Up', 'processing': 'Up', 'analyzer': 'Up', 'last_update': '2026-04-11T03:03:49'}
2026-04-11 03:03:54,308 - health_logger - INFO - Starting health check for all services
2026-04-11 03:03:54,348 - health_logger - INFO - Recorded service statuses: {'receiver': 'Up', 'storage': 'Up', 'processing': 'Up', 'analyzer': 'Up', 'last_update': '2026-04-11T03:03:54'}
2026-04-11 03:03:59,309 - health_logger - INFO - Starting health check for all services
2026-04-11 03:03:59,340 - health_logger - INFO - Recorded service statuses: {'receiver': 'Up', 'storage': 'Up', 'processing': 'Up', 'analyzer': 'Up', 'last_update': '2026-04-11T03:03:59'}
2026-04-11 03:04:04,305 - health_logger - INFO - Starting health check for all services
2026-04-11 03:04:04,332 - health_logger - INFO - Recorded service statuses: {'receiver': 'Up', 'storage': 'Up', 'processing': 'Up', 'analyzer': 'Up', 'last_update': '2026-04-11T03:04:04'}
2026-04-11 03:04:07,026 - health_logger - INFO - Request for all service statuses received
2026-04-11 03:04:09,310 - health_logger - INFO - Starting health check for all services
2026-04-11 03:04:09,336 - health_logger - INFO - Recorded service statuses: {'receiver': 'Up', 'storage': 'Up', 'processing': 'Up', 'analyzer': 'Up', 'last_update': '2026-04-11T03:04:09'}
2026-04-11 03:04:14,306 - health_logger - INFO - Starting health check for all services
2026-04-11 03:04:14,325 - health_logger - INFO - Recorded service statuses: {'receiver': 'Up', 'storage': 'Up', 'processing': 'Up', 'analyzer': 'Up', 'last_update': '2026-04-11T03:04:14'}
2026-04-11 03:04:19,306 - health_logger - INFO - Starting health check for all services
2026-04-11 03:04:19,326 - health_logger - INFO - Recorded service statuses: {'receiver': 'Up', 'storage': 'Up', 'processing': 'Up', 'analyzer': 'Up', 'last_update': '2026-04-11T03:04:19'}
2026-04-11 03:04:20,769 - health_logger - INFO - Request for all service statuses received
2026-04-11 03:04:24,307 - health_logger - INFO - Starting health check for all services
2026-04-11 03:04:24,336 - health_logger - INFO - Recorded service statuses: {'receiver': 'Up', 'storage': 'Up', 'processing': 'Up', 'analyzer': 'Up', 'last_update': '2026-04-11T03:04:24'}
2026-04-11 03:04:29,309 - health_logger - INFO - Starting health check for all services
2026-04-11 03:04:29,338 - health_logger - INFO - Recorded service statuses: {'receiver': 'Up', 'storage': 'Up', 'processing': 'Up', 'analyzer': 'Up', 'last_update': '2026-04-11T03:04:29'}
2026-04-11 03:04:34,306 - health_logger - INFO - Starting health check for all services
2026-04-11 03:04:34,333 - health_logger - INFO - Recorded service statuses: {'receiver': 'Up', 'storage': 'Up', 'processing': 'Up', 'analyzer': 'Up', 'last_update': '2026-04-11T03:04:34'}
2026-04-11 03:04:39,308 - health_logger - INFO - Starting health check for all services
2026-04-11 03:04:39,337 - health_logger - INFO - Recorded service statuses: {'receiver': 'Up', 'storage': 'Up', 'processing': 'Up', 'analyzer': 'Up', 'last_update': '2026-04-11T03:04:39'}
2026-04-11 03:04:44,307 - health_logger - INFO - Starting health check for all services
2026-04-11 03:04:44,333 - health_logger - ERROR - Error connecting to receiver: HTTPConnectionPool(host='dashboard', port=80): Max retries exceeded with url: /receiver/health (Caused by NameResolutionError("HTTPConnection(host='dashboard', port=80): Failed to resolve 'dashboard' ([Errno -2] Name or service not known)"))
2026-04-11 03:04:44,337 - health_logger - ERROR - Error connecting to storage: HTTPConnectionPool(host='dashboard', port=80): Max retries exceeded with url: /storage/health (Caused by NameResolutionError("HTTPConnection(host='dashboard', port=80): Failed to resolve 'dashboard' ([Errno -2] Name or service not known)"))
2026-04-11 03:04:44,342 - health_logger - ERROR - Error connecting to processing: HTTPConnectionPool(host='dashboard', port=80): Max retries exceeded with url: /processing/health (Caused by NameResolutionError("HTTPConnection(host='dashboard', port=80): Failed to resolve 'dashboard' ([Errno -2] Name or service not known)"))
2026-04-11 03:04:44,346 - health_logger - ERROR - Error connecting to analyzer: HTTPConnectionPool(host='dashboard', port=80): Max retries exceeded with url: /analyzer/health (Caused by NameResolutionError("HTTPConnection(host='dashboard', port=80): Failed to resolve 'dashboard' ([Errno -2] Name or service not known)"))
2026-04-11 03:04:44,347 - health_logger - INFO - Recorded service statuses: {'receiver': 'Down', 'storage': 'Down', 'processing': 'Down', 'analyzer': 'Down', 'last_update': '2026-04-11T03:04:44'}
2026-04-11 03:05:07,040 - apscheduler.scheduler - INFO - Adding job tentatively -- it will be properly scheduled when the scheduler starts
2026-04-11 03:05:07,042 - apscheduler.scheduler - INFO - Added job "check_health" to job store "default"
2026-04-11 03:05:07,042 - apscheduler.scheduler - INFO - Scheduler started
2026-04-11 03:05:09,535 - health_logger - INFO - Request for all service statuses received
2026-04-11 03:05:10,318 - health_logger - INFO - Request for all service statuses received
2026-04-11 03:05:12,043 - health_logger - INFO - Starting health check for all services
2026-04-11 03:05:12,075 - health_logger - INFO - Recorded service statuses: {'receiver': 'Up', 'storage': 'Up', 'processing': 'Up', 'analyzer': 'Up', 'last_update': '2026-04-11T03:05:12'}
2026-04-11 03:05:15,407 - health_logger - INFO - Request for all service statuses received
2026-04-11 03:05:17,043 - health_logger - INFO - Starting health check for all services
2026-04-11 03:05:17,062 - health_logger - INFO - Recorded service statuses: {'receiver': 'Up', 'storage': 'Up', 'processing': 'Up', 'analyzer': 'Up', 'last_update': '2026-04-11T03:05:17'}
2026-04-11 03:05:20,408 - health_logger - INFO - Request for all service statuses received
2026-04-11 03:05:22,046 - health_logger - INFO - Starting health check for all services
2026-04-11 03:05:22,076 - health_logger - INFO - Recorded service statuses: {'receiver': 'Up', 'storage': 'Up', 'processing': 'Up', 'analyzer': 'Up', 'last_update': '2026-04-11T03:05:22'}
2026-04-11 03:05:44,878 - apscheduler.scheduler - INFO - Adding job tentatively -- it will be properly scheduled when the scheduler starts
2026-04-11 03:05:44,880 - apscheduler.scheduler - INFO - Added job "check_health" to job store "default"
2026-04-11 03:05:44,881 - apscheduler.scheduler - INFO - Scheduler started
2026-04-11 03:05:45,702 - health_logger - INFO - Request for all service statuses received
2026-04-11 03:05:46,723 - health_logger - INFO - Request for all service statuses received
2026-04-11 03:05:49,879 - health_logger - INFO - Starting health check for all services
2026-04-11 03:05:49,907 - health_logger - INFO - Recorded service statuses: {'receiver': 'Up', 'storage': 'Up', 'processing': 'Up', 'analyzer': 'Up', 'last_update': '2026-04-11T03:05:49'}
2026-04-11 03:05:51,717 - health_logger - INFO - Request for all service statuses received
2026-04-11 03:05:54,880 - health_logger - INFO - Starting health check for all services
2026-04-11 03:05:54,893 - health_logger - INFO - Recorded service statuses: {'receiver': 'Up', 'storage': 'Up', 'processing': 'Up', 'analyzer': 'Up', 'last_update': '2026-04-11T03:05:54'}
2026-04-11 03:05:56,818 - health_logger - INFO - Request for all service statuses received
2026-04-11 03:05:59,878 - health_logger - INFO - Starting health check for all services
2026-04-11 03:05:59,897 - health_logger - INFO - Recorded service statuses: {'receiver': 'Up', 'storage': 'Up', 'processing': 'Up', 'analyzer': 'Up', 'last_update': '2026-04-11T03:05:59'}
2026-04-11 03:06:01,815 - health_logger - INFO - Request for all service statuses received
2026-04-11 03:06:04,879 - health_logger - INFO - Starting health check for all services
2026-04-11 03:06:04,902 - health_logger - INFO - Recorded service statuses: {'receiver': 'Up', 'storage': 'Up', 'processing': 'Up', 'analyzer': 'Up', 'last_update': '2026-04-11T03:06:04'}
2026-04-11 03:06:09,880 - health_logger - INFO - Starting health check for all services
2026-04-11 03:06:09,900 - health_logger - INFO - Recorded service statuses: {'receiver': 'Up', 'storage': 'Up', 'processing': 'Up', 'analyzer': 'Up', 'last_update': '2026-04-11T03:06:09'}
2026-04-11 03:06:14,880 - health_logger - INFO - Starting health check for all services
2026-04-11 03:06:14,907 - health_logger - INFO - Recorded service statuses: {'receiver': 'Up', 'storage': 'Up', 'processing': 'Up', 'analyzer': 'Up', 'last_update': '2026-04-11T03:06:14'}
2026-04-11 03:06:19,879 - health_logger - INFO - Starting health check for all services
2026-04-11 03:06:19,894 - health_logger - INFO - Recorded service statuses: {'receiver': 'Up', 'storage': 'Up', 'processing': 'Up', 'analyzer': 'Up', 'last_update': '2026-04-11T03:06:19'}
2026-04-11 03:06:24,880 - health_logger - INFO - Starting health check for all services
2026-04-11 03:06:24,903 - health_logger - INFO - Recorded service statuses: {'receiver': 'Up', 'storage': 'Up', 'processing': 'Up', 'analyzer': 'Up', 'last_update': '2026-04-11T03:06:24'}
2026-04-11 03:06:29,579 - health_logger - INFO - Request for all service statuses received
2026-04-11 03:06:29,878 - health_logger - INFO - Starting health check for all services
2026-04-11 03:06:29,899 - health_logger - INFO - Recorded service statuses: {'receiver': 'Up', 'storage': 'Up', 'processing': 'Up', 'analyzer': 'Up', 'last_update': '2026-04-11T03:06:29'}
2026-04-11 03:06:34,879 - health_logger - INFO - Starting health check for all services
2026-04-11 03:06:34,895 - health_logger - INFO - Recorded service statuses: {'receiver': 'Up', 'storage': 'Up', 'processing': 'Up', 'analyzer': 'Up', 'last_update': '2026-04-11T03:06:34'}
2026-04-11 03:06:39,879 - health_logger - INFO - Starting health check for all services
2026-04-11 03:06:39,894 - health_logger - INFO - Recorded service statuses: {'receiver': 'Up', 'storage': 'Up', 'processing': 'Up', 'analyzer': 'Up', 'last_update': '2026-04-11T03:06:39'}
2026-04-11 03:06:44,879 - health_logger - INFO - Starting health check for all services
2026-04-11 03:06:44,895 - health_logger - INFO - Recorded service statuses: {'receiver': 'Up', 'storage': 'Up', 'processing': 'Up', 'analyzer': 'Up', 'last_update': '2026-04-11T03:06:44'}
2026-04-11 03:06:49,881 - health_logger - INFO - Starting health check for all services
2026-04-11 03:06:49,902 - health_logger - INFO - Recorded service statuses: {'receiver': 'Up', 'storage': 'Up', 'processing': 'Up', 'analyzer': 'Up', 'last_update': '2026-04-11T03:06:49'}
2026-04-11 03:06:54,884 - health_logger - INFO - Starting health check for all services
2026-04-11 03:06:54,906 - health_logger - INFO - Recorded service statuses: {'receiver': 'Up', 'storage': 'Up', 'processing': 'Up', 'analyzer': 'Up', 'last_update': '2026-04-11T03:06:54'}
2026-04-11 03:06:59,879 - health_logger - INFO - Starting health check for all services
2026-04-11 03:06:59,895 - health_logger - INFO - Recorded service statuses: {'receiver': 'Up', 'storage': 'Up', 'processing': 'Up', 'analyzer': 'Up', 'last_update': '2026-04-11T03:06:59'}
2026-04-11 03:07:04,881 - health_logger - INFO - Starting health check for all services
2026-04-11 03:07:04,898 - health_logger - INFO - Recorded service statuses: {'receiver': 'Up', 'storage': 'Up', 'processing': 'Up', 'analyzer': 'Up', 'last_update': '2026-04-11T03:07:04'}
2026-04-11 03:07:09,882 - health_logger - INFO - Starting health check for all services
2026-04-11 03:07:09,904 - health_logger - INFO - Recorded service statuses: {'receiver': 'Up', 'storage': 'Up', 'processing': 'Up', 'analyzer': 'Up', 'last_update': '2026-04-11T03:07:09'}
2026-04-11 03:07:14,879 - health_logger - INFO - Starting health check for all services
2026-04-11 03:07:14,894 - health_logger - INFO - Recorded service statuses: {'receiver': 'Up', 'storage': 'Up', 'processing': 'Up', 'analyzer': 'Up', 'last_update': '2026-04-11T03:07:14'}
2026-04-11 03:07:19,881 - health_logger - INFO - Starting health check for all services
2026-04-11 03:07:19,898 - health_logger - INFO - Recorded service statuses: {'receiver': 'Up', 'storage': 'Up', 'processing': 'Up', 'analyzer': 'Up', 'last_update': '2026-04-11T03:07:19'}
2026-04-11 03:07:24,879 - health_logger - INFO - Starting health check for all services
2026-04-11 03:07:50,701 - apscheduler.scheduler - INFO - Adding job tentatively -- it will be properly scheduled when the scheduler starts
2026-04-11 03:07:50,705 - apscheduler.scheduler - INFO - Added job "check_health" to job store "default"
2026-04-11 03:07:50,706 - apscheduler.scheduler - INFO - Scheduler started
2026-04-11 03:07:55,703 - health_logger - INFO - Starting health check for all services
2026-04-11 03:07:55,764 - health_logger - INFO - Recorded service statuses: {'receiver': 'Up', 'storage': 'Up', 'processing': 'Up', 'analyzer': 'Up', 'last_update': '2026-04-11T03:07:55'}
2026-04-11 03:08:00,702 - health_logger - INFO - Starting health check for all services
2026-04-11 03:08:00,728 - health_logger - INFO - Recorded service statuses: {'receiver': 'Up', 'storage': 'Up', 'processing': 'Up', 'analyzer': 'Up', 'last_update': '2026-04-11T03:08:00'}
2026-04-11 03:08:05,703 - health_logger - INFO - Starting health check for all services
2026-04-11 03:08:05,746 - health_logger - INFO - Recorded service statuses: {'receiver': 'Up', 'storage': 'Up', 'processing': 'Up', 'analyzer': 'Up', 'last_update': '2026-04-11T03:08:05'}
2026-04-11 03:08:10,703 - health_logger - INFO - Starting health check for all services
2026-04-11 03:08:10,742 - health_logger - INFO - Recorded service statuses: {'receiver': 'Up', 'storage': 'Up', 'processing': 'Up', 'analyzer': 'Up', 'last_update': '2026-04-11T03:08:10'}
2026-04-11 03:08:15,706 - health_logger - INFO - Starting health check for all services
2026-04-11 03:08:15,738 - health_logger - INFO - Recorded service statuses: {'receiver': 'Up', 'storage': 'Up', 'processing': 'Up', 'analyzer': 'Up', 'last_update': '2026-04-11T03:08:15'}
2026-04-11 03:08:20,703 - health_logger - INFO - Starting health check for all services
2026-04-11 03:08:20,726 - health_logger - INFO - Recorded service statuses: {'receiver': 'Up', 'storage': 'Up', 'processing': 'Up', 'analyzer': 'Up', 'last_update': '2026-04-11T03:08:20'}
2026-04-11 03:08:25,704 - health_logger - INFO - Starting health check for all services
2026-04-11 03:08:25,734 - health_logger - INFO - Recorded service statuses: {'receiver': 'Up', 'storage': 'Up', 'processing': 'Up', 'analyzer': 'Up', 'last_update': '2026-04-11T03:08:25'}
2026-04-11 03:08:30,703 - health_logger - INFO - Starting health check for all services
2026-04-11 03:08:30,731 - health_logger - INFO - Recorded service statuses: {'receiver': 'Up', 'storage': 'Up', 'processing': 'Up', 'analyzer': 'Up', 'last_update': '2026-04-11T03:08:30'}
2026-04-11 03:08:35,702 - health_logger - INFO - Starting health check for all services
2026-04-11 03:08:35,725 - health_logger - INFO - Recorded service statuses: {'receiver': 'Up', 'storage': 'Up', 'processing': 'Up', 'analyzer': 'Up', 'last_update': '2026-04-11T03:08:35'}
2026-04-11 03:08:40,705 - health_logger - INFO - Starting health check for all services
2026-04-11 03:08:40,725 - health_logger - INFO - Recorded service statuses: {'receiver': 'Up', 'storage': 'Up', 'processing': 'Up', 'analyzer': 'Up', 'last_update': '2026-04-11T03:08:40'}
2026-04-11 03:08:45,705 - health_logger - INFO - Starting health check for all services
2026-04-11 03:08:45,726 - health_logger - INFO - Recorded service statuses: {'receiver': 'Up', 'storage': 'Up', 'processing': 'Up', 'analyzer': 'Up', 'last_update': '2026-04-11T03:08:45'}
2026-04-11 03:08:50,705 - health_logger - INFO - Starting health check for all services
2026-04-11 03:08:50,734 - health_logger - INFO - Recorded service statuses: {'receiver': 'Up', 'storage': 'Up', 'processing': 'Up', 'analyzer': 'Up', 'last_update': '2026-04-11T03:08:50'}
2026-04-11 03:08:55,704 - health_logger - INFO - Starting health check for all services
2026-04-11 03:08:55,738 - health_logger - INFO - Recorded service statuses: {'receiver': 'Up', 'storage': 'Up', 'processing': 'Up', 'analyzer': 'Up', 'last_update': '2026-04-11T03:08:55'}
2026-04-11 03:09:00,708 - health_logger - INFO - Starting health check for all services
2026-04-11 03:09:00,727 - health_logger - INFO - Recorded service statuses: {'receiver': 'Up', 'storage': 'Up', 'processing': 'Up', 'analyzer': 'Up', 'last_update': '2026-04-11T03:09:00'}
2026-04-11 03:09:05,704 - health_logger - INFO - Starting health check for all services
2026-04-11 03:09:05,734 - health_logger - INFO - Recorded service statuses: {'receiver': 'Up', 'storage': 'Up', 'processing': 'Up', 'analyzer': 'Up', 'last_update': '2026-04-11T03:09:05'}
2026-04-11 03:09:10,704 - health_logger - INFO - Starting health check for all services
2026-04-11 03:09:10,735 - health_logger - INFO - Recorded service statuses: {'receiver': 'Up', 'storage': 'Up', 'processing': 'Up', 'analyzer': 'Up', 'last_update': '2026-04-11T03:09:10'}
2026-04-11 03:09:15,705 - health_logger - INFO - Starting health check for all services
2026-04-11 03:09:15,725 - health_logger - INFO - Recorded service statuses: {'receiver': 'Up', 'storage': 'Up', 'processing': 'Up', 'analyzer': 'Up', 'last_update': '2026-04-11T03:09:15'}
2026-04-11 03:09:20,705 - health_logger - INFO - Starting health check for all services
2026-04-11 03:09:20,723 - health_logger - INFO - Recorded service statuses: {'receiver': 'Up', 'storage': 'Up', 'processing': 'Up', 'analyzer': 'Up', 'last_update': '2026-04-11T03:09:20'}
2026-04-11 03:09:25,707 - health_logger - INFO - Starting health check for all services
2026-04-11 03:09:25,732 - health_logger - INFO - Recorded service statuses: {'receiver': 'Up', 'storage': 'Up', 'processing': 'Up', 'analyzer': 'Up', 'last_update': '2026-04-11T03:09:25'}
2026-04-11 03:09:30,702 - health_logger - INFO - Starting health check for all services
2026-04-11 03:09:30,725 - health_logger - INFO - Recorded service statuses: {'receiver': 'Up', 'storage': 'Up', 'processing': 'Up', 'analyzer': 'Up', 'last_update': '2026-04-11T03:09:30'}
2026-04-11 03:09:35,704 - health_logger - INFO - Starting health check for all services
2026-04-11 03:09:35,738 - health_logger - INFO - Recorded service statuses: {'receiver': 'Up', 'storage': 'Up', 'processing': 'Up', 'analyzer': 'Up', 'last_update': '2026-04-11T03:09:35'}
2026-04-11 03:09:40,703 - health_logger - INFO - Starting health check for all services
2026-04-11 03:09:40,726 - health_logger - INFO - Recorded service statuses: {'receiver': 'Up', 'storage': 'Up', 'processing': 'Up', 'analyzer': 'Up', 'last_update': '2026-04-11T03:09:40'}
2026-04-11 03:09:45,702 - health_logger - INFO - Starting health check for all services
2026-04-11 03:09:45,743 - health_logger - INFO - Recorded service statuses: {'receiver': 'Up', 'storage': 'Up', 'processing': 'Up', 'analyzer': 'Up', 'last_update': '2026-04-11T03:09:45'}
2026-04-11 03:09:50,703 - health_logger - INFO - Starting health check for all services
2026-04-11 03:09:50,729 - health_logger - INFO - Recorded service statuses: {'receiver': 'Up', 'storage': 'Up', 'processing': 'Up', 'analyzer': 'Up', 'last_update': '2026-04-11T03:09:50'}
2026-04-11 03:09:55,704 - health_logger - INFO - Starting health check for all services
2026-04-11 03:09:55,726 - health_logger - INFO - Recorded service statuses: {'receiver': 'Up', 'storage': 'Up', 'processing': 'Up', 'analyzer': 'Up', 'last_update': '2026-04-11T03:09:55'}
2026-04-11 03:10:00,703 - health_logger - INFO - Starting health check for all services
2026-04-11 03:10:00,724 - health_logger - INFO - Recorded service statuses: {'receiver': 'Up', 'storage': 'Up', 'processing': 'Up', 'analyzer': 'Up', 'last_update': '2026-04-11T03:10:00'}
2026-04-11 03:10:05,702 - health_logger - INFO - Starting health check for all services
2026-04-11 03:10:05,731 - health_logger - INFO - Recorded service statuses: {'receiver': 'Up', 'storage': 'Up', 'processing': 'Up', 'analyzer': 'Up', 'last_update': '2026-04-11T03:10:05'}
2026-04-11 03:10:10,704 - health_logger - INFO - Starting health check for all services
2026-04-11 03:10:10,732 - health_logger - INFO - Recorded service statuses: {'receiver': 'Up', 'storage': 'Up', 'processing': 'Up', 'analyzer': 'Up', 'last_update': '2026-04-11T03:10:10'}
2026-04-11 03:10:15,705 - health_logger - INFO - Starting health check for all services
2026-04-11 03:10:15,724 - health_logger - INFO - Recorded service statuses: {'receiver': 'Up', 'storage': 'Up', 'processing': 'Up', 'analyzer': 'Up', 'last_update': '2026-04-11T03:10:15'}
2026-04-11 03:10:20,708 - health_logger - INFO - Starting health check for all services
2026-04-11 03:10:20,737 - health_logger - INFO - Recorded service statuses: {'receiver': 'Up', 'storage': 'Up', 'processing': 'Up', 'analyzer': 'Up', 'last_update': '2026-04-11T03:10:20'}
2026-04-11 03:10:25,704 - health_logger - INFO - Starting health check for all services
2026-04-11 03:10:25,720 - health_logger - INFO - Recorded service statuses: {'receiver': 'Up', 'storage': 'Up', 'processing': 'Up', 'analyzer': 'Up', 'last_update': '2026-04-11T03:10:25'}
2026-04-11 03:10:30,706 - health_logger - INFO - Starting health check for all services
2026-04-11 03:10:30,736 - health_logger - INFO - Recorded service statuses: {'receiver': 'Up', 'storage': 'Up', 'processing': 'Up', 'analyzer': 'Up', 'last_update': '2026-04-11T03:10:30'}
2026-04-11 03:10:35,704 - health_logger - INFO - Starting health check for all services
2026-04-11 03:10:35,734 - health_logger - INFO - Recorded service statuses: {'receiver': 'Up', 'storage': 'Up', 'processing': 'Up', 'analyzer': 'Up', 'last_update': '2026-04-11T03:10:35'}
2026-04-11 03:10:40,703 - health_logger - INFO - Starting health check for all services
2026-04-11 03:10:40,732 - health_logger - INFO - Recorded service statuses: {'receiver': 'Up', 'storage': 'Up', 'processing': 'Up', 'analyzer': 'Up', 'last_update': '2026-04-11T03:10:40'}
2026-04-11 03:10:45,703 - health_logger - INFO - Starting health check for all services
2026-04-11 03:10:45,719 - health_logger - INFO - Recorded service statuses: {'receiver': 'Up', 'storage': 'Up', 'processing': 'Up', 'analyzer': 'Up', 'last_update': '2026-04-11T03:10:45'}
2026-04-11 03:10:50,708 - health_logger - INFO - Starting health check for all services
2026-04-11 03:10:50,729 - health_logger - INFO - Recorded service statuses: {'receiver': 'Up', 'storage': 'Up', 'processing': 'Up', 'analyzer': 'Up', 'last_update': '2026-04-11T03:10:50'}
2026-04-11 03:10:55,705 - health_logger - INFO - Starting health check for all services
2026-04-11 03:10:55,736 - health_logger - INFO - Recorded service statuses: {'receiver': 'Up', 'storage': 'Up', 'processing': 'Up', 'analyzer': 'Up', 'last_update': '2026-04-11T03:10:55'}
2026-04-11 03:11:00,702 - health_logger - INFO - Starting health check for all services
2026-04-11 03:11:00,730 - health_logger - INFO - Recorded service statuses: {'receiver': 'Up', 'storage': 'Up', 'processing': 'Up', 'analyzer': 'Up', 'last_update': '2026-04-11T03:11:00'}
2026-04-11 03:11:05,704 - health_logger - INFO - Starting health check for all services
2026-04-11 03:11:05,732 - health_logger - INFO - Recorded service statuses: {'receiver': 'Up', 'storage': 'Up', 'processing': 'Up', 'analyzer': 'Up', 'last_update': '2026-04-11T03:11:05'}
2026-04-11 03:11:10,703 - health_logger - INFO - Starting health check for all services
2026-04-11 03:11:10,736 - health_logger - INFO - Recorded service statuses: {'receiver': 'Up', 'storage': 'Up', 'processing': 'Up', 'analyzer': 'Up', 'last_update': '2026-04-11T03:11:10'}
2026-04-11 03:11:15,704 - health_logger - INFO - Starting health check for all services
2026-04-11 03:11:15,723 - health_logger - INFO - Recorded service statuses: {'receiver': 'Up', 'storage': 'Up', 'processing': 'Up', 'analyzer': 'Up', 'last_update': '2026-04-11T03:11:15'}
2026-04-11 03:11:20,703 - health_logger - INFO - Starting health check for all services
2026-04-11 03:11:20,735 - health_logger - INFO - Recorded service statuses: {'receiver': 'Up', 'storage': 'Up', 'processing': 'Up', 'analyzer': 'Up', 'last_update': '2026-04-11T03:11:20'}
2026-04-11 03:11:25,703 - health_logger - INFO - Starting health check for all services
2026-04-11 03:11:25,732 - health_logger - INFO - Recorded service statuses: {'receiver': 'Up', 'storage': 'Up', 'processing': 'Up', 'analyzer': 'Up', 'last_update': '2026-04-11T03:11:25'}
2026-04-11 03:11:30,702 - health_logger - INFO - Starting health check for all services
2026-04-11 03:11:30,716 - health_logger - INFO - Recorded service statuses: {'receiver': 'Up', 'storage': 'Up', 'processing': 'Up', 'analyzer': 'Up', 'last_update': '2026-04-11T03:11:30'}
2026-04-11 03:11:35,709 - health_logger - INFO - Starting health check for all services
2026-04-11 03:11:35,738 - health_logger - INFO - Recorded service statuses: {'receiver': 'Up', 'storage': 'Up', 'processing': 'Up', 'analyzer': 'Up', 'last_update': '2026-04-11T03:11:35'}
2026-04-11 03:12:55,907 - apscheduler.scheduler - INFO - Adding job tentatively -- it will be properly scheduled when the scheduler starts
2026-04-11 03:12:55,909 - apscheduler.scheduler - INFO - Added job "check_health" to job store "default"
2026-04-11 03:12:55,910 - apscheduler.scheduler - INFO - Scheduler started
2026-04-11 03:13:00,909 - health_logger - INFO - Starting health check for all services
2026-04-11 03:13:00,962 - health_logger - INFO - Recorded service statuses: {'receiver': 'Up', 'storage': 'Up', 'processing': 'Up', 'analyzer': 'Up', 'last_update': '2026-04-11T03:13:00'}
2026-04-11 03:13:05,909 - health_logger - INFO - Starting health check for all services
2026-04-11 03:13:05,935 - health_logger - INFO - Recorded service statuses: {'receiver': 'Up', 'storage': 'Up', 'processing': 'Up', 'analyzer': 'Up', 'last_update': '2026-04-11T03:13:05'}
2026-04-11 03:13:10,909 - health_logger - INFO - Starting health check for all services
2026-04-11 03:13:10,932 - health_logger - INFO - Recorded service statuses: {'receiver': 'Up', 'storage': 'Up', 'processing': 'Up', 'analyzer': 'Up', 'last_update': '2026-04-11T03:13:10'}
2026-04-11 03:13:15,908 - health_logger - INFO - Starting health check for all services
2026-04-11 03:13:15,926 - health_logger - INFO - Recorded service statuses: {'receiver': 'Up', 'storage': 'Up', 'processing': 'Up', 'analyzer': 'Up', 'last_update': '2026-04-11T03:13:15'}
2026-04-11 03:13:20,908 - health_logger - INFO - Starting health check for all services
2026-04-11 03:13:20,926 - health_logger - INFO - Recorded service statuses: {'receiver': 'Up', 'storage': 'Up', 'processing': 'Up', 'analyzer': 'Up', 'last_update': '2026-04-11T03:13:20'}
2026-04-11 03:13:24,546 - health_logger - INFO - Request for all service statuses received
2026-04-11 03:13:25,908 - health_logger - INFO - Starting health check for all services
2026-04-11 03:13:25,935 - health_logger - INFO - Recorded service statuses: {'receiver': 'Up', 'storage': 'Up', 'processing': 'Up', 'analyzer': 'Up', 'last_update': '2026-04-11T03:13:25'}
2026-04-11 03:13:29,637 - health_logger - INFO - Request for all service statuses received
2026-04-11 03:13:30,907 - health_logger - INFO - Starting health check for all services
2026-04-11 03:13:30,926 - health_logger - INFO - Recorded service statuses: {'receiver': 'Up', 'storage': 'Up', 'processing': 'Up', 'analyzer': 'Up', 'last_update': '2026-04-11T03:13:30'}
2026-04-11 03:13:34,638 - health_logger - INFO - Request for all service statuses received
2026-04-11 03:13:35,909 - health_logger - INFO - Starting health check for all services
2026-04-11 03:13:35,934 - health_logger - INFO - Recorded service statuses: {'receiver': 'Up', 'storage': 'Up', 'processing': 'Up', 'analyzer': 'Up', 'last_update': '2026-04-11T03:13:35'}
2026-04-11 03:13:40,913 - health_logger - INFO - Starting health check for all services
2026-04-11 03:13:40,938 - health_logger - INFO - Recorded service statuses: {'receiver': 'Up', 'storage': 'Up', 'processing': 'Up', 'analyzer': 'Up', 'last_update': '2026-04-11T03:13:40'}
2026-04-11 03:13:45,912 - health_logger - INFO - Starting health check for all services
2026-04-11 03:13:45,937 - health_logger - INFO - Recorded service statuses: {'receiver': 'Up', 'storage': 'Up', 'processing': 'Up', 'analyzer': 'Up', 'last_update': '2026-04-11T03:13:45'}
2026-04-11 03:13:50,908 - health_logger - INFO - Starting health check for all services
2026-04-11 03:13:50,932 - health_logger - INFO - Recorded service statuses: {'receiver': 'Up', 'storage': 'Up', 'processing': 'Up', 'analyzer': 'Up', 'last_update': '2026-04-11T03:13:50'}
2026-04-11 03:13:55,907 - health_logger - INFO - Starting health check for all services
2026-04-11 03:13:55,922 - health_logger - INFO - Recorded service statuses: {'receiver': 'Up', 'storage': 'Up', 'processing': 'Up', 'analyzer': 'Up', 'last_update': '2026-04-11T03:13:55'}
2026-04-11 03:14:00,908 - health_logger - INFO - Starting health check for all services
2026-04-11 03:14:00,932 - health_logger - INFO - Recorded service statuses: {'receiver': 'Up', 'storage': 'Up', 'processing': 'Up', 'analyzer': 'Up', 'last_update': '2026-04-11T03:14:00'}
2026-04-11 03:14:05,908 - health_logger - INFO - Starting health check for all services
2026-04-11 03:14:05,932 - health_logger - INFO - Recorded service statuses: {'receiver': 'Up', 'storage': 'Up', 'processing': 'Up', 'analyzer': 'Up', 'last_update': '2026-04-11T03:14:05'}
2026-04-11 03:14:10,909 - health_logger - INFO - Starting health check for all services
2026-04-11 03:14:10,935 - health_logger - INFO - Recorded service statuses: {'receiver': 'Up', 'storage': 'Up', 'processing': 'Up', 'analyzer': 'Up', 'last_update': '2026-04-11T03:14:10'}
2026-04-11 03:14:15,909 - health_logger - INFO - Starting health check for all services
2026-04-11 03:14:15,930 - health_logger - INFO - Recorded service statuses: {'receiver': 'Up', 'storage': 'Up', 'processing': 'Up', 'analyzer': 'Up', 'last_update': '2026-04-11T03:14:15'}
2026-04-11 03:14:20,908 - health_logger - INFO - Starting health check for all services
2026-04-11 03:14:20,927 - health_logger - INFO - Recorded service statuses: {'receiver': 'Up', 'storage': 'Up', 'processing': 'Up', 'analyzer': 'Up', 'last_update': '2026-04-11T03:14:20'}
2026-04-11 03:14:25,909 - health_logger - INFO - Starting health check for all services
2026-04-11 03:14:25,932 - health_logger - INFO - Recorded service statuses: {'receiver': 'Up', 'storage': 'Up', 'processing': 'Up', 'analyzer': 'Up', 'last_update': '2026-04-11T03:14:25'}
2026-04-11 03:14:30,908 - health_logger - INFO - Starting health check for all services
2026-04-11 03:14:30,926 - health_logger - INFO - Recorded service statuses: {'receiver': 'Up', 'storage': 'Up', 'processing': 'Up', 'analyzer': 'Up', 'last_update': '2026-04-11T03:14:30'}
2026-04-11 03:14:35,909 - health_logger - INFO - Starting health check for all services
2026-04-11 03:14:35,930 - health_logger - INFO - Recorded service statuses: {'receiver': 'Up', 'storage': 'Up', 'processing': 'Up', 'analyzer': 'Up', 'last_update': '2026-04-11T03:14:35'}
2026-04-11 03:14:40,908 - health_logger - INFO - Starting health check for all services
2026-04-11 03:14:40,930 - health_logger - INFO - Recorded service statuses: {'receiver': 'Up', 'storage': 'Up', 'processing': 'Up', 'analyzer': 'Up', 'last_update': '2026-04-11T03:14:40'}
2026-04-11 03:14:45,908 - health_logger - INFO - Starting health check for all services
2026-04-11 03:14:45,937 - health_logger - INFO - Recorded service statuses: {'receiver': 'Up', 'storage': 'Up', 'processing': 'Up', 'analyzer': 'Up', 'last_update': '2026-04-11T03:14:45'}
2026-04-11 03:14:50,908 - health_logger - INFO - Starting health check for all services
2026-04-11 03:14:50,925 - health_logger - INFO - Recorded service statuses: {'receiver': 'Up', 'storage': 'Up', 'processing': 'Up', 'analyzer': 'Up', 'last_update': '2026-04-11T03:14:50'}
2026-04-11 03:14:55,909 - health_logger - INFO - Starting health check for all services
2026-04-11 03:14:55,931 - health_logger - INFO - Recorded service statuses: {'receiver': 'Up', 'storage': 'Up', 'processing': 'Up', 'analyzer': 'Up', 'last_update': '2026-04-11T03:14:55'}
2026-04-11 03:15:00,907 - health_logger - INFO - Starting health check for all services
2026-04-11 03:15:00,933 - health_logger - INFO - Recorded service statuses: {'receiver': 'Up', 'storage': 'Up', 'processing': 'Up', 'analyzer': 'Up', 'last_update': '2026-04-11T03:15:00'}
2026-04-11 03:15:05,908 - health_logger - INFO - Starting health check for all services
2026-04-11 03:15:05,928 - health_logger - INFO - Recorded service statuses: {'receiver': 'Up', 'storage': 'Up', 'processing': 'Up', 'analyzer': 'Up', 'last_update': '2026-04-11T03:15:05'}
2026-04-11 03:15:10,908 - health_logger - INFO - Starting health check for all services
2026-04-11 03:15:10,933 - health_logger - INFO - Recorded service statuses: {'receiver': 'Up', 'storage': 'Up', 'processing': 'Up', 'analyzer': 'Up', 'last_update': '2026-04-11T03:15:10'}
2026-04-11 03:15:15,907 - health_logger - INFO - Starting health check for all services
2026-04-11 03:15:15,926 - health_logger - INFO - Recorded service statuses: {'receiver': 'Up', 'storage': 'Up', 'processing': 'Up', 'analyzer': 'Up', 'last_update': '2026-04-11T03:15:15'}
2026-04-11 03:15:20,908 - health_logger - INFO - Starting health check for all services
2026-04-11 03:15:20,927 - health_logger - INFO - Recorded service statuses: {'receiver': 'Up', 'storage': 'Up', 'processing': 'Up', 'analyzer': 'Up', 'last_update': '2026-04-11T03:15:20'}
2026-04-11 03:15:25,908 - health_logger - INFO - Starting health check for all services
2026-04-11 03:15:25,927 - health_logger - INFO - Recorded service statuses: {'receiver': 'Up', 'storage': 'Up', 'processing': 'Up', 'analyzer': 'Up', 'last_update': '2026-04-11T03:15:25'}
2026-04-11 03:15:30,908 - health_logger - INFO - Starting health check for all services
2026-04-11 03:15:30,932 - health_logger - INFO - Recorded service statuses: {'receiver': 'Up', 'storage': 'Up', 'processing': 'Up', 'analyzer': 'Up', 'last_update': '2026-04-11T03:15:30'}
2026-04-11 03:15:35,909 - health_logger - INFO - Starting health check for all services
2026-04-11 03:15:35,937 - health_logger - INFO - Recorded service statuses: {'receiver': 'Up', 'storage': 'Up', 'processing': 'Up', 'analyzer': 'Up', 'last_update': '2026-04-11T03:15:35'}
2026-04-11 03:15:40,909 - health_logger - INFO - Starting health check for all services
2026-04-11 03:15:40,933 - health_logger - INFO - Recorded service statuses: {'receiver': 'Up', 'storage': 'Up', 'processing': 'Up', 'analyzer': 'Up', 'last_update': '2026-04-11T03:15:40'}
2026-04-11 03:15:45,909 - health_logger - INFO - Starting health check for all services
2026-04-11 03:15:45,930 - health_logger - INFO - Recorded service statuses: {'receiver': 'Up', 'storage': 'Up', 'processing': 'Up', 'analyzer': 'Up', 'last_update': '2026-04-11T03:15:45'}
2026-04-11 03:15:50,909 - health_logger - INFO - Starting health check for all services
2026-04-11 03:15:50,929 - health_logger - INFO - Recorded service statuses: {'receiver': 'Up', 'storage': 'Up', 'processing': 'Up', 'analyzer': 'Up', 'last_update': '2026-04-11T03:15:50'}
2026-04-11 03:15:55,908 - health_logger - INFO - Starting health check for all services
2026-04-11 03:15:55,926 - health_logger - INFO - Recorded service statuses: {'receiver': 'Up', 'storage': 'Up', 'processing': 'Up', 'analyzer': 'Up', 'last_update': '2026-04-11T03:15:55'}
2026-04-11 03:16:00,909 - health_logger - INFO - Starting health check for all services
2026-04-11 03:16:00,927 - health_logger - INFO - Recorded service statuses: {'receiver': 'Up', 'storage': 'Up', 'processing': 'Up', 'analyzer': 'Up', 'last_update': '2026-04-11T03:16:00'}
2026-04-11 03:16:05,908 - health_logger - INFO - Starting health check for all services
2026-04-11 03:16:05,929 - health_logger - INFO - Recorded service statuses: {'receiver': 'Up', 'storage': 'Up', 'processing': 'Up', 'analyzer': 'Up', 'last_update': '2026-04-11T03:16:05'}
2026-04-11 03:16:10,909 - health_logger - INFO - Starting health check for all services
2026-04-11 03:16:10,926 - health_logger - INFO - Recorded service statuses: {'receiver': 'Up', 'storage': 'Up', 'processing': 'Up', 'analyzer': 'Up', 'last_update': '2026-04-11T03:16:10'}
2026-04-11 03:16:15,910 - health_logger - INFO - Starting health check for all services
2026-04-11 03:16:15,932 - health_logger - INFO - Recorded service statuses: {'receiver': 'Up', 'storage': 'Up', 'processing': 'Up', 'analyzer': 'Up', 'last_update': '2026-04-11T03:16:15'}
