2026-03-25 16:10:03,216 - basicLogger - INFO - Received shot batch event with trace id 70aca4e3-b254-4e60-8971-895f3ba75f99
2026-03-25 16:10:03,239 - basicLogger - INFO - Received penalty batch event with trace id 4b0d02bd-d612-481d-a2ae-df1ec744618f
2026-03-25 16:10:03,246 - basicLogger - INFO - Received shot batch event with trace id 4e352eb4-17da-4b91-89ba-8a565b9601a9
2026-03-25 16:10:03,253 - basicLogger - INFO - Received penalty batch event with trace id eb2fed82-aa54-43f4-a92b-339a0c1ade34
2026-03-25 16:10:03,259 - basicLogger - INFO - Received shot batch event with trace id 2fe1ff22-802d-46d3-93a5-4f9ac9ca49d3
2026-03-25 16:10:03,266 - basicLogger - INFO - Received penalty batch event with trace id d3b9f99c-a5ad-4912-ae90-480dcd225469
2026-03-25 16:10:03,272 - basicLogger - INFO - Received shot batch event with trace id 243991ae-6168-491d-8c14-90e86e826664
2026-03-25 16:10:03,278 - basicLogger - INFO - Received penalty batch event with trace id 59ad90bb-c49e-4e01-9e8d-0e5b61dd55c0
2026-03-25 16:10:03,285 - basicLogger - INFO - Received shot batch event with trace id 0960f0e1-d9c4-4189-ba75-8db6068e27d7
2026-03-25 16:10:03,291 - basicLogger - INFO - Received penalty batch event with trace id b36885a9-108b-4f77-a98b-a63b35ce23e9
2026-03-25 16:10:03,298 - basicLogger - INFO - Received shot batch event with trace id 18eefbaf-70bf-465a-b518-c9f952540280
2026-03-25 16:10:03,303 - basicLogger - INFO - Received penalty batch event with trace id 07606d4d-7e06-4548-bbe9-7088279c23a3
2026-03-25 16:10:03,311 - basicLogger - INFO - Received shot batch event with trace id f1fbcfbf-f5a9-4360-a4cf-1da009e2b38f
2026-03-25 16:10:03,317 - basicLogger - INFO - Received penalty batch event with trace id 27665a48-7bf4-4d1c-ad76-6ac198a1e37d
2026-03-25 16:10:03,324 - basicLogger - INFO - Received shot batch event with trace id 779d16e9-a354-4e5b-922e-8419a75cf823
2026-03-25 16:10:03,328 - basicLogger - INFO - Received penalty batch event with trace id d3778586-4fcf-4fd7-8ce7-ca33552c62ae
2026-03-25 16:10:03,335 - basicLogger - INFO - Received shot batch event with trace id 176e21db-18f7-4cf5-99b4-111e68f25068
2026-03-25 16:10:03,341 - basicLogger - INFO - Received penalty batch event with trace id 930a4896-1cfb-4f8d-b5cf-a9304779254c
2026-03-25 16:10:03,348 - basicLogger - INFO - Received shot batch event with trace id 85b0aeb6-2eaf-4b43-b230-74ef473b190b
2026-03-25 16:10:03,354 - basicLogger - INFO - Received penalty batch event with trace id 7bb72997-f58d-4739-9182-fc61cdba34a4
2026-03-25 16:10:03,407 - basicLogger - INFO - Received shot batch event with trace id 89734ca1-b78c-43f5-ab68-1f62077ed3a5
2026-03-25 16:10:03,433 - basicLogger - INFO - Received penalty batch event with trace id 2c218872-ebc3-46c0-867c-a7441f4af293
2026-03-25 16:10:03,441 - basicLogger - INFO - Received shot batch event with trace id 584ea790-c217-4d56-930e-8afc6d7be786
2026-03-25 16:10:03,447 - basicLogger - INFO - Received penalty batch event with trace id be789da9-0c04-4037-93cd-6212c4d33c48
2026-03-25 16:10:03,453 - basicLogger - INFO - Received shot batch event with trace id d8897872-c691-4db6-8477-efa48f8d5fda
2026-03-25 16:10:03,459 - basicLogger - INFO - Received penalty batch event with trace id 86ac9cca-2b5c-490e-a1d9-3bb35657288e
2026-03-25 16:10:03,465 - basicLogger - INFO - Received shot batch event with trace id aa30590f-7174-4407-9ae3-9d17f74e47ff
2026-03-25 16:10:03,472 - basicLogger - INFO - Received penalty batch event with trace id b3489156-2101-45a5-8013-5ca6b343438a
2026-03-25 16:10:03,480 - basicLogger - INFO - Received shot batch event with trace id 75d48034-6dc3-454d-bc46-f145c3b3b7ac
2026-03-25 16:10:03,486 - basicLogger - INFO - Received penalty batch event with trace id e43a36a7-38bf-41fc-ad14-c6238a10db11
2026-03-25 16:10:03,493 - basicLogger - INFO - Received shot batch event with trace id cc57cce8-0d02-4431-944a-6685aca288f6
2026-03-25 16:10:03,500 - basicLogger - INFO - Received penalty batch event with trace id 8199712b-1a1f-45ce-a20b-af13129b85dc
2026-03-25 16:10:03,507 - basicLogger - INFO - Received shot batch event with trace id 964d4920-7eb4-420b-8e1c-4a104cb5af53
2026-03-25 16:10:03,514 - basicLogger - INFO - Received penalty batch event with trace id 01c345b4-f721-4b0e-b7ec-c262dd2602d7
2026-03-25 16:10:03,520 - basicLogger - INFO - Received shot batch event with trace id 56dc4577-d5d2-483d-88da-2968e5482feb
2026-03-25 16:10:03,527 - basicLogger - INFO - Received penalty batch event with trace id 736b57c6-76be-4f35-83b3-70200bb04f8a
2026-03-25 16:10:03,533 - basicLogger - INFO - Received shot batch event with trace id b5dabba2-fc23-4bbe-9781-058c20aa5c15
2026-03-25 16:10:03,540 - basicLogger - INFO - Received penalty batch event with trace id 86d1873d-8102-4ec0-8a77-d7ec5e4a8d52
2026-03-25 16:10:03,548 - basicLogger - INFO - Received shot batch event with trace id 610f5571-d5b0-438b-85d0-9f0aef94c2f5
2026-03-25 16:10:03,557 - basicLogger - INFO - Received penalty batch event with trace id f2d9d799-0c6b-4c50-8ad0-30059c3403ba
2026-03-25 16:10:03,612 - basicLogger - INFO - Received shot batch event with trace id 8c77bb9d-48ba-46d3-8ecc-311ab202f087
2026-03-25 16:10:03,622 - basicLogger - INFO - Received penalty batch event with trace id ed27b8b5-a522-4c03-be39-5f9e48b3626b
2026-03-25 16:10:03,635 - basicLogger - INFO - Received shot batch event with trace id ec40ca19-4ec6-426b-a8d1-a83b9cf2ac88
2026-03-25 16:10:03,647 - basicLogger - INFO - Received penalty batch event with trace id ef592727-5767-4583-9dd2-a4a715ff1c2c
2026-03-25 16:10:03,660 - basicLogger - INFO - Received shot batch event with trace id 35826260-ea57-4b00-be88-5d6be25b20c9
2026-03-25 16:10:03,671 - basicLogger - INFO - Received penalty batch event with trace id 7c6786b3-5104-42f4-bc7f-f8f13f12c3d1
2026-03-25 16:10:03,681 - basicLogger - INFO - Received shot batch event with trace id 4e2b09cc-2872-4d0b-a0c4-9abe9d9a230b
2026-03-25 16:10:03,691 - basicLogger - INFO - Received penalty batch event with trace id cd9a0568-870d-49b3-93bb-7a402fc44326
2026-03-25 16:10:03,703 - basicLogger - INFO - Received shot batch event with trace id 3eb7af12-ca65-4f2e-9552-532765d249d5
2026-03-25 16:10:03,714 - basicLogger - INFO - Received penalty batch event with trace id b006e031-1577-4676-a3f7-760a8c103dbb
2026-03-25 16:10:03,723 - basicLogger - INFO - Received shot batch event with trace id bd5ce6da-ad85-4fb9-b6dd-279b1bc2d567
2026-03-25 16:10:03,733 - basicLogger - INFO - Received penalty batch event with trace id 100ef81d-e688-45e3-8293-a5d4193aa93a
2026-03-25 16:10:03,741 - basicLogger - INFO - Received shot batch event with trace id 3ace2d16-8236-4c5f-8dcc-2690ea2be38f
2026-03-25 16:10:03,750 - basicLogger - INFO - Received penalty batch event with trace id b5b1293b-8b4e-44da-92fd-f867b843b756
2026-03-25 16:10:03,758 - basicLogger - INFO - Received shot batch event with trace id e27eac2a-59cc-48b9-8b4f-a14515994d3c
2026-03-25 16:10:03,768 - basicLogger - INFO - Received penalty batch event with trace id 6fd1b5a8-1d78-4cbf-a512-b2b25972c3bf
2026-03-25 16:10:03,779 - basicLogger - INFO - Received shot batch event with trace id 71e56283-7892-4634-9aa9-0cb3566032aa
2026-03-25 16:10:03,789 - basicLogger - INFO - Received penalty batch event with trace id cf136858-3b17-45f9-99d5-8bff5922f73c
2026-03-25 16:10:03,798 - basicLogger - INFO - Received shot batch event with trace id 06edbdac-ac26-488e-91cf-16913cac0d40
2026-03-25 16:10:03,807 - basicLogger - INFO - Received penalty batch event with trace id 9b32f5ca-e372-4866-bb78-6489c5fd44ab
2026-03-25 16:10:03,815 - basicLogger - INFO - Received shot batch event with trace id bb75ed55-11fc-4e85-9d7a-8d4118005512
2026-03-25 16:10:03,823 - basicLogger - INFO - Received penalty batch event with trace id a8c34289-9340-4efa-b10b-24e1e191acff
2026-03-25 16:10:03,832 - basicLogger - INFO - Received shot batch event with trace id 55b092b1-3414-4b59-9fc8-5ff29e249df1
2026-03-25 16:10:03,838 - basicLogger - INFO - Received penalty batch event with trace id 3906751f-2c98-44a4-8486-42adb4980d26
2026-03-25 16:10:03,849 - basicLogger - INFO - Received shot batch event with trace id bfb146a8-f673-41fb-978d-bbed954b09e5
2026-03-25 16:10:03,857 - basicLogger - INFO - Received penalty batch event with trace id 1eb4dce9-cb11-49ba-8739-db6d9b18b0dd
2026-03-25 16:10:03,865 - basicLogger - INFO - Received shot batch event with trace id b311fa8e-478f-4e38-9a2c-74796257ee8f
2026-03-25 16:10:03,872 - basicLogger - INFO - Received penalty batch event with trace id ccdfdec6-30f4-4531-b551-377e2a4a295a
2026-03-25 16:10:03,879 - basicLogger - INFO - Received shot batch event with trace id 40b6494d-4f44-49ff-827e-540253c8e0ec
2026-03-25 16:10:03,886 - basicLogger - INFO - Received penalty batch event with trace id 0b510334-7db6-408c-af10-f208e1cbc500
2026-03-25 16:10:03,893 - basicLogger - INFO - Received shot batch event with trace id 6358e324-8ccf-4b7d-a608-f4897cf83461
2026-03-25 16:10:03,900 - basicLogger - INFO - Received penalty batch event with trace id ae6e0036-0c0f-47e2-890d-19694aedb1e0
2026-03-25 16:10:03,906 - basicLogger - INFO - Received shot batch event with trace id d34c23b4-3025-400a-a192-fb2dd8f6ff2f
2026-03-25 16:10:03,912 - basicLogger - INFO - Received penalty batch event with trace id 8aac24b9-5068-4791-8fab-3b95a9631b36
2026-03-25 16:10:03,946 - basicLogger - INFO - Received shot batch event with trace id 1f0a07d1-9b32-4a56-a216-fb99766e1679
2026-03-25 16:10:03,953 - basicLogger - INFO - Received penalty batch event with trace id c26b84cc-4bc2-4661-9569-acc5ad0524e2
2026-03-25 16:10:03,960 - basicLogger - INFO - Received shot batch event with trace id b377f9b7-6365-42ef-8a89-ae9aa10fc320
2026-03-25 16:10:03,967 - basicLogger - INFO - Received penalty batch event with trace id c8188672-de6f-4e00-a904-c183487517a2
2026-03-25 16:10:03,973 - basicLogger - INFO - Received shot batch event with trace id 587e71fe-18e1-4cfb-bcc3-ed0ff14eae70
2026-03-25 16:10:03,980 - basicLogger - INFO - Received penalty batch event with trace id d47b7152-266d-4e25-83ca-dfaa716d90de
2026-03-25 16:10:04,009 - basicLogger - INFO - Received shot batch event with trace id 2fb52dfe-d31d-44f6-8442-b4b9d6369934
2026-03-25 16:10:04,015 - basicLogger - INFO - Received penalty batch event with trace id e6f7c76d-055a-4409-9461-f055a16a2189
2026-03-25 16:10:04,021 - basicLogger - INFO - Received shot batch event with trace id aecbb1ff-7d75-43be-9f4d-8067ca6a1ca8
2026-03-25 16:10:04,027 - basicLogger - INFO - Received penalty batch event with trace id 3578f905-3301-4841-8c1d-be3e35b7c1ec
2026-03-25 16:10:04,035 - basicLogger - INFO - Received shot batch event with trace id 303ad8e3-a5b8-41ea-8b65-48f103e36393
2026-03-25 16:10:04,042 - basicLogger - INFO - Received penalty batch event with trace id c5c29800-708e-4824-ba9c-d29f1e770f19
2026-03-25 16:10:04,050 - basicLogger - INFO - Received shot batch event with trace id ed3bacc3-b47d-4997-8adb-a05ee10eb18d
2026-03-25 16:10:04,059 - basicLogger - INFO - Received penalty batch event with trace id bd79f414-2113-4f7a-8412-21e4069fa6c1
2026-03-25 16:10:04,067 - basicLogger - INFO - Received shot batch event with trace id 86344a47-d528-4673-8a7a-6838697579ee
2026-03-25 16:10:04,073 - basicLogger - INFO - Received penalty batch event with trace id c754d665-d64c-4b6f-8c55-0cc6faffa740
2026-03-25 16:10:04,080 - basicLogger - INFO - Received shot batch event with trace id 7f0d62ce-ae99-404f-942a-44bab5c2e762
2026-03-25 16:10:04,085 - basicLogger - INFO - Received penalty batch event with trace id 17b439d9-e3a8-4910-86b0-8feb2fc87349
2026-03-25 16:10:04,091 - basicLogger - INFO - Received shot batch event with trace id 9d78b4ae-bec5-4634-9e36-be756ebe068b
2026-03-25 16:10:04,098 - basicLogger - INFO - Received penalty batch event with trace id d970ed79-3aef-44a7-b1d9-fe87c1ec6c19
2026-03-25 16:10:04,104 - basicLogger - INFO - Received shot batch event with trace id 155353fe-5520-4ea1-9545-8dc13e543b71
2026-03-25 16:10:04,110 - basicLogger - INFO - Received penalty batch event with trace id e451f276-2d31-42ce-8464-f6a41cb6153a
2026-03-25 16:10:04,116 - basicLogger - INFO - Received shot batch event with trace id 71bae6f1-3fef-44fb-9773-d5cd16fc579e
2026-03-25 16:10:04,121 - basicLogger - INFO - Received penalty batch event with trace id d976ba88-1a90-40de-b4d3-91c646c9abec
2026-03-25 16:10:04,127 - basicLogger - INFO - Received shot batch event with trace id e7c5dce1-c92a-48a7-8eea-c2f3a532f46e
2026-03-25 16:10:04,133 - basicLogger - INFO - Received penalty batch event with trace id 0e62a87a-5d4f-49ca-b7cd-e2296260d93e
2026-03-25 18:54:57,846 - basicLogger - INFO - Received shot batch event with trace id 11e55a1b-be36-497e-8e05-8c0f9865182d
2026-03-25 18:54:57,906 - basicLogger - INFO - Received penalty batch event with trace id d54794cd-a289-4124-99b9-45b012460b4a
2026-03-25 18:54:57,913 - basicLogger - INFO - Received shot batch event with trace id 43982f4b-c3f7-4630-ada0-72feddce0586
2026-03-25 18:54:57,920 - basicLogger - INFO - Received penalty batch event with trace id eec51957-8492-4f9e-baec-48b6982d5ce2
2026-03-25 18:54:57,926 - basicLogger - INFO - Received shot batch event with trace id 38c77682-0297-4a87-bd8b-66142165ccce
2026-03-25 18:54:57,932 - basicLogger - INFO - Received penalty batch event with trace id 4d1ef90b-eecb-4099-a000-7f0447af69ce
2026-03-25 18:54:57,938 - basicLogger - INFO - Received shot batch event with trace id 91372606-44ea-4260-969e-ae2f36f275ac
2026-03-25 18:54:57,944 - basicLogger - INFO - Received penalty batch event with trace id e39a0d38-dc40-4d1f-9fce-97d707acbd8c
2026-03-25 18:54:57,950 - basicLogger - INFO - Received shot batch event with trace id ef6e925a-c8d8-4fd7-8c5b-01943f7c4bab
2026-03-25 18:54:57,955 - basicLogger - INFO - Received penalty batch event with trace id 749ff551-5642-4489-aa38-5b33e7bc3e05
2026-03-25 18:54:57,961 - basicLogger - INFO - Received shot batch event with trace id eca00ae9-fc1c-4820-b603-c5412e00748f
2026-03-25 18:54:57,967 - basicLogger - INFO - Received penalty batch event with trace id fefce1f1-ee97-4e99-8c0c-a193cf4a2893
2026-03-25 18:54:57,974 - basicLogger - INFO - Received shot batch event with trace id bacb5445-a8c5-40d6-bf15-9a2e1142b3fb
2026-03-25 18:54:57,979 - basicLogger - INFO - Received penalty batch event with trace id 29b2a641-97fa-4cca-b9eb-e5f4aa7bff77
2026-03-25 18:54:57,985 - basicLogger - INFO - Received shot batch event with trace id 4c1faf71-1aa1-42bf-842c-8c98890dae91
2026-03-25 18:54:57,990 - basicLogger - INFO - Received penalty batch event with trace id bd86f62c-4f2d-40e1-8815-aa0ce6fc8de1
2026-03-25 18:54:57,997 - basicLogger - INFO - Received shot batch event with trace id a5eee4aa-4aed-4e96-b4e0-16d09ac45866
2026-03-25 18:54:58,002 - basicLogger - INFO - Received penalty batch event with trace id bece8fae-93de-4805-aa17-517fe8ea9525
2026-03-25 18:54:58,008 - basicLogger - INFO - Received shot batch event with trace id 91758fbf-14a6-4778-b80a-46fe30348ecc
2026-03-25 18:54:58,013 - basicLogger - INFO - Received penalty batch event with trace id 1c77338e-9331-4b9b-9085-49b86fbc1799
2026-03-25 18:54:58,040 - basicLogger - INFO - Received shot batch event with trace id 4319e9dc-d9c0-4e5c-9aa8-1fbe1393e140
2026-03-25 18:54:58,047 - basicLogger - INFO - Received penalty batch event with trace id 24b23a81-dd47-4358-bfd4-114d14297e9e
2026-03-25 18:54:58,052 - basicLogger - INFO - Received shot batch event with trace id 4cbdf72c-ceb7-43d5-ad3d-e2f8a1afe8f6
2026-03-25 18:54:58,058 - basicLogger - INFO - Received penalty batch event with trace id 7ffd106f-22ba-4260-8046-85703d908ee9
2026-03-25 18:54:58,063 - basicLogger - INFO - Received shot batch event with trace id 1318be69-a05b-4150-9f72-cc9fc0c6a83f
2026-03-25 18:54:58,069 - basicLogger - INFO - Received penalty batch event with trace id c0c9a3e0-bec6-4f0d-9e88-d1a24571fb35
2026-03-25 18:54:58,074 - basicLogger - INFO - Received shot batch event with trace id 6b8ad93a-ec1e-48b7-8288-a43d9abf54bf
2026-03-25 18:54:58,079 - basicLogger - INFO - Received penalty batch event with trace id 265b8d7a-53ba-4dd6-9202-ba8537caeed4
2026-03-25 18:54:58,084 - basicLogger - INFO - Received shot batch event with trace id 6cad58e4-10c6-4d8d-a335-183b031e6e1e
2026-03-25 18:54:58,090 - basicLogger - INFO - Received penalty batch event with trace id 17017170-61dd-44b5-9774-22487f23a608
2026-03-25 18:54:58,097 - basicLogger - INFO - Received shot batch event with trace id cbe7b79e-9624-4a80-89dc-e859f5ec80d8
2026-03-25 18:54:58,102 - basicLogger - INFO - Received penalty batch event with trace id 00a22eeb-0abd-4c91-bf0e-d1ecfefe3c17
2026-03-25 18:54:58,108 - basicLogger - INFO - Received shot batch event with trace id 0525c2a3-d294-48de-b4ce-f99e4c65ad1a
2026-03-25 18:54:58,113 - basicLogger - INFO - Received penalty batch event with trace id 13a6b12a-bd34-4cf2-829e-f589ce057075
2026-03-25 18:54:58,117 - basicLogger - INFO - Received shot batch event with trace id 0ea32aab-baf5-4c7c-bbbf-2d5a92bb9b14
2026-03-25 18:54:58,123 - basicLogger - INFO - Received penalty batch event with trace id 804884a1-197e-44c9-b8cb-555ac8d1f8a8
2026-03-25 18:54:58,128 - basicLogger - INFO - Received shot batch event with trace id c304bbfe-c412-459c-9bb6-0da20d5aa37f
2026-03-25 18:54:58,134 - basicLogger - INFO - Received penalty batch event with trace id 320c6050-e5a6-47b3-9fcb-bd5dad354ba9
2026-03-25 18:54:58,140 - basicLogger - INFO - Received shot batch event with trace id 951fee02-6189-4ff9-a095-7b86250416a3
2026-03-25 18:54:58,145 - basicLogger - INFO - Received penalty batch event with trace id 97bc089e-7581-4717-80a5-1887175dbd59
2026-03-25 18:54:58,239 - basicLogger - INFO - Received shot batch event with trace id 962ec202-fd48-4f60-8e2a-762b2e6b1a16
2026-03-25 18:54:58,244 - basicLogger - INFO - Received penalty batch event with trace id bc65ce89-7f8d-429d-9da4-222b6c12ae66
2026-03-25 18:54:58,249 - basicLogger - INFO - Received shot batch event with trace id a1a1d360-49ab-43e0-90bd-85e37c06ea2e
2026-03-25 18:54:58,253 - basicLogger - INFO - Received penalty batch event with trace id 29298a29-6b6c-450a-a34e-df8a161f9d5d
2026-03-25 18:54:58,258 - basicLogger - INFO - Received shot batch event with trace id 457d146e-f6fe-4f9f-82f0-1fbe76b7a21a
2026-03-25 18:54:58,263 - basicLogger - INFO - Received penalty batch event with trace id ce2cdd37-9e04-4f9b-b224-6b748454bc87
2026-03-25 18:54:58,268 - basicLogger - INFO - Received shot batch event with trace id d99240ee-4fe9-42aa-93e7-ddcca850f5b8
2026-03-25 18:54:58,273 - basicLogger - INFO - Received penalty batch event with trace id 80a26bca-6af9-4fc5-8118-749d3d58818f
2026-03-25 18:54:58,278 - basicLogger - INFO - Received shot batch event with trace id e9016815-06d4-4e64-ac6d-be2f22575ab7
2026-03-25 18:54:58,283 - basicLogger - INFO - Received penalty batch event with trace id 1e607d2a-228b-46d1-911d-01ac093c59ed
2026-03-25 18:54:58,288 - basicLogger - INFO - Received shot batch event with trace id e229e727-9b55-44e7-8fdc-7a9d1b061f68
2026-03-25 18:54:58,292 - basicLogger - INFO - Received penalty batch event with trace id 62ca1593-7321-434b-901e-bc9f04d23551
2026-03-25 18:54:58,297 - basicLogger - INFO - Received shot batch event with trace id 9a8155a0-7876-45ea-aa9a-bac191cf5d3d
2026-03-25 18:54:58,301 - basicLogger - INFO - Received penalty batch event with trace id 62823172-b9e4-45b6-b22a-21640a3baa5b
2026-03-25 18:54:58,307 - basicLogger - INFO - Received shot batch event with trace id b80ffc54-85ea-43fc-89e6-e499d963f4fb
2026-03-25 18:54:58,311 - basicLogger - INFO - Received penalty batch event with trace id 7f82aa63-2875-4a42-9b68-014af05d578a
2026-03-25 18:54:58,316 - basicLogger - INFO - Received shot batch event with trace id 748b7fd0-52be-4228-a4ce-b5f3f73a6f78
2026-03-25 18:54:58,320 - basicLogger - INFO - Received penalty batch event with trace id 81a3db45-64ea-4766-b9f8-c1818ce328cb
2026-03-25 18:54:58,325 - basicLogger - INFO - Received shot batch event with trace id 1353b1f0-efde-496c-ba21-d811f293ebc4
2026-03-25 18:54:58,330 - basicLogger - INFO - Received penalty batch event with trace id b5edc009-5e4e-4215-b821-c1ce56f5ea97
2026-03-25 18:54:58,441 - basicLogger - INFO - Received shot batch event with trace id ba5d4b8b-fc7f-4373-a4d8-514ab8d667b3
2026-03-25 18:54:58,445 - basicLogger - INFO - Received penalty batch event with trace id 1204d239-ff18-4603-abdc-b2a6a4635e64
2026-03-25 18:54:58,450 - basicLogger - INFO - Received shot batch event with trace id 20575707-4205-42bb-bff4-b471663a4fe9
2026-03-25 18:54:58,454 - basicLogger - INFO - Received penalty batch event with trace id 1fc2650c-78b1-4c10-9baf-9de0958b36f6
2026-03-25 18:54:58,459 - basicLogger - INFO - Received shot batch event with trace id e830942d-d1e4-4986-a641-ad3068c655bb
2026-03-25 18:54:58,464 - basicLogger - INFO - Received penalty batch event with trace id 68cf2bca-40a5-4aa1-97e1-b5765c23a81c
2026-03-25 18:54:58,469 - basicLogger - INFO - Received shot batch event with trace id 7c43d23d-3893-4272-ba23-f7db3f852944
2026-03-25 18:54:58,473 - basicLogger - INFO - Received penalty batch event with trace id 74114671-fbd6-430a-8a86-c6c3e32a5142
2026-03-25 18:54:58,476 - basicLogger - INFO - Received shot batch event with trace id a4255a6b-2552-412b-be81-ae62a4232dec
2026-03-25 18:54:58,480 - basicLogger - INFO - Received penalty batch event with trace id de6e8892-bd68-49fb-b14a-cee878198c7d
2026-03-25 18:54:58,484 - basicLogger - INFO - Received shot batch event with trace id b6a633ac-2183-43ca-90d8-a626f410e5dd
2026-03-25 18:54:58,489 - basicLogger - INFO - Received penalty batch event with trace id b3350c72-1400-41bb-9b35-4db9d7f6d02c
2026-03-25 18:54:58,493 - basicLogger - INFO - Received shot batch event with trace id 93cf874a-427e-44d8-913e-227fdadc528f
2026-03-25 18:54:58,499 - basicLogger - INFO - Received penalty batch event with trace id d27a08b2-5c4b-4eef-9790-a04db0bc5121
2026-03-25 18:54:58,504 - basicLogger - INFO - Received shot batch event with trace id 13304e27-0c53-4f15-9913-7140e0b5086e
2026-03-25 18:54:58,508 - basicLogger - INFO - Received penalty batch event with trace id 3cdefbb4-26bd-49ef-9501-3222e0d7737e
2026-03-25 18:54:58,512 - basicLogger - INFO - Received shot batch event with trace id bf2ccfe0-7f01-4a2e-b573-6d287b07a8d1
2026-03-25 18:54:58,517 - basicLogger - INFO - Received penalty batch event with trace id c681ffd6-95be-48e3-9bbd-cf7a59728ff1
2026-03-25 18:54:58,522 - basicLogger - INFO - Received shot batch event with trace id 58453209-c89b-43d2-852d-ba28b74c0486
2026-03-25 18:54:58,526 - basicLogger - INFO - Received penalty batch event with trace id 9682c80b-0cce-4513-9edd-f3ce2aa3d14c
2026-03-25 18:54:58,640 - basicLogger - INFO - Received shot batch event with trace id 3f30e0a5-20d7-4fe3-9ff9-f232cbf99d98
2026-03-25 18:54:58,645 - basicLogger - INFO - Received penalty batch event with trace id 4d27bd62-41b2-402a-b7b0-5b1a4b107b8d
2026-03-25 18:54:58,649 - basicLogger - INFO - Received shot batch event with trace id 956eb142-2a9d-454b-823d-08491d296f8c
2026-03-25 18:54:58,688 - basicLogger - INFO - Received penalty batch event with trace id 77590cd2-7443-491c-9270-650b6d4bfce0
2026-03-25 18:54:58,696 - basicLogger - INFO - Received shot batch event with trace id 36f840fd-fa4e-4e14-ae70-5057b4c517b9
2026-03-25 18:54:58,704 - basicLogger - INFO - Received penalty batch event with trace id b24d97ba-9e30-41ad-beab-9bb319010015
2026-03-25 18:54:58,709 - basicLogger - INFO - Received shot batch event with trace id 89a26e93-9ba9-4a78-98e8-4585a1ec2286
2026-03-25 18:54:58,715 - basicLogger - INFO - Received penalty batch event with trace id dd2d0c1f-8ab1-44b7-9a98-0b509aad7f2b
2026-03-25 18:54:58,720 - basicLogger - INFO - Received shot batch event with trace id 1e527c3d-726b-41ea-8c25-b55f930601ec
2026-03-25 18:54:58,727 - basicLogger - INFO - Received penalty batch event with trace id c66dcdf0-5e6e-4bf2-a409-2f829eccd165
2026-03-25 18:54:58,733 - basicLogger - INFO - Received shot batch event with trace id de2d6a9a-8034-4d22-b8f2-eec3e99176c2
2026-03-25 18:54:58,738 - basicLogger - INFO - Received penalty batch event with trace id 75978ed5-b8c7-4fc2-8a67-3c6ef6179545
2026-03-25 18:54:58,743 - basicLogger - INFO - Received shot batch event with trace id 67b5ca34-fbab-4904-a68b-f1aec5841856
2026-03-25 18:54:58,749 - basicLogger - INFO - Received penalty batch event with trace id 7c1697c6-a93f-4ac6-811a-5aa2eaf73062
2026-03-25 18:54:58,756 - basicLogger - INFO - Received shot batch event with trace id 1da13048-0824-4903-bcdc-3030753c7b95
2026-03-25 18:54:58,761 - basicLogger - INFO - Received penalty batch event with trace id e0f12c10-26a8-4983-b867-784a7d96fca2
2026-03-25 18:54:58,768 - basicLogger - INFO - Received shot batch event with trace id 0b1f5950-c6a3-4006-850f-7ef7d2201dbc
2026-03-25 18:54:58,774 - basicLogger - INFO - Received penalty batch event with trace id ba661075-eeab-469f-91ac-e86611fc89d3
2026-03-25 18:54:58,780 - basicLogger - INFO - Received shot batch event with trace id 9931ae67-7a6c-4240-be9e-31ec9252daee
2026-03-25 18:54:58,785 - basicLogger - INFO - Received penalty batch event with trace id ce54a1f7-c06c-4bb8-8a2d-9df3a2c1fb89
2026-03-25 19:01:39,957 - basicLogger - INFO - Received shot batch event with trace id b7f799d0-6d72-4f38-8fb1-9acea481e4e3
2026-03-25 19:01:39,993 - basicLogger - INFO - Received penalty batch event with trace id 29b95437-f8f8-4cca-856f-5091be41d1ee
2026-03-25 19:01:40,000 - basicLogger - INFO - Received shot batch event with trace id 8cb7531a-d374-4d4e-84e5-dbcd6a969e79
2026-03-25 19:01:40,005 - basicLogger - INFO - Received penalty batch event with trace id 2c69e494-2199-4d05-8201-a3ebf03df7bc
2026-03-25 19:01:40,010 - basicLogger - INFO - Received shot batch event with trace id 52088c91-4c9f-4452-ad0f-37172bdb3437
2026-03-25 19:01:40,016 - basicLogger - INFO - Received penalty batch event with trace id 07839ea8-14f5-4754-9509-b411b05ff765
2026-03-25 19:01:40,020 - basicLogger - INFO - Received shot batch event with trace id 952e9573-c479-4eca-a1a0-f6ae5a4fe1c8
2026-03-25 19:01:40,025 - basicLogger - INFO - Received penalty batch event with trace id 521d971a-4703-4a0c-a61a-14da017bea0e
2026-03-25 19:01:40,029 - basicLogger - INFO - Received shot batch event with trace id 1750868f-803c-42e4-966a-ca320ed1fef0
2026-03-25 19:01:40,034 - basicLogger - INFO - Received penalty batch event with trace id 39a081c7-b691-4b09-822f-01f33ced3d3a
2026-03-25 19:01:40,039 - basicLogger - INFO - Received shot batch event with trace id 968d50e4-4da6-4b5b-9852-37035b37a748
2026-03-25 19:01:40,044 - basicLogger - INFO - Received penalty batch event with trace id 7949cf04-3b91-42b3-af29-04c3f07c30e8
2026-03-25 19:01:40,049 - basicLogger - INFO - Received shot batch event with trace id 2a8df49e-2994-49a4-be74-e4f31c1eeebb
2026-03-25 19:01:40,054 - basicLogger - INFO - Received penalty batch event with trace id 8f0b162b-c846-4924-a2a9-17708c6fe68d
2026-03-25 19:01:40,059 - basicLogger - INFO - Received shot batch event with trace id 1833775c-3a91-4010-86d2-f1954bd1b947
2026-03-25 19:01:40,063 - basicLogger - INFO - Received penalty batch event with trace id 22dc1097-576d-456c-8a16-48ba2a5f638d
2026-03-25 19:01:40,069 - basicLogger - INFO - Received shot batch event with trace id b037bb8a-7fae-4708-94af-3c97426e13f3
2026-03-25 19:01:40,073 - basicLogger - INFO - Received penalty batch event with trace id f0610b9c-2431-47e0-900b-81b909f9b874
2026-03-25 19:01:40,077 - basicLogger - INFO - Received shot batch event with trace id 4487c61a-ac7d-483a-953e-0bca92d2d5cb
2026-03-25 19:01:40,082 - basicLogger - INFO - Received penalty batch event with trace id 2c6e5a59-68be-4f7c-9810-32ad25816b91
2026-03-25 19:01:40,152 - basicLogger - INFO - Received shot batch event with trace id 4aa70331-b4a5-49f8-9136-24fae065aecc
2026-03-25 19:01:40,158 - basicLogger - INFO - Received penalty batch event with trace id 10006cbc-8a78-4762-b136-67750722c7d5
2026-03-25 19:01:40,163 - basicLogger - INFO - Received shot batch event with trace id bd5cd104-a944-4e1f-be69-214c59059330
2026-03-25 19:01:40,169 - basicLogger - INFO - Received penalty batch event with trace id 0f89ca71-ee79-4851-b0e1-3e79f31a8999
2026-03-25 19:01:40,173 - basicLogger - INFO - Received shot batch event with trace id aafb2254-1add-487c-a90d-983e3fc9ae94
2026-03-25 19:01:40,178 - basicLogger - INFO - Received penalty batch event with trace id d7f07b84-fc47-44b3-b147-2ed1929f1b99
2026-03-25 19:01:40,184 - basicLogger - INFO - Received shot batch event with trace id e35be1c4-87bf-43ee-afd3-5cfe8013f770
2026-03-25 19:01:40,189 - basicLogger - INFO - Received penalty batch event with trace id d95d2f5f-ec3c-41e0-9bdc-c1df9c364e7a
2026-03-25 19:01:40,226 - basicLogger - INFO - Received shot batch event with trace id 86aa5195-5a5b-4601-abd3-ab4c950a144b
2026-03-25 19:01:40,234 - basicLogger - INFO - Received penalty batch event with trace id 077d8642-e20a-4955-99cf-23f7bd699e13
2026-03-25 19:01:40,240 - basicLogger - INFO - Received shot batch event with trace id 9efe677f-b295-4aaa-a6b7-c0214d8a83da
2026-03-25 19:01:40,245 - basicLogger - INFO - Received penalty batch event with trace id 7477813a-ff70-4ea6-a11b-4039055d0227
2026-03-25 19:01:40,251 - basicLogger - INFO - Received shot batch event with trace id e1a99b3c-d58a-42bb-99b5-04af8e32eea4
2026-03-25 19:01:40,256 - basicLogger - INFO - Received penalty batch event with trace id 30741cb9-4260-4de0-b7de-2af9ea9220de
2026-03-25 19:01:40,261 - basicLogger - INFO - Received shot batch event with trace id adeef08f-355f-42e2-8390-3f7a0aa85649
2026-03-25 19:01:40,267 - basicLogger - INFO - Received penalty batch event with trace id 4a2a7ba1-0f35-4fe3-9902-b7df3d62bfba
2026-03-25 19:01:40,272 - basicLogger - INFO - Received shot batch event with trace id bce64ecb-1331-4e65-93d4-a72306c33ae3
2026-03-25 19:01:40,277 - basicLogger - INFO - Received penalty batch event with trace id f1f00be5-3a04-4119-b4a4-7cf486d54d14
2026-03-25 19:01:40,283 - basicLogger - INFO - Received shot batch event with trace id 47acf7eb-2945-4968-b128-8f57e0c44892
2026-03-25 19:01:40,288 - basicLogger - INFO - Received penalty batch event with trace id 75f84f8c-a732-46db-ad70-d5b095aaf749
2026-03-25 19:01:40,352 - basicLogger - INFO - Received shot batch event with trace id 059b35c1-8401-4305-bae9-3add8a61351b
2026-03-25 19:01:40,357 - basicLogger - INFO - Received penalty batch event with trace id 874fbf68-41e3-47eb-b220-90a61b78d789
2026-03-25 19:01:40,361 - basicLogger - INFO - Received shot batch event with trace id 80b90994-1d9e-4d7e-a824-74081204a575
2026-03-25 19:01:40,365 - basicLogger - INFO - Received penalty batch event with trace id af1eaee5-18c1-4e62-ab2f-43c308eb8b8e
2026-03-25 19:01:40,370 - basicLogger - INFO - Received shot batch event with trace id ad86f102-c4a4-43c5-b6be-f1bc2cfae660
2026-03-25 19:01:40,375 - basicLogger - INFO - Received penalty batch event with trace id 9f11b315-3f51-48aa-8713-79585c46d08c
2026-03-25 19:01:40,379 - basicLogger - INFO - Received shot batch event with trace id 5f1c1de8-bbd8-45c2-a21b-2ab0069b4455
2026-03-25 19:01:40,384 - basicLogger - INFO - Received penalty batch event with trace id 25f5b496-a148-4204-bdfd-0b03052444df
2026-03-25 19:01:40,388 - basicLogger - INFO - Received shot batch event with trace id 9e7900bb-ec59-4d82-90d6-895f1c9d3c3c
2026-03-25 19:01:40,393 - basicLogger - INFO - Received penalty batch event with trace id 4e91f03f-2c6b-422b-b034-ec049f1652cd
2026-03-25 19:01:40,397 - basicLogger - INFO - Received shot batch event with trace id 1b4b7605-7726-4ce0-87b0-20c93af99269
2026-03-25 19:01:40,402 - basicLogger - INFO - Received penalty batch event with trace id 442cc988-65f7-4cbc-9b95-3ab35f1e1202
2026-03-25 19:01:40,407 - basicLogger - INFO - Received shot batch event with trace id 94a0fd01-a12c-4385-95ac-44ffe52aca2f
2026-03-25 19:01:40,412 - basicLogger - INFO - Received penalty batch event with trace id 7494bc54-5b2f-45c0-bd53-492158a9eef1
2026-03-25 19:01:40,417 - basicLogger - INFO - Received shot batch event with trace id 24e4f622-cf12-41c1-8dde-001724b3180c
2026-03-25 19:01:40,421 - basicLogger - INFO - Received penalty batch event with trace id 5bac96ab-0932-4224-aa57-3e55a06e5907
2026-03-25 19:01:40,426 - basicLogger - INFO - Received shot batch event with trace id 5ea0ca29-bad7-4ed8-b9ab-2c6927ffa783
2026-03-25 19:01:40,431 - basicLogger - INFO - Received penalty batch event with trace id 46543a11-fe9a-4dc5-81f2-fc194caa4d0d
2026-03-25 19:01:40,436 - basicLogger - INFO - Received shot batch event with trace id 836df008-8125-45dc-9604-ba43bbbbdba2
2026-03-25 19:01:40,441 - basicLogger - INFO - Received penalty batch event with trace id e5db11e8-187a-44d1-86d7-074279dd9b6e
2026-03-25 19:01:40,555 - basicLogger - INFO - Received shot batch event with trace id aa180627-9c9e-4aa9-9d43-a08444128855
2026-03-25 19:01:40,561 - basicLogger - INFO - Received penalty batch event with trace id 2b926f99-88d2-40cd-b588-ecc85eefb7f6
2026-03-25 19:01:40,567 - basicLogger - INFO - Received shot batch event with trace id 7c6918a8-12dd-4551-9cc4-19098bda7292
2026-03-25 19:01:40,571 - basicLogger - INFO - Received penalty batch event with trace id 55fd2a82-a7de-48f5-9d32-3b842d800b0d
2026-03-25 19:01:40,576 - basicLogger - INFO - Received shot batch event with trace id db776006-23d6-4a1e-a879-4b0a9da5dc13
2026-03-25 19:01:40,580 - basicLogger - INFO - Received penalty batch event with trace id 3ab14c29-7b4b-4e4d-90fd-36807bcd4e8d
2026-03-25 19:01:40,585 - basicLogger - INFO - Received shot batch event with trace id ca69e6b4-ced8-4dbb-a305-c084b39aabec
2026-03-25 19:01:40,589 - basicLogger - INFO - Received penalty batch event with trace id 1d679b6f-2249-48b0-a2db-09af8b0ff90a
2026-03-25 19:01:40,594 - basicLogger - INFO - Received shot batch event with trace id 9a1db2f3-1987-41bb-ad34-742dbd79be93
2026-03-25 19:01:40,598 - basicLogger - INFO - Received penalty batch event with trace id 54557439-1308-4a3f-b048-c348daf84785
2026-03-25 19:01:40,602 - basicLogger - INFO - Received shot batch event with trace id c5205c5a-e682-4a24-afc5-5080853a1e6c
2026-03-25 19:01:40,607 - basicLogger - INFO - Received penalty batch event with trace id 16bc5f9f-2036-4ac9-ba4c-c995364bf8a5
2026-03-25 19:01:40,612 - basicLogger - INFO - Received shot batch event with trace id 6f27b45f-77d7-4c21-8b32-997384fad36d
2026-03-25 19:01:40,616 - basicLogger - INFO - Received penalty batch event with trace id 5c8d9af3-8257-4b40-94b3-c52f3e537622
2026-03-25 19:01:40,621 - basicLogger - INFO - Received shot batch event with trace id 1dcf59b9-9c4b-4e5b-88f0-6b63e6664f50
2026-03-25 19:01:40,624 - basicLogger - INFO - Received penalty batch event with trace id e83caaee-46a5-4c97-9084-816b98bc2592
2026-03-25 19:01:40,628 - basicLogger - INFO - Received shot batch event with trace id 4f6209da-733d-47aa-b9bf-cfb573e78229
2026-03-25 19:01:40,633 - basicLogger - INFO - Received penalty batch event with trace id cc832674-00dc-44dd-b0ba-f9d067ca903e
2026-03-25 19:01:40,637 - basicLogger - INFO - Received shot batch event with trace id 136308b8-8fe2-4877-9925-a733506167cf
2026-03-25 19:01:40,641 - basicLogger - INFO - Received penalty batch event with trace id 1e87d942-f5bc-4bbe-95cf-2a18c0883460
2026-03-25 19:01:40,751 - basicLogger - INFO - Received shot batch event with trace id 8458b329-7b1d-4c46-a194-f045cdfef449
2026-03-25 19:01:40,756 - basicLogger - INFO - Received penalty batch event with trace id 1e16f60b-6d17-4c27-8d3c-17382e776e91
2026-03-25 19:01:40,761 - basicLogger - INFO - Received shot batch event with trace id ca55aa9c-e984-460c-9a03-be74ca717701
2026-03-25 19:01:40,766 - basicLogger - INFO - Received penalty batch event with trace id 4b42ba4a-7e8d-4440-b328-47cf18d0dd80
2026-03-25 19:01:40,771 - basicLogger - INFO - Received shot batch event with trace id 45dfdd70-2696-4a66-a294-50ac1b5b7949
2026-03-25 19:01:40,776 - basicLogger - INFO - Received penalty batch event with trace id ccacf8a2-1899-4c3d-bf3a-5ece40dbe9f0
2026-03-25 19:01:40,783 - basicLogger - INFO - Received shot batch event with trace id b68635db-7e1d-4730-8bb2-bd383453acca
2026-03-25 19:01:40,790 - basicLogger - INFO - Received penalty batch event with trace id 5faab282-584b-400e-8292-ab664d52409b
2026-03-25 19:01:40,796 - basicLogger - INFO - Received shot batch event with trace id bf20d2c7-3e12-49c1-b490-3f8b412566a8
2026-03-25 19:01:40,803 - basicLogger - INFO - Received penalty batch event with trace id e04105ec-5ae4-4e35-8c1d-4e069e60a07f
2026-03-25 19:01:40,808 - basicLogger - INFO - Received shot batch event with trace id f198a5b9-3694-4b85-bef0-208485e33a08
2026-03-25 19:01:40,812 - basicLogger - INFO - Received penalty batch event with trace id 0b9422bb-eda7-49dd-b167-3220459867a1
2026-03-25 19:01:40,817 - basicLogger - INFO - Received shot batch event with trace id c393b1f1-bd0d-4a04-a3c1-cd5c7b2e67be
2026-03-25 19:01:40,822 - basicLogger - INFO - Received penalty batch event with trace id 46d255fe-7960-4b58-97ec-7c91f67e09f8
2026-03-25 19:01:40,826 - basicLogger - INFO - Received shot batch event with trace id 854e0c9d-3ab5-4479-ad3b-9bed315f1a94
2026-03-25 19:01:40,830 - basicLogger - INFO - Received penalty batch event with trace id 691ac432-b9f4-4518-ae50-323b087f5c89
2026-03-25 19:01:40,836 - basicLogger - INFO - Received shot batch event with trace id b0d1de8f-25b2-4c05-9aab-c835286f261a
2026-03-25 19:01:40,840 - basicLogger - INFO - Received penalty batch event with trace id 0f610ddc-8f44-496b-94aa-98d5ae00d0ae
2026-03-25 19:01:40,846 - basicLogger - INFO - Received shot batch event with trace id e4fd0a4d-6e06-4e18-a641-c37e6cd954b3
2026-03-25 19:01:40,852 - basicLogger - INFO - Received penalty batch event with trace id 34c2e9fa-c099-44cf-98f3-471ab43428a9
2026-03-25 19:12:37,052 - basicLogger - INFO - Received shot batch event with trace id 6254c4fb-7c10-4827-8fa5-e1d9d5437c0a
2026-03-25 19:12:37,092 - basicLogger - INFO - Received penalty batch event with trace id 9825dcc1-b826-47db-97a7-2b3c6033a31d
2026-03-25 19:12:37,102 - basicLogger - INFO - Received shot batch event with trace id cd4d5ed2-244b-4c31-a6be-481f4f89fe35
2026-03-25 19:12:37,108 - basicLogger - INFO - Received penalty batch event with trace id 9aec5d93-a9d5-461e-80c5-ca4dd66c8fc0
2026-03-25 19:12:37,114 - basicLogger - INFO - Received shot batch event with trace id 30646e90-66a0-4a41-b6e3-2afffde83678
2026-03-25 19:12:37,119 - basicLogger - INFO - Received penalty batch event with trace id 69231f00-8089-4152-8b36-4e8a97274bdc
2026-03-25 19:12:37,124 - basicLogger - INFO - Received shot batch event with trace id 209e3e59-bcce-4508-816f-1a31c338f359
2026-03-25 19:12:37,129 - basicLogger - INFO - Received penalty batch event with trace id 6088a2c5-86b7-4230-98f8-6421f57e3669
2026-03-25 19:12:37,135 - basicLogger - INFO - Received shot batch event with trace id 5ac5d5a2-0bb6-4905-8c79-a36dda880b09
2026-03-25 19:12:37,141 - basicLogger - INFO - Received penalty batch event with trace id c8ac8a73-d8dd-4d26-9482-9062b8d6e07d
2026-03-25 19:12:37,148 - basicLogger - INFO - Received shot batch event with trace id b76fafb7-f4ff-4a32-a85f-072a667a400a
2026-03-25 19:12:37,155 - basicLogger - INFO - Received penalty batch event with trace id 0176ffdc-3356-4e52-9581-83b1f1889851
2026-03-25 19:12:37,163 - basicLogger - INFO - Received shot batch event with trace id ca0b8eb2-d45b-42e5-9f07-58aa7ef448c2
2026-03-25 19:12:37,169 - basicLogger - INFO - Received penalty batch event with trace id 5c057128-04f7-4b03-b6cb-a9c8f4b12858
2026-03-25 19:12:37,175 - basicLogger - INFO - Received shot batch event with trace id 4f9918a1-a28d-41da-8fe5-4dda151a5943
2026-03-25 19:12:37,181 - basicLogger - INFO - Received penalty batch event with trace id 3af90f93-ffd4-43c9-bb72-08b4bf3ac511
2026-03-25 19:12:37,186 - basicLogger - INFO - Received shot batch event with trace id 493ac227-da8c-40d1-a3de-83eb7d4421c6
2026-03-25 19:12:37,191 - basicLogger - INFO - Received penalty batch event with trace id a09ea552-c330-4bf0-87cb-372a67d71815
2026-03-25 19:12:37,197 - basicLogger - INFO - Received shot batch event with trace id 3216cead-f7b8-4631-bebf-01e834b67d31
2026-03-25 19:12:37,202 - basicLogger - INFO - Received penalty batch event with trace id abd9cac9-e749-4e01-89b5-924e643faf45
2026-03-25 19:12:37,245 - basicLogger - INFO - Received shot batch event with trace id 7ef3d0bd-6040-4aee-81c3-fbedeb9676d7
2026-03-25 19:12:37,250 - basicLogger - INFO - Received penalty batch event with trace id 7681c083-30e3-41b1-aeed-9bf6e715dab4
2026-03-25 19:12:37,255 - basicLogger - INFO - Received shot batch event with trace id 3bc2a88f-9538-4f07-90d8-1c10f76137c4
2026-03-25 19:12:37,261 - basicLogger - INFO - Received penalty batch event with trace id 1a970deb-0287-41d9-9d50-8c9157dc5f74
2026-03-25 19:12:37,266 - basicLogger - INFO - Received shot batch event with trace id bb8627c6-def1-40fe-a0c3-6c15b9069dbe
2026-03-25 19:12:37,271 - basicLogger - INFO - Received penalty batch event with trace id 2a04f791-253d-4850-9115-5422806ad1d6
2026-03-25 19:12:37,276 - basicLogger - INFO - Received shot batch event with trace id 1e62c5f0-42f4-4d45-9ae6-27061f962f4f
2026-03-25 19:12:37,282 - basicLogger - INFO - Received penalty batch event with trace id 4cdd2da5-f78a-4790-8ccf-3673667e3f0c
2026-03-25 19:12:37,287 - basicLogger - INFO - Received shot batch event with trace id 92524bf4-d9d1-4075-9bd1-57bb55be380a
2026-03-25 19:12:37,292 - basicLogger - INFO - Received penalty batch event with trace id 9e09ed10-106b-455f-a6c6-6672d584be86
2026-03-25 19:12:37,297 - basicLogger - INFO - Received shot batch event with trace id 84b41465-f17f-4f63-9270-249fa7ac4baa
2026-03-25 19:12:37,301 - basicLogger - INFO - Received penalty batch event with trace id b55d3340-f2b8-4e9f-809c-74e8dcfe66c8
2026-03-25 19:12:37,306 - basicLogger - INFO - Received shot batch event with trace id ed712664-0528-43ed-9a98-581a64a29fb9
2026-03-25 19:12:37,311 - basicLogger - INFO - Received penalty batch event with trace id a0e9cbf4-9e5a-452e-9e6a-1e4df1ab58ba
2026-03-25 19:12:37,315 - basicLogger - INFO - Received shot batch event with trace id 0b96732b-8bc5-40d4-bf91-fa305908b0e0
2026-03-25 19:12:37,320 - basicLogger - INFO - Received penalty batch event with trace id 515a9f14-aba4-4971-8100-5bc5fc3ff886
2026-03-25 19:12:37,325 - basicLogger - INFO - Received shot batch event with trace id d2a58af7-d004-4bb7-ae3b-a3beaefc6c2b
2026-03-25 19:12:37,329 - basicLogger - INFO - Received penalty batch event with trace id c2c7b034-10ea-4d77-b812-7aa078a246ab
2026-03-25 19:12:37,335 - basicLogger - INFO - Received shot batch event with trace id 95f6a40c-8e16-4501-8c2e-66ceed134637
2026-03-25 19:12:37,340 - basicLogger - INFO - Received penalty batch event with trace id f7f74e2f-1da1-4f73-9c7b-5e1dc6002c1b
2026-03-25 19:12:37,442 - basicLogger - INFO - Received shot batch event with trace id d88f90a7-ae3a-4d81-ab79-83f4ac9d7ab8
2026-03-25 19:12:37,451 - basicLogger - INFO - Received penalty batch event with trace id 623bd30f-cf74-4bb4-aa22-25b6aed6ff39
2026-03-25 19:12:37,458 - basicLogger - INFO - Received shot batch event with trace id d993f60f-6b14-45b0-888a-4d733009c196
2026-03-25 19:12:37,466 - basicLogger - INFO - Received penalty batch event with trace id 33899240-0c98-4d14-8624-5f790cf48301
2026-03-25 19:12:37,473 - basicLogger - INFO - Received shot batch event with trace id 7ab6665d-154d-406c-a2bf-f965c58f11f9
2026-03-25 19:12:37,480 - basicLogger - INFO - Received penalty batch event with trace id f6b2523c-6f88-4cc5-aec8-8ae66adb28c8
2026-03-25 19:12:37,487 - basicLogger - INFO - Received shot batch event with trace id 573c2761-c4c7-4589-ba8d-870e4d1c8e2a
2026-03-25 19:12:37,494 - basicLogger - INFO - Received penalty batch event with trace id 1937c0db-30e8-4561-b2ef-db369dba4e14
2026-03-25 19:12:37,502 - basicLogger - INFO - Received shot batch event with trace id edc3f60b-ce2c-49e9-9129-8006c0b9a897
2026-03-25 19:12:37,511 - basicLogger - INFO - Received penalty batch event with trace id b464443d-07a0-4fe7-aa50-25d389c5c781
2026-03-25 19:12:37,517 - basicLogger - INFO - Received shot batch event with trace id d3f66459-99cd-4385-8be9-62c682f6807a
2026-03-25 19:12:37,524 - basicLogger - INFO - Received penalty batch event with trace id 393e7792-0921-4fc7-ab53-b92be7082514
2026-03-25 19:12:37,531 - basicLogger - INFO - Received shot batch event with trace id 0d0d3954-0e6b-4b65-b74e-eb536a2f1eac
2026-03-25 19:12:37,538 - basicLogger - INFO - Received penalty batch event with trace id e44c57ac-f4fe-4537-b753-ad399d3943de
2026-03-25 19:12:37,545 - basicLogger - INFO - Received shot batch event with trace id a43b218f-e3fc-4bf1-9bee-fa4b732263be
2026-03-25 19:12:37,553 - basicLogger - INFO - Received penalty batch event with trace id e931a26b-7945-4a37-9cb7-5c298bde2279
2026-03-25 19:12:37,561 - basicLogger - INFO - Received shot batch event with trace id fc8a3958-36a5-40f2-9dbc-7dffe63826e2
2026-03-25 19:12:37,569 - basicLogger - INFO - Received penalty batch event with trace id 40ec3b90-2904-4cd7-8c94-7c7af81aa089
2026-03-25 19:12:37,577 - basicLogger - INFO - Received shot batch event with trace id 80a0b7a0-f8e1-49c3-99d4-bc3c2c702657
2026-03-25 19:12:37,583 - basicLogger - INFO - Received penalty batch event with trace id ecb790b8-4b6f-4b65-b49f-d405b43316d4
2026-03-25 19:12:37,642 - basicLogger - INFO - Received shot batch event with trace id 68f8326f-a407-4edd-a4ef-2b6d755093e5
2026-03-25 19:12:37,650 - basicLogger - INFO - Received penalty batch event with trace id d8cf69ce-d6b5-419d-9cf6-0cd928fd6ce5
2026-03-25 19:12:37,657 - basicLogger - INFO - Received shot batch event with trace id 09c03d4e-71e2-452e-9810-3a91dfae5651
2026-03-25 19:12:37,664 - basicLogger - INFO - Received penalty batch event with trace id a728a20f-1c05-4841-9ce7-7a8117001cce
2026-03-25 19:12:37,670 - basicLogger - INFO - Received shot batch event with trace id ec81a422-12ef-45bb-9155-28e77c0469c1
2026-03-25 19:12:37,677 - basicLogger - INFO - Received penalty batch event with trace id a5a982ba-c452-46f6-8a47-7e46db423018
2026-03-25 19:12:37,684 - basicLogger - INFO - Received shot batch event with trace id 12dab481-7f70-470f-85ce-fb20145e50f9
2026-03-25 19:12:37,691 - basicLogger - INFO - Received penalty batch event with trace id 43a73978-9b2d-4b50-ba94-2a730d4ebae9
2026-03-25 19:12:37,697 - basicLogger - INFO - Received shot batch event with trace id 6313cd48-8f3c-4a6d-b0c1-859f9c8474d1
2026-03-25 19:12:37,703 - basicLogger - INFO - Received penalty batch event with trace id f1221599-9074-44d6-92d8-9799219b89a0
2026-03-25 19:12:37,708 - basicLogger - INFO - Received shot batch event with trace id aeb4adc7-46d6-4e1f-96e9-14ab856ebf79
2026-03-25 19:12:37,715 - basicLogger - INFO - Received penalty batch event with trace id 9be86881-a096-4726-9a99-1d63d8df91bf
2026-03-25 19:12:37,720 - basicLogger - INFO - Received shot batch event with trace id f1a79209-43ed-4b3c-87fc-bafd63c630f4
2026-03-25 19:12:37,726 - basicLogger - INFO - Received penalty batch event with trace id 94b80d1a-4617-4102-b4dd-5c0f24a82d80
2026-03-25 19:12:37,732 - basicLogger - INFO - Received shot batch event with trace id 71988eec-d4f1-4bde-8c9a-8b78719c3cd9
2026-03-25 19:12:37,738 - basicLogger - INFO - Received penalty batch event with trace id 49c4458c-e4fa-4c3b-9659-7ba7d36cc1da
2026-03-25 19:12:37,743 - basicLogger - INFO - Received shot batch event with trace id be16d0f3-c99e-49f7-9aaa-be0cdfb6b57f
2026-03-25 19:12:37,749 - basicLogger - INFO - Received penalty batch event with trace id 9f55ccce-f77c-4d6a-a755-7f30b4de41cd
2026-03-25 19:12:37,755 - basicLogger - INFO - Received shot batch event with trace id 52ef06ff-2d07-4a35-bfc7-d43b4812bdca
2026-03-25 19:12:37,761 - basicLogger - INFO - Received penalty batch event with trace id 6a50fc30-f7e4-41d0-b596-4a7d6cddd085
2026-03-25 19:12:37,841 - basicLogger - INFO - Received shot batch event with trace id cf8f169d-fd90-4de5-a436-7089d3a99172
2026-03-25 19:12:37,846 - basicLogger - INFO - Received penalty batch event with trace id 23e4f29b-5621-4a9e-800e-38d2f52782f9
2026-03-25 19:12:37,850 - basicLogger - INFO - Received shot batch event with trace id d4a02526-afb7-4e54-8d61-a9b9ea2d84e2
2026-03-25 19:12:37,854 - basicLogger - INFO - Received penalty batch event with trace id defc6258-9c1f-48fa-9068-d6336ee151a6
2026-03-25 19:12:37,859 - basicLogger - INFO - Received shot batch event with trace id f4f0a74b-8628-48b6-ae59-788eb756aab3
2026-03-25 19:12:37,864 - basicLogger - INFO - Received penalty batch event with trace id 3f0b530c-6a2c-4b58-97d0-881989e2e5c5
2026-03-25 19:12:37,869 - basicLogger - INFO - Received shot batch event with trace id b54cd29f-5978-44ef-82e4-b4def887716a
2026-03-25 19:12:37,874 - basicLogger - INFO - Received penalty batch event with trace id 6a40f342-6606-4518-b021-c27910fab74d
2026-03-25 19:12:37,878 - basicLogger - INFO - Received shot batch event with trace id d441b2d1-ed55-4b93-8edd-28cde7556983
2026-03-25 19:12:37,883 - basicLogger - INFO - Received penalty batch event with trace id 1a291bdd-d90d-4b53-8020-8b58bb949f25
2026-03-25 19:12:37,930 - basicLogger - INFO - Received shot batch event with trace id 97cb89cc-ae79-43b9-994a-740414f42c84
2026-03-25 19:12:37,936 - basicLogger - INFO - Received penalty batch event with trace id 382180a1-b5f8-4715-bc1a-bde8cf4ae853
2026-03-25 19:12:37,941 - basicLogger - INFO - Received shot batch event with trace id 7f674265-7b70-4547-9610-cdcf56d5da9b
2026-03-25 19:12:37,946 - basicLogger - INFO - Received penalty batch event with trace id e137a598-60b9-4d53-9ee9-e7ddf8fa733b
2026-03-25 19:12:37,951 - basicLogger - INFO - Received shot batch event with trace id fd781bb2-b136-488d-a6df-075466670300
2026-03-25 19:12:37,956 - basicLogger - INFO - Received penalty batch event with trace id dcddb809-0b51-48b7-9605-8aead2ae8102
2026-03-25 19:12:37,962 - basicLogger - INFO - Received shot batch event with trace id f6f182f5-a78c-4515-a497-e82e9d078a78
2026-03-25 19:12:37,967 - basicLogger - INFO - Received penalty batch event with trace id 76df6b95-2bb1-4570-ad58-340a2f0ec506
2026-03-25 19:12:37,971 - basicLogger - INFO - Received shot batch event with trace id f480d998-ccb6-4f4d-b261-a04d46007ef8
2026-03-25 19:12:37,975 - basicLogger - INFO - Received penalty batch event with trace id 1ccfb349-9b50-4b7d-8709-ee96d4b05bbe
2026-04-01 18:14:08,226 - basicLogger - INFO - Received shot batch event with trace id 0026b47f-dac6-46a4-8cf6-52b9cb688eab
2026-04-01 18:14:08,255 - basicLogger - INFO - Received penalty batch event with trace id add77194-0786-4d5e-a0e8-ec67edefbcfe
2026-04-01 18:14:08,262 - basicLogger - INFO - Received shot batch event with trace id dd5fe255-3d6e-4145-8b92-e2763a493876
2026-04-01 18:14:08,270 - basicLogger - INFO - Received penalty batch event with trace id 5ba8995d-af60-43dd-b5b1-7fb0c1eec841
2026-04-01 18:14:08,277 - basicLogger - INFO - Received shot batch event with trace id 24338491-05b4-4082-8acf-4f2ee7ab399e
2026-04-01 18:14:08,284 - basicLogger - INFO - Received penalty batch event with trace id e28d0ad6-0d37-4907-8044-16360dc6ef98
2026-04-01 18:14:08,290 - basicLogger - INFO - Received shot batch event with trace id aae8b855-b783-4313-82e0-e2ac892677dd
2026-04-01 18:14:08,297 - basicLogger - INFO - Received penalty batch event with trace id b2a95a9a-e70f-4ed6-8838-b3a54109672a
2026-04-01 18:14:08,303 - basicLogger - INFO - Received shot batch event with trace id b4113d46-e6fc-48b8-8af2-e95675a08857
2026-04-01 18:14:08,310 - basicLogger - INFO - Received penalty batch event with trace id 202a2980-eea1-49b6-93fd-bd12a48dfdf8
2026-04-01 18:14:08,317 - basicLogger - INFO - Received shot batch event with trace id d740eb3a-0dd6-4452-ada9-86f53ca66748
2026-04-01 18:14:08,324 - basicLogger - INFO - Received penalty batch event with trace id dbcb1e26-6067-434c-afe5-c556d797fe6b
2026-04-01 18:14:08,331 - basicLogger - INFO - Received shot batch event with trace id 08d900ff-b9b8-46d0-ab75-713205265e6d
2026-04-01 18:14:08,336 - basicLogger - INFO - Received penalty batch event with trace id 88722f84-13c7-4200-9240-53c84bc698d6
2026-04-01 18:14:08,342 - basicLogger - INFO - Received shot batch event with trace id 35004170-513e-4df2-85ec-c406fa8f2e3c
2026-04-01 18:14:08,348 - basicLogger - INFO - Received penalty batch event with trace id 0f98c3bf-4c51-44f3-b8d8-5128f888b66f
2026-04-01 18:14:08,356 - basicLogger - INFO - Received shot batch event with trace id c9713caa-83d8-4f88-b658-b468f5fdee17
2026-04-01 18:14:08,362 - basicLogger - INFO - Received penalty batch event with trace id 9e3284ab-f345-46cd-b742-7a340d145b1c
2026-04-01 18:14:08,368 - basicLogger - INFO - Received shot batch event with trace id 4218f8f3-e05f-4d48-a5b8-779571afd84f
2026-04-01 18:14:08,377 - basicLogger - INFO - Received penalty batch event with trace id b16a82e3-8154-4498-9b8e-e8975df451a8
2026-04-01 18:14:08,378 - basicLogger - INFO - Received shot batch event with trace id 4f2a53af-c0d2-4bd0-b80d-529ebfcde1c4
2026-04-01 18:14:08,391 - basicLogger - INFO - Received penalty batch event with trace id 35c7691a-88fc-42d4-942e-2c74e542c287
2026-04-01 18:14:08,401 - basicLogger - INFO - Received shot batch event with trace id b4fa8983-de61-4ee3-8fd2-49f1613710d2
2026-04-01 18:14:08,410 - basicLogger - INFO - Received penalty batch event with trace id 5e1ec51b-3c34-478e-a95e-c040af2b55a0
2026-04-01 18:14:08,421 - basicLogger - INFO - Received shot batch event with trace id c5d8dc66-d0be-4de8-8c2c-9c19d0f7c125
2026-04-01 18:14:08,432 - basicLogger - INFO - Received penalty batch event with trace id fd4809a2-9b4e-4a74-ade2-ae0cb4c7dfbe
2026-04-01 18:14:08,441 - basicLogger - INFO - Received shot batch event with trace id 0dec0d3a-a7d1-48fe-b492-475780a4856e
2026-04-01 18:14:08,449 - basicLogger - INFO - Received penalty batch event with trace id c98f49ce-6dfe-452e-9fc4-e2810782d938
2026-04-01 18:14:08,458 - basicLogger - INFO - Received shot batch event with trace id 3d05445b-a1f4-4901-b209-ecea2c12c064
2026-04-01 18:14:08,467 - basicLogger - INFO - Received penalty batch event with trace id 99c7f907-478e-4654-b6c3-eabe89923c23
2026-04-01 18:14:08,476 - basicLogger - INFO - Received shot batch event with trace id bc593654-7be3-490b-9096-f2688183a3b3
2026-04-01 18:14:08,483 - basicLogger - INFO - Received penalty batch event with trace id f7062dcd-d1f7-4033-8e1a-b63f37303cf7
2026-04-01 18:14:08,492 - basicLogger - INFO - Received shot batch event with trace id aeb163df-c1e7-4c3b-9d2b-cd4dd8d319da
2026-04-01 18:14:08,499 - basicLogger - INFO - Received penalty batch event with trace id 158fa45d-0a18-4d67-8836-9dfa619b83a2
2026-04-01 18:14:08,507 - basicLogger - INFO - Received shot batch event with trace id 79b31744-4f59-4531-9cb4-36eb3c1442b3
2026-04-01 18:14:08,514 - basicLogger - INFO - Received penalty batch event with trace id 9e9167ec-8059-438e-84b7-d1fbb7d42677
2026-04-01 18:14:08,523 - basicLogger - INFO - Received shot batch event with trace id dcfc0e55-cd10-4b6b-8521-fe3683b34f13
2026-04-01 18:14:08,531 - basicLogger - INFO - Received penalty batch event with trace id 780afcdb-39ca-42f5-8137-36e9a804d818
2026-04-01 18:14:08,540 - basicLogger - INFO - Received shot batch event with trace id 125d42db-5928-40c1-ac2a-102950934e11
2026-04-01 18:14:08,547 - basicLogger - INFO - Received penalty batch event with trace id 6fb76595-3ab4-4be3-b006-72ccbcd8b8f2
2026-04-01 18:14:08,577 - basicLogger - INFO - Received shot batch event with trace id 55c9c9cf-bbe4-46a6-b73a-2305c0388c0a
2026-04-01 18:14:08,586 - basicLogger - INFO - Received penalty batch event with trace id b0413bcc-8852-4765-a134-8cf308eca5de
2026-04-01 18:14:08,596 - basicLogger - INFO - Received shot batch event with trace id dca2b0d0-75b7-445b-81da-b585fb9fe2d2
2026-04-01 18:14:08,608 - basicLogger - INFO - Received penalty batch event with trace id 89e5ec63-236e-43ca-8990-363c4e8181ef
2026-04-01 18:14:08,618 - basicLogger - INFO - Received shot batch event with trace id 2d3042c7-570d-4712-b732-71e4be2ec3f7
2026-04-01 18:14:08,630 - basicLogger - INFO - Received penalty batch event with trace id 125c6570-e010-4826-a8a8-ad7456eef1f3
2026-04-01 18:14:08,641 - basicLogger - INFO - Received shot batch event with trace id 421491b5-feb5-46a5-b57c-2f12cbb0560d
2026-04-01 18:14:08,652 - basicLogger - INFO - Received penalty batch event with trace id f94d02e7-0c28-4a67-a077-bed715963fd6
2026-04-01 18:14:08,664 - basicLogger - INFO - Received shot batch event with trace id 220908e3-6d3d-4572-9346-9b807bd457e1
2026-04-01 18:14:08,674 - basicLogger - INFO - Received penalty batch event with trace id 900d23d7-271e-4a1f-b3f9-8b8c3faf0894
2026-04-01 18:14:08,682 - basicLogger - INFO - Received shot batch event with trace id 33cc360f-c423-4d1f-9d49-6c421f175689
2026-04-01 18:14:08,691 - basicLogger - INFO - Received penalty batch event with trace id cee815f1-9732-4995-bfe2-73ae46474517
2026-04-01 18:14:08,699 - basicLogger - INFO - Received shot batch event with trace id 7d4a107c-b5bf-4672-ab0e-40436d154c61
2026-04-01 18:14:08,715 - basicLogger - INFO - Received penalty batch event with trace id 368d179d-125c-434f-9e21-51afb7619f29
2026-04-01 18:14:08,725 - basicLogger - INFO - Received shot batch event with trace id 8cfef830-3d7e-471a-83cf-827e43008e02
2026-04-01 18:14:08,735 - basicLogger - INFO - Received penalty batch event with trace id 998680bb-50f4-4b20-b5c3-2e42eb2ae3d0
2026-04-01 18:14:08,744 - basicLogger - INFO - Received shot batch event with trace id 060509fb-9a71-4fd4-b377-c1dd67359707
2026-04-01 18:14:08,754 - basicLogger - INFO - Received penalty batch event with trace id d020beef-71c4-4d92-ac44-6a69338203b2
2026-04-01 18:14:08,763 - basicLogger - INFO - Received shot batch event with trace id aadb2d1a-3f79-4895-be17-46a0c5e4effc
2026-04-01 18:14:08,776 - basicLogger - INFO - Received shot batch event with trace id 55cb0e94-1e54-474b-adc1-9c9a49283bbc
2026-04-01 18:14:08,776 - basicLogger - INFO - Received penalty batch event with trace id 14d8b687-5858-457d-82a9-c0307c039817
2026-04-01 18:14:08,784 - basicLogger - INFO - Received penalty batch event with trace id e8aebe42-40c9-44da-8eac-67d45b56fd1a
2026-04-01 18:14:08,795 - basicLogger - INFO - Received shot batch event with trace id d350bf7f-9e31-4a0a-af32-177f2609673f
2026-04-01 18:14:08,804 - basicLogger - INFO - Received penalty batch event with trace id c8b6e6a8-5858-40bf-b8c0-8dabf8a3bd62
2026-04-01 18:14:08,814 - basicLogger - INFO - Received shot batch event with trace id 10d25d08-9fa3-4dfe-b0c0-e325a9c13cfb
2026-04-01 18:14:08,821 - basicLogger - INFO - Received penalty batch event with trace id 51cb872a-4cb7-47b2-bdff-6beb724bc78a
2026-04-01 18:14:08,829 - basicLogger - INFO - Received shot batch event with trace id 72dd71ec-6cdb-4f4f-b4e9-60540165b76d
2026-04-01 18:14:08,836 - basicLogger - INFO - Received penalty batch event with trace id 49143ac8-de56-47f3-a2fb-7c46e421574f
2026-04-01 18:14:08,843 - basicLogger - INFO - Received shot batch event with trace id dea2ad05-7219-4bdc-9e6e-b54b3f0b1802
2026-04-01 18:14:08,850 - basicLogger - INFO - Received penalty batch event with trace id f7640205-9b0a-4104-a55b-c7d1978ff55c
2026-04-01 18:14:08,857 - basicLogger - INFO - Received shot batch event with trace id 2ac185fb-50ab-48d1-94fe-567c004f4447
2026-04-01 18:14:08,863 - basicLogger - INFO - Received penalty batch event with trace id 11ed43a7-623b-4432-b521-c2f2dc3edf2f
2026-04-01 18:14:08,869 - basicLogger - INFO - Received shot batch event with trace id e3bcea42-c0f9-4cf5-92b0-7ab8689bb4d1
2026-04-01 18:14:08,876 - basicLogger - INFO - Received penalty batch event with trace id 13f00731-ce06-4b55-986a-c29c3f005e70
2026-04-01 18:14:08,882 - basicLogger - INFO - Received shot batch event with trace id 173c9763-2968-443c-ad7a-b8de4061bdc6
2026-04-01 18:14:08,889 - basicLogger - INFO - Received penalty batch event with trace id 5fcb0b05-68be-436b-8aee-93cecbbfcc15
2026-04-01 18:14:08,895 - basicLogger - INFO - Received shot batch event with trace id a781175e-8ae0-4eb0-96e3-73d93efcda12
2026-04-01 18:14:08,917 - basicLogger - INFO - Received penalty batch event with trace id e172e6c9-e10b-480a-8677-594c53caaa97
2026-04-01 18:14:08,925 - basicLogger - INFO - Received shot batch event with trace id d8bd2edf-2dfb-4f23-a312-d349ac3c1a42
2026-04-01 18:14:08,933 - basicLogger - INFO - Received penalty batch event with trace id 399162f4-841f-49ee-bef0-04de2ad9aad6
2026-04-01 18:14:08,976 - basicLogger - INFO - Received shot batch event with trace id afdb3578-db0d-41c8-bb88-ea386496d9a5
2026-04-01 18:14:08,987 - basicLogger - INFO - Received penalty batch event with trace id 874dda6a-df55-4679-8006-b997fdf9d40b
2026-04-01 18:14:08,997 - basicLogger - INFO - Received shot batch event with trace id 9d640e06-930d-4a4d-8d27-a3835a516e01
2026-04-01 18:14:09,007 - basicLogger - INFO - Received penalty batch event with trace id 001e7374-f4bd-4d25-b5cd-88004de91ec2
2026-04-01 18:14:09,016 - basicLogger - INFO - Received shot batch event with trace id 267bb133-e4ac-4ae7-b02a-e4958c93ccc7
2026-04-01 18:14:09,025 - basicLogger - INFO - Received penalty batch event with trace id 444d0f18-08f2-42b7-bf02-0a6ceed9f51a
2026-04-01 18:14:09,031 - basicLogger - INFO - Received shot batch event with trace id 6a1070cd-ae18-49f6-af77-845c9cf42801
2026-04-01 18:14:09,038 - basicLogger - INFO - Received penalty batch event with trace id 7c231eac-0a48-43e3-ad53-322fe15e8f8c
2026-04-01 18:14:09,045 - basicLogger - INFO - Received shot batch event with trace id f6435e57-a8ea-4f29-bf42-6ded74399557
2026-04-01 18:14:09,052 - basicLogger - INFO - Received penalty batch event with trace id ee80c03e-f130-4aea-a8bf-b4449d2edd37
2026-04-01 18:14:09,058 - basicLogger - INFO - Received shot batch event with trace id 8b8714fc-d831-4c5e-b2ae-eee391a9692d
2026-04-01 18:14:09,064 - basicLogger - INFO - Received penalty batch event with trace id 9b3dcf8e-22dd-467d-ad24-c72bff69f68e
2026-04-01 18:14:09,070 - basicLogger - INFO - Received shot batch event with trace id fac5a915-5792-427f-bc50-f03c1a54d1a6
2026-04-01 18:14:09,076 - basicLogger - INFO - Received penalty batch event with trace id 440cdc5b-8480-489a-b9fa-3d60638210ea
2026-04-01 18:14:09,081 - basicLogger - INFO - Received shot batch event with trace id df4689d0-eac8-4515-8552-fd3a82cc5f7e
2026-04-01 18:14:09,087 - basicLogger - INFO - Received penalty batch event with trace id 9b1d5e90-4572-4e25-81ee-a939a74a85c2
2026-04-01 18:14:09,093 - basicLogger - INFO - Received shot batch event with trace id b70f7af1-a970-495d-b34e-511b4fe75ca8
2026-04-01 18:14:09,098 - basicLogger - INFO - Received penalty batch event with trace id eedce56d-6b47-4d4f-ac65-82c6f6760d14
2026-04-01 18:14:09,103 - basicLogger - INFO - Received shot batch event with trace id 828b3611-fd44-4d58-a831-09cd6a9e4b25
2026-04-01 18:14:09,109 - basicLogger - INFO - Received penalty batch event with trace id 52a85d22-2f74-4d56-ba62-c5131887db3a
2026-04-01 18:14:15,766 - basicLogger - INFO - Received shot batch event with trace id d9719e7f-c325-42f3-a90e-3b10bab64d0f
2026-04-01 18:14:15,774 - basicLogger - INFO - Received penalty batch event with trace id 9fd8d8af-a41e-4863-af5f-1ca2163e6898
2026-04-01 18:14:15,778 - basicLogger - INFO - Received shot batch event with trace id c548aef2-1f44-4bcd-802e-c3c4c97d49ec
2026-04-01 18:14:15,784 - basicLogger - INFO - Received penalty batch event with trace id ace67207-ee8b-497e-aad1-6096b96347e4
2026-04-01 18:14:15,790 - basicLogger - INFO - Received shot batch event with trace id d80c367a-2fa0-4209-aeeb-572f4c54ed75
2026-04-01 18:14:15,796 - basicLogger - INFO - Received penalty batch event with trace id b8727b4e-c00d-4a1a-940d-9bef9ab700c2
2026-04-01 18:14:15,803 - basicLogger - INFO - Received shot batch event with trace id 6d3039a9-64b8-47df-964f-3b4dbc1bbe62
2026-04-01 18:14:15,809 - basicLogger - INFO - Received penalty batch event with trace id 9b4417e8-4afd-48e3-94e3-c92602bf8ccd
2026-04-01 18:14:15,816 - basicLogger - INFO - Received shot batch event with trace id f815bf3a-2b89-47df-a191-16960ab6a08f
2026-04-01 18:14:15,823 - basicLogger - INFO - Received penalty batch event with trace id 128957ac-18eb-4a03-ba7c-ee99c02b87bb
2026-04-01 18:14:15,828 - basicLogger - INFO - Received shot batch event with trace id 33811fe7-eac8-4606-9081-1eaba9dd3959
2026-04-01 18:14:15,835 - basicLogger - INFO - Received penalty batch event with trace id 38de62b8-20cf-4dda-8907-9025e4788102
2026-04-01 18:14:15,841 - basicLogger - INFO - Received shot batch event with trace id af664e87-87b6-4c99-873e-d0951de1c323
2026-04-01 18:14:15,849 - basicLogger - INFO - Received penalty batch event with trace id d16a198b-b808-45d0-b726-b9ab1906db58
2026-04-01 18:14:15,855 - basicLogger - INFO - Received shot batch event with trace id bfa1434e-085d-4145-92ac-470e7ca80e6c
2026-04-01 18:14:15,861 - basicLogger - INFO - Received penalty batch event with trace id 7031b1c6-ab8b-4d9e-9160-6d496e4ac67e
2026-04-01 18:14:15,867 - basicLogger - INFO - Received shot batch event with trace id 70fd2279-a14d-48f1-b69d-1eca3c9088d5
2026-04-01 18:14:15,874 - basicLogger - INFO - Received penalty batch event with trace id c53b8a11-9040-4398-a50d-2444e5aaf260
2026-04-01 18:14:15,883 - basicLogger - INFO - Received shot batch event with trace id 4feedb6a-4f66-48f2-be3e-5aa8926be56b
2026-04-01 18:14:15,889 - basicLogger - INFO - Received penalty batch event with trace id 9583528b-c2b1-4c8e-b8d0-06099b85289a
2026-04-01 18:14:15,969 - basicLogger - INFO - Received shot batch event with trace id a935b8fd-4fe1-4e1b-8d6a-238b5211a84c
2026-04-01 18:14:15,975 - basicLogger - INFO - Received penalty batch event with trace id 22c4a357-041a-4297-a211-8e70644a0e98
2026-04-01 18:14:15,980 - basicLogger - INFO - Received shot batch event with trace id 8479cca8-4835-4da0-99e5-70704448593d
2026-04-01 18:14:15,986 - basicLogger - INFO - Received penalty batch event with trace id a096df0d-8905-4e3a-91f6-75f2d21726dc
2026-04-01 18:14:15,991 - basicLogger - INFO - Received shot batch event with trace id 77061f58-375e-416d-905f-3df5f324cd85
2026-04-01 18:14:15,996 - basicLogger - INFO - Received penalty batch event with trace id 4690f0bc-8059-4e1c-b607-2752c1d2bb73
2026-04-01 18:14:16,001 - basicLogger - INFO - Received shot batch event with trace id 3208b7df-7098-43f4-92fa-7d87b7ed94e0
2026-04-01 18:14:16,007 - basicLogger - INFO - Received penalty batch event with trace id 12e19e4f-bd74-4c5d-8538-d2954e1000d6
2026-04-01 18:14:16,012 - basicLogger - INFO - Received shot batch event with trace id cb5e1848-bcbd-48ba-beca-e30e7149d922
2026-04-01 18:14:16,018 - basicLogger - INFO - Received penalty batch event with trace id 53e43d66-bc84-4268-a1a7-4135b94f9810
2026-04-01 18:14:16,026 - basicLogger - INFO - Received shot batch event with trace id fe1c233e-5cae-4557-a096-f0d881b2dbfd
2026-04-01 18:14:16,034 - basicLogger - INFO - Received penalty batch event with trace id c7514188-680d-4bfc-b45f-465ab503a771
2026-04-01 18:14:16,041 - basicLogger - INFO - Received shot batch event with trace id ada6afe7-71e9-4a95-b68b-a63345f92cc6
2026-04-01 18:14:16,047 - basicLogger - INFO - Received penalty batch event with trace id 90fa2f6d-00d8-4d7e-8367-ffa3aa8537ae
2026-04-01 18:14:16,052 - basicLogger - INFO - Received shot batch event with trace id 00431ed9-7b23-4895-ae60-4921937bcdab
2026-04-01 18:14:16,059 - basicLogger - INFO - Received penalty batch event with trace id 9e6f3285-2df8-4ace-ad41-29716addde60
2026-04-01 18:14:16,065 - basicLogger - INFO - Received shot batch event with trace id 65c26782-29c5-4e3c-9212-ab84d4ed0659
2026-04-01 18:14:16,070 - basicLogger - INFO - Received penalty batch event with trace id 805e15da-0399-4a59-8ac0-5ebe9d9188f6
2026-04-01 18:14:16,077 - basicLogger - INFO - Received shot batch event with trace id 943290b6-a38b-4539-87ad-3368623ab661
2026-04-01 18:14:16,083 - basicLogger - INFO - Received penalty batch event with trace id 5b2ebe5b-fe03-47d2-9f63-c6bf6ceb2449
2026-04-01 18:14:16,166 - basicLogger - INFO - Received shot batch event with trace id 5bd7b664-c39e-46ed-bd5c-b277fa0ffb91
2026-04-01 18:14:16,171 - basicLogger - INFO - Received penalty batch event with trace id 855b209e-8ff4-479f-8f28-6cbbc1d8e5a5
2026-04-01 18:14:16,176 - basicLogger - INFO - Received shot batch event with trace id 1e28beab-14af-4e04-91fa-735622580ef3
2026-04-01 18:14:16,180 - basicLogger - INFO - Received penalty batch event with trace id cedad8bc-5984-41a5-a926-9db3091b5f1b
2026-04-01 18:14:16,185 - basicLogger - INFO - Received shot batch event with trace id 9f69755e-bec1-44e1-919e-bba68a4c6bee
2026-04-01 18:14:16,190 - basicLogger - INFO - Received penalty batch event with trace id 375c6665-8839-4889-a069-ee149595a96f
2026-04-01 18:14:16,196 - basicLogger - INFO - Received shot batch event with trace id dfada645-01a7-4b0f-af04-16f60155cdbb
2026-04-01 18:14:16,200 - basicLogger - INFO - Received penalty batch event with trace id cf59b330-67b1-42f9-b687-902297473fe7
2026-04-01 18:14:16,208 - basicLogger - INFO - Received shot batch event with trace id 473ba253-ce7d-474d-8d2a-e7d13f3e0f05
2026-04-01 18:14:16,230 - basicLogger - INFO - Received penalty batch event with trace id fb0652b6-6d97-4f7e-bbbb-86d863cddbe7
2026-04-01 18:14:16,239 - basicLogger - INFO - Received shot batch event with trace id c7ca873b-d756-4b62-bb46-6864e79144c9
2026-04-01 18:14:16,246 - basicLogger - INFO - Received penalty batch event with trace id 80993859-4318-431e-a4c9-d5a42d1c742e
2026-04-01 18:14:16,253 - basicLogger - INFO - Received shot batch event with trace id 997cd3d3-dc08-4465-a2d3-83d7079f25ff
2026-04-01 18:14:16,260 - basicLogger - INFO - Received penalty batch event with trace id 99eb4443-9ea8-41c1-a6c3-4d435bfacc37
2026-04-01 18:14:16,280 - basicLogger - INFO - Received shot batch event with trace id 6b9246f1-179b-4b1a-9815-0b52e557ed3e
2026-04-01 18:14:16,288 - basicLogger - INFO - Received penalty batch event with trace id ce2752dc-9c28-463b-99d7-f46c0dac151c
2026-04-01 18:14:16,294 - basicLogger - INFO - Received shot batch event with trace id 91406a60-43d0-4efe-8c27-591656169ea0
2026-04-01 18:14:16,301 - basicLogger - INFO - Received penalty batch event with trace id 1fb51988-8a35-47f4-b595-7f41f90f1846
2026-04-01 18:14:16,306 - basicLogger - INFO - Received shot batch event with trace id 1bc72e10-f1f5-4592-9b31-02559b2cb586
2026-04-01 18:14:16,312 - basicLogger - INFO - Received penalty batch event with trace id 334506b2-f5de-43aa-8866-ae18a6d0f89f
2026-04-01 18:14:16,368 - basicLogger - INFO - Received shot batch event with trace id c0067236-4251-49de-9acb-a7c92c9a7313
2026-04-01 18:14:16,372 - basicLogger - INFO - Received penalty batch event with trace id 3d3d3639-7a90-42b7-b9b1-3e6117c90b37
2026-04-01 18:14:16,377 - basicLogger - INFO - Received shot batch event with trace id d871d847-0593-4b4c-ab74-7177be91e87f
2026-04-01 18:14:16,381 - basicLogger - INFO - Received penalty batch event with trace id b268a2d2-8acc-4663-85d3-65526b36ffa5
2026-04-01 18:14:16,386 - basicLogger - INFO - Received shot batch event with trace id 46eafc67-83ce-40bd-83d3-c7d63f5f973f
2026-04-01 18:14:16,391 - basicLogger - INFO - Received penalty batch event with trace id 3e1ffb60-7507-48cc-9ed9-23a4ba57a6cb
2026-04-01 18:14:16,396 - basicLogger - INFO - Received shot batch event with trace id d747f419-d782-4ac0-83a8-95dca2adf92c
2026-04-01 18:14:16,401 - basicLogger - INFO - Received penalty batch event with trace id 1c00abe9-e373-4e9f-a83b-76043c97d347
2026-04-01 18:14:16,406 - basicLogger - INFO - Received shot batch event with trace id dd23412e-fa74-410a-b5e2-a4b7bf2ca0aa
2026-04-01 18:14:16,411 - basicLogger - INFO - Received penalty batch event with trace id 02cc71d7-af6a-4a18-8e04-554fafe5e985
2026-04-01 18:14:16,417 - basicLogger - INFO - Received shot batch event with trace id 59da9377-34ae-4e1c-9a73-16d0c46a01d3
2026-04-01 18:14:16,423 - basicLogger - INFO - Received penalty batch event with trace id f37eadfc-77af-4bc8-b815-da5f5cab45b4
2026-04-01 18:14:16,427 - basicLogger - INFO - Received shot batch event with trace id 0f4cba82-d9d5-4033-8034-9b6e2982f11a
2026-04-01 18:14:16,433 - basicLogger - INFO - Received penalty batch event with trace id 3aa7887c-43e5-45ae-a33f-a62e839b2d2b
2026-04-01 18:14:16,440 - basicLogger - INFO - Received shot batch event with trace id 6b5dcc3d-55ce-420d-8ec1-7b63fbd279c2
2026-04-01 18:14:16,446 - basicLogger - INFO - Received penalty batch event with trace id 4644009a-e9a3-429b-a0a2-bf12e56db020
2026-04-01 18:14:16,452 - basicLogger - INFO - Received shot batch event with trace id 413402a6-8e22-4414-9152-51c68b93a670
2026-04-01 18:14:16,457 - basicLogger - INFO - Received penalty batch event with trace id 138c9e82-487b-47a6-ad74-48f6704649fc
2026-04-01 18:14:16,463 - basicLogger - INFO - Received shot batch event with trace id 21df74dc-cee8-4a04-8cec-58775d077d8a
2026-04-01 18:14:16,467 - basicLogger - INFO - Received penalty batch event with trace id 8cb08262-dd5d-4097-98df-6437a622d0d3
2026-04-01 18:14:16,568 - basicLogger - INFO - Received shot batch event with trace id dadb8d57-8e00-42a6-9eb4-de957a34cd1e
2026-04-01 18:14:16,573 - basicLogger - INFO - Received penalty batch event with trace id 0583316d-64d1-4f89-99b3-3f42914f2d53
2026-04-01 18:14:16,578 - basicLogger - INFO - Received shot batch event with trace id 8a19e92a-f2d6-44f2-a453-53fe8cbc6308
2026-04-01 18:14:16,582 - basicLogger - INFO - Received penalty batch event with trace id 29126486-61e9-47e3-950f-2b4be819072c
2026-04-01 18:14:16,587 - basicLogger - INFO - Received shot batch event with trace id 115127c7-ac51-4e2c-83ef-9b338e3e33a5
2026-04-01 18:14:16,591 - basicLogger - INFO - Received penalty batch event with trace id 2648c27b-ecb1-4d1b-a05c-77e0f3e8b96b
2026-04-01 18:14:16,596 - basicLogger - INFO - Received shot batch event with trace id 2fc3648c-9a9e-4c7c-8175-a4cf2aba580e
2026-04-01 18:14:16,600 - basicLogger - INFO - Received penalty batch event with trace id 47482648-a238-4b8a-a050-11a4f8e498f4
2026-04-01 18:14:16,605 - basicLogger - INFO - Received shot batch event with trace id 00bb1737-4b66-4b01-bf16-4d3b46ef6cf3
2026-04-01 18:14:16,610 - basicLogger - INFO - Received penalty batch event with trace id cca70a4d-5b23-49f3-b437-76a1531d65f9
2026-04-01 18:14:16,616 - basicLogger - INFO - Received shot batch event with trace id 870edb36-7456-4e0d-a9ea-f487ae6ad870
2026-04-01 18:14:16,623 - basicLogger - INFO - Received penalty batch event with trace id 98a2a765-0cf6-4769-a66b-eb9c221b250a
2026-04-01 18:14:16,628 - basicLogger - INFO - Received shot batch event with trace id ec31713d-ab6a-4a22-85c7-f71cc4dc002b
2026-04-01 18:14:16,632 - basicLogger - INFO - Received penalty batch event with trace id e1c263ac-bb2e-4fca-9f19-158a4e8d1aa0
2026-04-01 18:14:16,637 - basicLogger - INFO - Received shot batch event with trace id 29a46503-0c92-4bba-8722-f2e36756533c
2026-04-01 18:14:16,642 - basicLogger - INFO - Received penalty batch event with trace id 6d9825ee-8e13-412b-b15a-cc6da44bf244
2026-04-01 18:14:16,647 - basicLogger - INFO - Received shot batch event with trace id 301bb718-d413-4463-8f22-961b1a5cdf8d
2026-04-01 18:14:16,651 - basicLogger - INFO - Received penalty batch event with trace id 77a30cc8-a2f8-40ed-b3d5-16c933011e91
2026-04-01 18:14:16,657 - basicLogger - INFO - Received shot batch event with trace id 8700c56b-8122-449f-8b4a-82d239cf7471
2026-04-01 18:14:16,661 - basicLogger - INFO - Received penalty batch event with trace id cc25e74a-ff79-43fb-9577-92befef8ab07
2026-04-01 18:30:28,699 - basicLogger - INFO - Received shot batch event with trace id 62c6e1c8-e0c3-458e-8da8-cf1935ef93dd
2026-04-01 18:30:28,855 - basicLogger - INFO - Received penalty batch event with trace id c6b6ea62-1af0-461b-855f-3d5170f36cb5
2026-04-01 18:30:28,865 - basicLogger - INFO - Received shot batch event with trace id e398c43a-d28e-4b2e-9c6c-68836c1eeb9e
2026-04-01 18:30:28,873 - basicLogger - INFO - Received penalty batch event with trace id 48c5acf7-c1cf-4402-95e8-cbdca7b97dbb
2026-04-01 18:30:28,880 - basicLogger - INFO - Received shot batch event with trace id 892575f0-1c2e-4719-8043-46ec3268195c
2026-04-01 18:30:28,888 - basicLogger - INFO - Received shot batch event with trace id 842fed5d-a2a5-4f67-81d7-28dc83c0ea36
2026-04-01 18:30:28,892 - basicLogger - INFO - Received penalty batch event with trace id ee7aa6fd-1d69-4a3e-9c9c-51f8947af17e
2026-04-01 18:30:28,900 - basicLogger - INFO - Received penalty batch event with trace id 7b3a60b1-6577-4ccf-9639-dd5c708e71e0
2026-04-01 18:30:28,901 - basicLogger - INFO - Received shot batch event with trace id 5d4d5b47-cdd5-4a84-9f7a-14f60ef92cb1
2026-04-01 18:30:28,908 - basicLogger - INFO - Received shot batch event with trace id e2e04afb-e866-49cc-a1cf-bfa1cca35299
2026-04-01 18:30:28,909 - basicLogger - INFO - Received penalty batch event with trace id a7122f93-5b28-4684-b714-84deda1cde54
2026-04-01 18:30:28,914 - basicLogger - INFO - Received penalty batch event with trace id cf673214-ec1d-4b1a-866e-eb527e50cc8e
2026-04-01 18:30:28,915 - basicLogger - INFO - Received shot batch event with trace id a54b7f49-9182-47ba-be0a-e08a7ff606ee
2026-04-01 18:30:28,924 - basicLogger - INFO - Received shot batch event with trace id 4c85c8d6-793d-4d7f-9d63-db6ee92f03e9
2026-04-01 18:30:28,929 - basicLogger - INFO - Received penalty batch event with trace id b15890d6-f6ac-4bb3-8539-8fbb8f7447cf
2026-04-01 18:30:28,933 - basicLogger - INFO - Received penalty batch event with trace id d4e1b7ec-176b-48fb-9afe-13e89617868e
2026-04-01 18:30:28,939 - basicLogger - INFO - Received shot batch event with trace id d19c16cb-12b5-4af6-bdec-cf61a4f631a0
2026-04-01 18:30:28,941 - basicLogger - INFO - Received shot batch event with trace id d1cce838-6b84-4035-90b9-2d4932de96cc
2026-04-01 18:30:28,946 - basicLogger - INFO - Received penalty batch event with trace id fa2cba0d-f704-4a6f-aa45-6c8c23db73a4
2026-04-01 18:30:28,949 - basicLogger - INFO - Received penalty batch event with trace id 1a1b5092-11c9-401b-852d-8440bf50d62d
2026-04-01 18:30:28,953 - basicLogger - INFO - Received shot batch event with trace id 8a1c00a1-b9d0-4a00-9052-6d989d94f0a2
2026-04-01 18:30:28,957 - basicLogger - INFO - Received shot batch event with trace id 85e23a9c-1043-43f1-a8b0-503e0a0e1cc2
2026-04-01 18:30:28,960 - basicLogger - INFO - Received penalty batch event with trace id c1d9ee86-8284-43eb-9971-7e488f3ce676
2026-04-01 18:30:28,966 - basicLogger - INFO - Received penalty batch event with trace id 012b045d-8d52-42ad-94dd-7cceee2da855
2026-04-01 18:30:28,972 - basicLogger - INFO - Received shot batch event with trace id 84d277c8-4208-4c7e-9bb3-71a355249dcd
2026-04-01 18:30:28,975 - basicLogger - INFO - Received shot batch event with trace id 29760814-e8ca-45a2-9c4e-39966eb65796
2026-04-01 18:30:28,983 - basicLogger - INFO - Received penalty batch event with trace id 9ba6c5e6-311e-4a60-8df2-c99e4aedfb4d
2026-04-01 18:30:28,986 - basicLogger - INFO - Received penalty batch event with trace id aa8dc292-cc3d-4fae-a555-b251405cb51f
2026-04-01 18:30:28,998 - basicLogger - INFO - Received shot batch event with trace id 537b4452-376e-469e-aa01-cb7fbbaba80e
2026-04-01 18:30:28,999 - basicLogger - INFO - Received shot batch event with trace id 3718c955-23e3-4a9f-b361-69f762c43837
2026-04-01 18:30:29,008 - basicLogger - INFO - Received penalty batch event with trace id c1626289-f4db-490f-a59d-d5e197cf499b
2026-04-01 18:30:29,008 - basicLogger - INFO - Received penalty batch event with trace id 3ad4c521-9747-41fb-99d4-d7f6865cce9c
2026-04-01 18:30:29,016 - basicLogger - INFO - Received shot batch event with trace id 8bb42164-d307-4503-89e3-46d59ec14698
2026-04-01 18:30:29,018 - basicLogger - INFO - Received shot batch event with trace id dd21a0cc-1fd3-4f39-9445-5c5d8954835e
2026-04-01 18:30:29,027 - basicLogger - INFO - Received penalty batch event with trace id 58f61962-4320-46a0-93aa-24fe140e6486
2026-04-01 18:30:29,028 - basicLogger - INFO - Received penalty batch event with trace id 890dc8c5-cb8d-4c2c-8826-bcef85f0d65e
2026-04-01 18:30:29,034 - basicLogger - INFO - Received shot batch event with trace id 87393c19-3fc9-4b5b-b495-b29154761c80
2026-04-01 18:30:29,043 - basicLogger - INFO - Received penalty batch event with trace id 95f789b5-cf6b-46d7-bdf3-24d33503b437
2026-04-01 18:30:29,049 - basicLogger - INFO - Received shot batch event with trace id c7e92732-7f10-4900-81b1-1e241c6d7b2c
2026-04-01 18:30:29,055 - basicLogger - INFO - Received penalty batch event with trace id 3f99de07-831c-4594-8608-7ab76e9675fa
2026-04-01 18:30:29,090 - basicLogger - INFO - Received shot batch event with trace id 64ef8a6a-c629-4c70-8d33-71ef1feaa795
2026-04-01 18:30:29,097 - basicLogger - INFO - Received penalty batch event with trace id 9319a7d3-85b3-4ab2-8be9-64e3c65bb6e5
2026-04-01 18:30:29,104 - basicLogger - INFO - Received shot batch event with trace id 661ad190-1c1e-4d21-b064-bc7b290852d8
2026-04-01 18:30:29,112 - basicLogger - INFO - Received penalty batch event with trace id 80721492-e225-48b2-a779-a3d365a08a88
2026-04-01 18:30:29,117 - basicLogger - INFO - Received shot batch event with trace id 46123a70-0223-4820-a649-a72c18553171
2026-04-01 18:30:29,123 - basicLogger - INFO - Received penalty batch event with trace id 72e04c6e-28b3-4262-98ba-e599e596b6ee
2026-04-01 18:30:29,128 - basicLogger - INFO - Received shot batch event with trace id bcf6460b-c99b-4e20-ba60-221976a70e71
2026-04-01 18:30:29,133 - basicLogger - INFO - Received penalty batch event with trace id f095260b-7efb-454b-b9e4-e743c5f92d62
2026-04-01 18:30:29,140 - basicLogger - INFO - Received shot batch event with trace id d0d38a96-32a0-43a4-a8cf-582385014955
2026-04-01 18:30:29,148 - basicLogger - INFO - Received penalty batch event with trace id 2272600d-2ac6-40ee-aded-aacdee8bd7e0
2026-04-01 18:30:29,155 - basicLogger - INFO - Received shot batch event with trace id 101ebb21-f23a-4b6f-b517-181bbf061e15
2026-04-01 18:30:29,161 - basicLogger - INFO - Received penalty batch event with trace id bc1a7028-8157-4dbf-b226-480cf664533a
2026-04-01 18:30:29,168 - basicLogger - INFO - Received shot batch event with trace id ddb67640-3a88-4c51-86f5-835462bbe7ca
2026-04-01 18:30:29,174 - basicLogger - INFO - Received penalty batch event with trace id 8d000798-ebed-4b8e-8de8-2163e675ab33
2026-04-01 18:30:29,179 - basicLogger - INFO - Received shot batch event with trace id 04b662db-585b-41a3-ab0b-a0b1238b2010
2026-04-01 18:30:29,185 - basicLogger - INFO - Received penalty batch event with trace id abdf6c01-13d4-4a7e-acc6-a0309fdcca37
2026-04-01 18:30:29,190 - basicLogger - INFO - Received shot batch event with trace id c861610f-716e-42ab-9226-2c0a5c71b7bb
2026-04-01 18:30:29,195 - basicLogger - INFO - Received penalty batch event with trace id 81b415b1-1551-40f7-b9ad-a99e5bc1bc28
2026-04-01 18:30:29,200 - basicLogger - INFO - Received shot batch event with trace id 729dbe3b-d61c-4147-a98b-b6b3ab6a1918
2026-04-01 18:30:29,206 - basicLogger - INFO - Received penalty batch event with trace id d5828593-ad36-421b-a94f-e8613cbb7e45
2026-04-01 18:30:29,289 - basicLogger - INFO - Received shot batch event with trace id e66b48a9-743b-4f2c-8c42-13f5faf2b564
2026-04-01 18:30:29,296 - basicLogger - INFO - Received penalty batch event with trace id ac8482f0-ea96-4d19-9f36-740942ec7331
2026-04-01 18:30:29,304 - basicLogger - INFO - Received shot batch event with trace id 020eff35-e1bc-4da1-8ac4-6e2f149a3a28
2026-04-01 18:30:29,309 - basicLogger - INFO - Received penalty batch event with trace id 774d3a9b-0993-4189-8eaf-b8e802ab350b
2026-04-01 18:30:29,314 - basicLogger - INFO - Received shot batch event with trace id cdbc3146-667f-495a-8f8a-c382490243df
2026-04-01 18:30:29,319 - basicLogger - INFO - Received penalty batch event with trace id c16fe371-9c42-4773-8aec-3ff5aa648ef6
2026-04-01 18:30:29,323 - basicLogger - INFO - Received shot batch event with trace id 9da18fc1-5995-4ea5-be95-b8b7b643fb4c
2026-04-01 18:30:29,327 - basicLogger - INFO - Received penalty batch event with trace id 5f537e36-c3a7-416e-914b-862fbcdf58d9
2026-04-01 18:30:29,333 - basicLogger - INFO - Received shot batch event with trace id a3ad9d15-5cce-43b0-985f-9634c284ef84
2026-04-01 18:30:29,338 - basicLogger - INFO - Received penalty batch event with trace id 759893a9-d4ea-4d44-a261-dce530094237
2026-04-01 18:30:29,343 - basicLogger - INFO - Received shot batch event with trace id 8f559858-7ee6-4277-97b7-8b70e72fa468
2026-04-01 18:30:29,347 - basicLogger - INFO - Received penalty batch event with trace id a5b5d461-3aed-4cb1-a9ec-8e740fb2956c
2026-04-01 18:30:29,352 - basicLogger - INFO - Received shot batch event with trace id 3e1779e9-1530-4da0-9760-e12896a9ffc4
2026-04-01 18:30:29,357 - basicLogger - INFO - Received penalty batch event with trace id da4d3b10-02a1-49de-bd1a-3bff8d9e6eca
2026-04-01 18:30:29,361 - basicLogger - INFO - Received shot batch event with trace id 98da2adf-f139-47a8-8cb4-9d552207671b
2026-04-01 18:30:29,366 - basicLogger - INFO - Received penalty batch event with trace id 538e920d-18fd-4f79-a1dc-d5865ebd2839
2026-04-01 18:30:29,371 - basicLogger - INFO - Received shot batch event with trace id 20cc641e-722c-4018-b42a-5af47744a4d0
2026-04-01 18:30:29,377 - basicLogger - INFO - Received penalty batch event with trace id ce7528b4-abb8-4680-9440-30223c5b1681
2026-04-01 18:30:29,383 - basicLogger - INFO - Received shot batch event with trace id 4c2103a3-ddab-41fa-9fcd-c1c0059b211d
2026-04-01 18:30:29,387 - basicLogger - INFO - Received penalty batch event with trace id 4a482ea6-6d3b-4029-a0d2-7a104af20f4e
2026-04-01 18:30:29,490 - basicLogger - INFO - Received shot batch event with trace id 95fe6e8d-9313-4567-b72f-e820874f69be
2026-04-01 18:30:29,495 - basicLogger - INFO - Received penalty batch event with trace id 5d9befa6-e4af-4740-ab18-a0628b0b70b1
2026-04-01 18:30:29,500 - basicLogger - INFO - Received shot batch event with trace id bc9010f5-dfa9-40b5-a4b9-bb5bbc5e8beb
2026-04-01 18:30:29,506 - basicLogger - INFO - Received penalty batch event with trace id d6b76b33-2aeb-4e56-912d-670107781001
2026-04-01 18:30:29,512 - basicLogger - INFO - Received shot batch event with trace id 9668768a-baa8-4a9c-890d-6e064086334d
2026-04-01 18:30:29,518 - basicLogger - INFO - Received penalty batch event with trace id f6a35170-1e03-45bc-b368-946247cc1fc8
2026-04-01 18:30:29,524 - basicLogger - INFO - Received shot batch event with trace id a2942eee-f9f2-4155-b61a-b8afecb679e4
2026-04-01 18:30:29,528 - basicLogger - INFO - Received penalty batch event with trace id 31884f7e-8677-4e71-abda-a6080d6cbbf0
2026-04-01 18:30:29,533 - basicLogger - INFO - Received shot batch event with trace id f1e53c95-fefc-4222-addf-4e21bba45dfd
2026-04-01 18:30:29,538 - basicLogger - INFO - Received penalty batch event with trace id 337d101d-c826-4f9c-b5ef-abc01504ee13
2026-04-01 18:30:29,543 - basicLogger - INFO - Received shot batch event with trace id b945d82f-96e3-44f0-bba5-b6f0fcbfbe0b
2026-04-01 18:30:29,548 - basicLogger - INFO - Received penalty batch event with trace id 63b82292-b85a-4326-85b1-91c7d6bd44c7
2026-04-01 18:30:29,552 - basicLogger - INFO - Received shot batch event with trace id 66b2fbe1-027a-477b-b11e-7ab83d053f4d
2026-04-01 18:30:29,556 - basicLogger - INFO - Received penalty batch event with trace id 459fa947-0651-4c39-a6bd-d897390ab3f4
2026-04-01 18:30:29,560 - basicLogger - INFO - Received shot batch event with trace id b448e8a7-664b-4269-8e6e-ec89b9f65b75
2026-04-01 18:30:29,564 - basicLogger - INFO - Received penalty batch event with trace id f4dd5da0-6827-40bf-88b8-2e30415ebc60
2026-04-01 18:30:29,569 - basicLogger - INFO - Received shot batch event with trace id 2fcd7b08-2b93-4244-a107-0957e2fd1e1d
2026-04-01 18:30:29,573 - basicLogger - INFO - Received penalty batch event with trace id edbcd36d-bae4-4122-b0d9-660e89d55b36
2026-04-01 18:30:29,577 - basicLogger - INFO - Received shot batch event with trace id 352117a4-7fc8-4b25-97b6-b139dd7452f4
2026-04-01 18:30:29,582 - basicLogger - INFO - Received penalty batch event with trace id bfe7215d-85d6-4dfb-82ff-bd2f94a86130
2026-04-01 18:30:36,089 - basicLogger - INFO - Received shot batch event with trace id 2001bd3e-3eb1-406b-ab19-a00674f24074
2026-04-01 18:30:36,097 - basicLogger - INFO - Received penalty batch event with trace id 2fad63ed-7fee-4255-9072-b8407ecc63c8
2026-04-01 18:30:36,102 - basicLogger - INFO - Received shot batch event with trace id 73f63d9a-bb52-45d6-b751-40722ad1a4d5
2026-04-01 18:30:36,107 - basicLogger - INFO - Received penalty batch event with trace id a6c043d6-8f83-4f48-a1a8-670d176a28a7
2026-04-01 18:30:36,111 - basicLogger - INFO - Received shot batch event with trace id 3b85498b-7348-41ec-aad5-547ffbf462b4
2026-04-01 18:30:36,116 - basicLogger - INFO - Received penalty batch event with trace id 30df18a0-9257-47e5-87e9-4c4ba928b465
2026-04-01 18:30:36,120 - basicLogger - INFO - Received shot batch event with trace id 34263344-e08c-4168-b982-0b97854b170a
2026-04-01 18:30:36,124 - basicLogger - INFO - Received penalty batch event with trace id 977c1f24-f74e-406c-af12-92979149b0d6
2026-04-01 18:30:36,128 - basicLogger - INFO - Received shot batch event with trace id f4853a93-772d-40ad-b01f-a6ea7bbf5a8b
2026-04-01 18:30:36,132 - basicLogger - INFO - Received penalty batch event with trace id 80a76783-d3f2-4038-8bd6-cec87b433678
2026-04-01 18:30:36,136 - basicLogger - INFO - Received shot batch event with trace id 6f769e1c-dc38-4b2e-8808-b2119e517e96
2026-04-01 18:30:36,140 - basicLogger - INFO - Received penalty batch event with trace id cdc3b0c4-677a-48d2-be20-4be96c09abac
2026-04-01 18:30:36,144 - basicLogger - INFO - Received shot batch event with trace id 70252fb8-7271-4a4f-9276-aa173a3b24dc
2026-04-01 18:30:36,148 - basicLogger - INFO - Received penalty batch event with trace id 40d4a101-81aa-4296-a3a3-e415f49727e4
2026-04-01 18:30:36,153 - basicLogger - INFO - Received shot batch event with trace id 2e212f7e-ea25-42b9-82ca-6f9bb91f99e2
2026-04-01 18:30:36,156 - basicLogger - INFO - Received penalty batch event with trace id ba6a561a-c684-4c5d-ad9e-4ed0c6d0ca95
2026-04-01 18:30:36,160 - basicLogger - INFO - Received shot batch event with trace id 4cbc4ca6-f33e-4b45-a5c1-10214e4b538c
2026-04-01 18:30:36,165 - basicLogger - INFO - Received penalty batch event with trace id 2cb5dcce-b7f1-4c9f-b1b6-18c937794c1b
2026-04-01 18:30:36,170 - basicLogger - INFO - Received shot batch event with trace id f6554b4a-c1c3-4439-85db-b79fad8a080f
2026-04-01 18:30:36,173 - basicLogger - INFO - Received penalty batch event with trace id afc059c3-0e03-4c0c-9a45-81dfaa8e901b
2026-04-01 18:30:36,292 - basicLogger - INFO - Received shot batch event with trace id 59f6688d-d157-4706-999c-ae79c2fb0938
2026-04-01 18:30:36,297 - basicLogger - INFO - Received penalty batch event with trace id 459e7413-80c1-40ed-b1d4-a1beda619edf
2026-04-01 18:30:36,301 - basicLogger - INFO - Received shot batch event with trace id 21cf993f-fdf5-4236-92e8-b3048676a802
2026-04-01 18:30:36,305 - basicLogger - INFO - Received penalty batch event with trace id f188da79-0451-469c-b867-f85f59d5d8c0
2026-04-01 18:30:36,309 - basicLogger - INFO - Received shot batch event with trace id 473153ae-dcea-4508-a9cc-b2e4ef97f5d7
2026-04-01 18:30:36,313 - basicLogger - INFO - Received penalty batch event with trace id aef66976-620c-471b-9054-a481f4d150f0
2026-04-01 18:30:36,317 - basicLogger - INFO - Received shot batch event with trace id 00a0c6dc-810c-4fc8-93e1-23a375b82eca
2026-04-01 18:30:36,346 - basicLogger - INFO - Received penalty batch event with trace id 57620177-c4bc-48fb-bfa0-918820143e65
2026-04-01 18:30:36,351 - basicLogger - INFO - Received shot batch event with trace id fdcce423-c9c9-4201-9310-65e63110d743
2026-04-01 18:30:36,356 - basicLogger - INFO - Received penalty batch event with trace id 41869b0e-d5c8-4879-886a-7d6e07bdd323
2026-04-01 18:30:36,360 - basicLogger - INFO - Received shot batch event with trace id 7b6b43ea-dfe1-4f3a-a887-2619b1ad1a48
2026-04-01 18:30:36,364 - basicLogger - INFO - Received penalty batch event with trace id 3c14c63a-d5e6-40a5-885a-782dcf94c76a
2026-04-01 18:30:36,368 - basicLogger - INFO - Received shot batch event with trace id 585b194a-baf1-445d-9313-6dd115e04e9f
2026-04-01 18:30:36,372 - basicLogger - INFO - Received penalty batch event with trace id 10e00dde-c6f7-4a5f-8a5c-c3bb8e73472f
2026-04-01 18:30:36,376 - basicLogger - INFO - Received shot batch event with trace id 3c2714d8-89c0-4116-ad08-62dff361a3af
2026-04-01 18:30:36,380 - basicLogger - INFO - Received penalty batch event with trace id b28ae8ee-9878-4476-bf93-4327069bdfa4
2026-04-01 18:30:36,383 - basicLogger - INFO - Received shot batch event with trace id 160bafa2-f35d-4bc4-b3eb-d0a98e4d28f2
2026-04-01 18:30:36,387 - basicLogger - INFO - Received penalty batch event with trace id d85bda94-fb96-431d-b5b2-801ca5c47609
2026-04-01 18:30:36,391 - basicLogger - INFO - Received shot batch event with trace id 0a316b18-c276-446f-9264-e18956425885
2026-04-01 18:30:36,396 - basicLogger - INFO - Received penalty batch event with trace id 27add08a-8c33-4be3-9b8f-9e4316164e81
2026-04-01 18:30:36,487 - basicLogger - INFO - Received shot batch event with trace id b951cb5c-43d1-40a0-bdd8-0a06d95d46ca
2026-04-01 18:30:36,493 - basicLogger - INFO - Received penalty batch event with trace id 58c3e80d-e4ea-4a8a-be77-a646b020f886
2026-04-01 18:30:36,497 - basicLogger - INFO - Received shot batch event with trace id b8db0ae2-9194-4d8a-922b-b7adf273272c
2026-04-01 18:30:36,501 - basicLogger - INFO - Received penalty batch event with trace id 83c513c1-566c-4eb5-b2c4-42564f9e1f80
2026-04-01 18:30:36,505 - basicLogger - INFO - Received shot batch event with trace id 42b549da-1b64-42ca-b641-04dc5e9f941d
2026-04-01 18:30:36,509 - basicLogger - INFO - Received penalty batch event with trace id 01026de6-9c95-45d4-ad42-80a416679f19
2026-04-01 18:30:36,513 - basicLogger - INFO - Received shot batch event with trace id d4f67c39-4675-4fdb-a3a4-3a8c111b6890
2026-04-01 18:30:36,517 - basicLogger - INFO - Received penalty batch event with trace id cffe10ca-99cc-4136-bc84-dfb9a776b09b
2026-04-01 18:30:36,522 - basicLogger - INFO - Received shot batch event with trace id 544663bf-dc5a-4ea5-a509-669af447b793
2026-04-01 18:30:36,526 - basicLogger - INFO - Received penalty batch event with trace id 9dc180ab-8919-42e7-8d2c-45aa0814d4c5
2026-04-01 18:30:36,530 - basicLogger - INFO - Received shot batch event with trace id 9a68763c-f3df-4e17-973a-bf48b3afd0f2
2026-04-01 18:30:36,533 - basicLogger - INFO - Received penalty batch event with trace id 72bb316c-afc2-4675-a29f-1decc0db9670
2026-04-01 18:30:36,538 - basicLogger - INFO - Received shot batch event with trace id 13a6a112-c80b-4df1-a8e7-a3714af1dd52
2026-04-01 18:30:36,542 - basicLogger - INFO - Received penalty batch event with trace id cd892f5d-ec9b-4aa0-9908-6474ddec22df
2026-04-01 18:30:36,546 - basicLogger - INFO - Received shot batch event with trace id 5d6ed319-3344-4d60-b45a-8e45af611daf
2026-04-01 18:30:36,550 - basicLogger - INFO - Received penalty batch event with trace id 8627d3a9-05b8-4c5b-9dae-8f592514046d
2026-04-01 18:30:36,554 - basicLogger - INFO - Received shot batch event with trace id 3f578f32-5daf-4184-9c46-059032ede05b
2026-04-01 18:30:36,557 - basicLogger - INFO - Received penalty batch event with trace id 7955bbac-9ae0-41f0-9de9-d1bf4b5b75c6
2026-04-01 18:30:36,560 - basicLogger - INFO - Received shot batch event with trace id f02b66b0-d6e6-4a4c-9e71-a57f20248e40
2026-04-01 18:30:36,565 - basicLogger - INFO - Received penalty batch event with trace id 0c74bddb-b196-4d98-91af-2e1c270d8a2a
2026-04-01 18:30:36,689 - basicLogger - INFO - Received shot batch event with trace id 352ec2c3-ea6e-4775-8708-aeb6372de5ae
2026-04-01 18:30:36,694 - basicLogger - INFO - Received penalty batch event with trace id f0b1946e-4635-469e-b102-cc4afdf25b60
2026-04-01 18:30:36,699 - basicLogger - INFO - Received shot batch event with trace id 73ad760f-2aca-4588-9eec-6137c2b7473e
2026-04-01 18:30:36,703 - basicLogger - INFO - Received penalty batch event with trace id 727dbf94-0174-4b0f-bff3-bf25c156fcda
2026-04-01 18:30:36,708 - basicLogger - INFO - Received shot batch event with trace id 261cb172-4619-41b0-bad1-7842deb152e4
2026-04-01 18:30:36,712 - basicLogger - INFO - Received penalty batch event with trace id a3a230bf-ab57-47d2-9509-36d8928acb9d
2026-04-01 18:30:36,717 - basicLogger - INFO - Received shot batch event with trace id ca5d4cac-fb66-4e36-afd3-d3da55c32bfd
2026-04-01 18:30:36,722 - basicLogger - INFO - Received penalty batch event with trace id c1a72a80-7ec5-4bb3-bc13-6ddec93d379e
2026-04-01 18:30:36,726 - basicLogger - INFO - Received shot batch event with trace id e9a02c1b-32e2-4d82-b671-f2875355f0c6
2026-04-01 18:30:36,733 - basicLogger - INFO - Received penalty batch event with trace id 76b9688b-bd1d-43d8-8391-67b950ab6c13
2026-04-01 18:30:36,740 - basicLogger - INFO - Received shot batch event with trace id 332a4590-0fa9-4718-aa2f-cf2298c90494
2026-04-01 18:30:36,746 - basicLogger - INFO - Received penalty batch event with trace id 0d4d0daa-96c8-4933-ab05-d8ae1045da8f
2026-04-01 18:30:36,752 - basicLogger - INFO - Received shot batch event with trace id f274d122-e4da-4938-aa51-8887f96f6620
2026-04-01 18:30:36,759 - basicLogger - INFO - Received penalty batch event with trace id 5361b304-9b7c-4a2f-9d7b-304d45aefbdc
2026-04-01 18:30:36,763 - basicLogger - INFO - Received shot batch event with trace id e33b7272-2b23-4112-99d6-7559ac67e573
2026-04-01 18:30:36,767 - basicLogger - INFO - Received penalty batch event with trace id 6d0402b4-e279-42c6-b75e-f8fc7f9e8d50
2026-04-01 18:30:36,772 - basicLogger - INFO - Received shot batch event with trace id e85940fe-429b-45bc-9f78-04d688108a8f
2026-04-01 18:30:36,776 - basicLogger - INFO - Received penalty batch event with trace id 2b49c970-15b3-4dba-a3f1-4a387f30f2a5
2026-04-01 18:30:36,781 - basicLogger - INFO - Received shot batch event with trace id 26c9f302-afe0-4c92-8627-0fe3705069d0
2026-04-01 18:30:36,785 - basicLogger - INFO - Received penalty batch event with trace id 4459192c-9eb5-4472-94ca-77c0550398c0
2026-04-01 18:30:36,891 - basicLogger - INFO - Received shot batch event with trace id 141df647-7371-4812-92ee-305429ac1d25
2026-04-01 18:30:36,897 - basicLogger - INFO - Received penalty batch event with trace id 99b1a235-6695-4c12-8a0d-b5fc48c0a5f4
2026-04-01 18:30:36,902 - basicLogger - INFO - Received shot batch event with trace id 5d5d3b14-170a-4390-bb3a-74b3a09803a8
2026-04-01 18:30:36,907 - basicLogger - INFO - Received penalty batch event with trace id 48cc322f-53c2-4f5d-a38a-905f46332e29
2026-04-01 18:30:36,914 - basicLogger - INFO - Received shot batch event with trace id f4959b00-7425-4079-a705-43f1f0b031ea
2026-04-01 18:30:36,920 - basicLogger - INFO - Received penalty batch event with trace id 70e07d17-6742-44f2-8603-43a2136aa366
2026-04-01 18:30:36,925 - basicLogger - INFO - Received shot batch event with trace id 67bfb013-baeb-48da-85e5-a81a6fb90b00
2026-04-01 18:30:36,930 - basicLogger - INFO - Received penalty batch event with trace id 0e335119-c487-42cb-8826-fac285953d94
2026-04-01 18:30:36,937 - basicLogger - INFO - Received shot batch event with trace id 76351bfa-3756-4d58-8cc9-91c654279623
2026-04-01 18:30:36,948 - basicLogger - INFO - Received penalty batch event with trace id 3bdf321e-3071-4fbb-a31d-d03043b373b5
2026-04-01 18:30:36,955 - basicLogger - INFO - Received shot batch event with trace id 25995bdd-2e73-4621-8b6d-f47b0999a267
2026-04-01 18:30:36,962 - basicLogger - INFO - Received penalty batch event with trace id a9ac70a5-4a7b-4012-a2fc-a3021695fd02
2026-04-01 18:30:36,967 - basicLogger - INFO - Received shot batch event with trace id 943fbc0f-8965-4a26-b692-cd7de6633d48
2026-04-01 18:30:36,974 - basicLogger - INFO - Received penalty batch event with trace id 9b361ede-90a8-4a03-b11c-067918b48d8f
2026-04-01 18:30:36,981 - basicLogger - INFO - Received shot batch event with trace id 00b87b5a-10b4-4561-9779-59ece1f986df
2026-04-01 18:30:36,988 - basicLogger - INFO - Received penalty batch event with trace id 9bd81d0a-9dd0-4e6e-aa75-4d3db8a48607
2026-04-01 18:30:36,993 - basicLogger - INFO - Received shot batch event with trace id 685732ed-b921-49e0-a3b9-a9462c66b112
2026-04-01 18:30:37,000 - basicLogger - INFO - Received penalty batch event with trace id d38362a0-5329-475b-a288-7729e40d5b2a
2026-04-01 18:30:37,004 - basicLogger - INFO - Received shot batch event with trace id b1b4e8ac-cf14-4f54-81ab-6613e1615c47
2026-04-01 18:30:37,008 - basicLogger - INFO - Received penalty batch event with trace id 44a34269-ad1e-4c74-84f9-693c1a204da5
